#VRML V2.0 utf8
# 3D model generated by easyeda2kicad.py (https://github.com/uPesy/easyeda2kicad.py)

Shape{
    appearance Appearance {
        material  Material 	{
            diffuseColor 1.0 1.0 1.0
            specularColor 0.30196078431372547 0.30196078431372547 0.30196078431372547
            ambientIntensity 1.0
            transparency 0.0
            shininess 0.5
        }
    }
    geometry IndexedFaceSet {
        ccw TRUE
        solid FALSE
        coord DEF co Coordinate {
            point [
                2.4803 0.9449 0.5906, 2.4803 1.1417 0.5906, 2.3622 1.1417 0.5906, -0.1306 -0.181 0.5906, -0.0826 -0.181 0.5906, -0.1147 -0.1787 0.5906, -0.0979 -0.1718 0.5906, -0.1886 -0.1666 0.5906, -0.2004 -0.1541 0.5906, -0.2218 -0.181 0.5906, -0.1162 -0.0219 0.5906, -0.0979 -0.0268 0.5906, -0.0826 0.1669 0.5906, -0.0979 -0.048 0.5906, -0.0979 -0.1546 0.5906, -0.1157 -0.0404 0.5906, -0.1008 -0.1561 0.5906, -0.1348 -0.0379 0.5906, -0.1503 -0.0396 0.5906, -0.1505 -0.181 0.5906, -0.1607 -0.1799 0.5906, -0.1759 -0.1747 0.5906, -0.2128 -0.0818 0.5906, -0.2068 -0.064 0.5906, -0.2218 0.1669 0.5906, -0.1976 -0.0493 0.5906, -0.1833 -0.0356 0.5906, -0.1621 -0.0439 0.5906, -0.173 -0.0512 0.5906, -0.1825 -0.0617 0.5906, -0.194 -0.1029 0.5906, -0.1924 -0.12 0.5906, -0.1881 -0.1335 0.5906, -0.1531 -0.163 0.5906, -0.1384 -0.1646 0.5906, -0.1645 -0.1588 0.5906, -0.1742 -0.1522 0.5906, -0.1816 -0.1445 0.5906, -0.1175 -0.1623 0.5906, -0.189 -0.0738 0.5906, -0.1932 -0.0907 0.5906, -0.2088 -0.1391 0.5906, -0.2136 -0.1225 0.5906, -0.2151 -0.1042 0.5906, -0.1684 -0.027 0.5906, -0.1508 -0.0219 0.5906, -0.135 -0.0206 0.5906, -0.137 -0.1818 0.5906, -0.0826 -0.4724 0.5906, -0.2218 -0.4724 0.5906, -0.1413 -0.1819 0.5906, -2.3622 1.1417 0.5906, -2.4803 1.1417 0.5906, -2.4803 0.9449 0.5906, -2.6385 0.3689 0.5906, -2.3622 0.1669 0.5906, -2.6378 0.374 0.5906, -2.6378 0.5709 0.5906, -2.6385 0.576 0.5906, -2.8594 0.355 0.5906, -2.8642 0.357 0.5906, -3.1102 0.1669 0.5906, -2.8682 0.3601 0.5906, -3.1102 0.9449 0.5906, -2.8714 0.5807 0.5906, -2.8682 0.5848 0.5906, -2.8543 0.5906 0.5906, -2.8594 0.5899 0.5906, -2.8642 0.5879 0.5906, -2.6476 0.5879 0.5906, -2.6436 0.5848 0.5906, -2.6404 0.5807 0.5906, -2.6404 0.3642 0.5906, -2.6436 0.3601 0.5906, -2.6476 0.357 0.5906, -3.0512 0.9449 0.5906, -2.6575 0.5906 0.5906, -2.6524 0.5899 0.5906, -2.8714 0.3642 0.5906, -2.8733 0.3689 0.5906, -2.874 0.374 0.5906, -2.874 0.5709 0.5906, -2.8733 0.576 0.5906, -2.6524 0.355 0.5906, -2.6575 0.3543 0.5906, -2.8543 0.3543 0.5906, 2.8733 0.3689 0.5906, 2.8714 0.3642 0.5906, 3.3465 0.1669 0.5906, 2.8683 0.3601 0.5906, 2.8642 0.357 0.5906, 2.6524 0.355 0.5906, 2.6476 0.357 0.5906, 2.3622 0.1669 0.5906, 2.6436 0.3601 0.5906, 2.6404 0.3642 0.5906, 2.8594 0.355 0.5906, 2.8543 0.3543 0.5906, 2.6575 0.3543 0.5906, 2.6385 0.3689 0.5906, 2.6378 0.374 0.5906, 2.6378 0.5709 0.5906, 2.6385 0.576 0.5906, 2.6404 0.5807 0.5906, 2.6436 0.5848 0.5906, 2.6476 0.5879 0.5906, 2.6524 0.5899 0.5906, 2.6575 0.5906 0.5906, 3.0512 0.9449 0.5906, 2.8543 0.5906 0.5906, 2.8714 0.5807 0.5906, 2.8733 0.576 0.5906, 3.3465 0.9449 0.5906, 2.874 0.5709 0.5906, 2.874 0.374 0.5906, 2.8594 0.5899 0.5906, 2.8642 0.5879 0.5906, 2.8683 0.5848 0.5906, -3.3465 0.9449 0.5906, -3.3465 0.1669 0.5906, -0.5118 0.5709 0.5906, -0.5111 0.576 0.5906, -0.7874 1.1417 0.5906, -0.5092 0.5807 0.5906, -0.506 0.5848 0.5906, -0.5092 0.3642 0.5906, -0.7874 0.1669 0.5906, -0.506 0.3601 0.5906, -0.502 0.357 0.5906, -0.502 0.5879 0.5906, -0.4972 0.5899 0.5906, -0.4105 1.1417 0.5906, -0.4972 0.355 0.5906, -0.4105 0.1669 0.5906, -0.4921 0.3543 0.5906, -0.5111 0.3689 0.5906, -0.5118 0.374 0.5906, -0.2814 0.5848 0.5906, -0.2218 1.1417 0.5906, -0.2854 0.5879 0.5906, -0.2902 0.5899 0.5906, -0.4921 0.5906 0.5906, -0.4105 0.5906 0.5906, -0.2953 0.5906 0.5906, -0.2782 0.3642 0.5906, -0.2814 0.3601 0.5906, -0.2854 0.357 0.5906, -0.2902 0.355 0.5906, -0.2953 0.3543 0.5906, -0.4105 0.3543 0.5906, -0.2782 0.5807 0.5906, -0.2763 0.576 0.5906, -0.2756 0.5709 0.5906, -0.2756 0.374 0.5906, -0.2763 0.3689 0.5906, 0.2894 -0.1358 0.5906, 0.2309 -0.1358 0.5906, 0.3054 -0.18 0.5906, 0.2309 -0.181 0.5906, 0.3284 -0.18 0.5906, 0.7874 -0.181 0.5906, 0.2669 -0.0225 0.5906, 0.2244 -0.1358 0.5906, 0.2093 -0.18 0.5906, 0.1805 -0.181 0.5906, 0.1863 -0.18 0.5906, 0.1805 0.1669 0.5906, 0.2309 -0.0619 0.5906, 0.2309 0.1669 0.5906, 0.2458 -0.0225 0.5906, 0.7874 0.1669 0.5906, 2.0859 0.576 0.5906, 2.0866 0.5709 0.5906, 2.0866 0.374 0.5906, 2.0859 0.3689 0.5906, 1.5748 0.1669 0.5906, 1.853 0.3642 0.5906, 1.8511 0.3689 0.5906, 2.084 0.5807 0.5906, 2.084 0.3642 0.5906, 2.0808 0.3601 0.5906, 2.0768 0.357 0.5906, 1.865 0.355 0.5906, 1.8602 0.357 0.5906, 1.8562 0.3601 0.5906, 1.8511 0.576 0.5906, 1.5748 1.1417 0.5906, 1.8504 0.5709 0.5906, 1.8504 0.374 0.5906, 2.072 0.5899 0.5906, 2.0768 0.5879 0.5906, 2.0808 0.5848 0.5906, 2.072 0.355 0.5906, 2.0669 0.3543 0.5906, 1.8701 0.3543 0.5906, 1.853 0.5807 0.5906, 1.8562 0.5848 0.5906, 1.8602 0.5879 0.5906, 1.865 0.5899 0.5906, 1.8701 0.5906 0.5906, 2.0669 0.5906 0.5906, 1.2985 0.3689 0.5906, 1.2992 0.374 0.5906, 1.2992 0.5709 0.5906, 1.2985 0.576 0.5906, 1.2966 0.5807 0.5906, 1.0776 0.355 0.5906, 1.0728 0.357 0.5906, 1.2846 0.5899 0.5906, 1.2894 0.5879 0.5906, 1.2934 0.5848 0.5906, 1.2966 0.3642 0.5906, 1.2934 0.3601 0.5906, 1.2894 0.357 0.5906, 1.0688 0.3601 0.5906, 1.0656 0.3642 0.5906, 1.0637 0.3689 0.5906, 1.0656 0.5807 0.5906, 1.0688 0.5848 0.5906, 0.7874 1.1417 0.5906, 1.0728 0.5879 0.5906, 1.063 0.374 0.5906, 1.063 0.5709 0.5906, 1.0637 0.576 0.5906, 1.0776 0.5899 0.5906, 1.0827 0.5906 0.5906, 1.2795 0.5906 0.5906, 1.2846 0.355 0.5906, 1.2795 0.3543 0.5906, 1.0827 0.3543 0.5906, 0.5092 0.5807 0.5906, 0.5111 0.576 0.5906, 0.5118 0.374 0.5906, 0.5111 0.3689 0.5906, 0.5118 0.5709 0.5906, 0.2763 0.576 0.5906, 0.2782 0.5807 0.5906, 0.2309 1.1417 0.5906, 0.2814 0.5848 0.5906, 0.2854 0.5879 0.5906, 0.4972 0.5899 0.5906, 0.502 0.5879 0.5906, 0.506 0.5848 0.5906, 0.5092 0.3642 0.5906, 0.506 0.3601 0.5906, 0.502 0.357 0.5906, 0.2902 0.355 0.5906, 0.2854 0.357 0.5906, 0.2814 0.3601 0.5906, 0.2782 0.3642 0.5906, 0.2902 0.5899 0.5906, 0.2953 0.5906 0.5906, 0.4921 0.5906 0.5906, 0.2763 0.3689 0.5906, 0.2756 0.374 0.5906, 0.2756 0.5709 0.5906, 0.4972 0.355 0.5906, 0.4921 0.3543 0.5906, 0.2953 0.3543 0.5906, -0.0826 1.1417 0.5906, 0.0326 0.1669 0.5906, 0.0326 1.1417 0.5906, 0.1805 1.1417 0.5906, -1.0637 0.3689 0.5906, -1.063 0.374 0.5906, -1.063 0.5709 0.5906, -1.2992 0.5709 0.5906, -1.2985 0.576 0.5906, -1.5748 1.1417 0.5906, -1.2966 0.5807 0.5906, -1.2934 0.5848 0.5906, -1.2894 0.5879 0.5906, -1.0776 0.5899 0.5906, -1.0728 0.5879 0.5906, -1.0637 0.576 0.5906, -1.2846 0.355 0.5906, -1.2894 0.357 0.5906, -1.5748 0.1669 0.5906, -1.2934 0.3601 0.5906, -1.2966 0.3642 0.5906, -1.0688 0.5848 0.5906, -1.0656 0.5807 0.5906, -1.0656 0.3642 0.5906, -1.0688 0.3601 0.5906, -1.0728 0.357 0.5906, -1.2985 0.3689 0.5906, -1.2992 0.374 0.5906, -1.2846 0.5899 0.5906, -1.2795 0.5906 0.5906, -1.0827 0.5906 0.5906, -1.0776 0.355 0.5906, -1.0827 0.3543 0.5906, -1.2795 0.3543 0.5906, -1.8511 0.3689 0.5906, -1.8504 0.374 0.5906, -1.8504 0.5709 0.5906, -2.072 0.355 0.5906, -2.0768 0.357 0.5906, -2.0768 0.5879 0.5906, -2.0808 0.5848 0.5906, -2.084 0.5807 0.5906, -1.865 0.5899 0.5906, -1.8602 0.5879 0.5906, -1.8511 0.576 0.5906, -2.0808 0.3601 0.5906, -2.084 0.3642 0.5906, -2.0859 0.3689 0.5906, -1.8562 0.5848 0.5906, -1.853 0.5807 0.5906, -1.853 0.3642 0.5906, -1.8562 0.3601 0.5906, -1.8602 0.357 0.5906, -2.0866 0.374 0.5906, -2.0866 0.5709 0.5906, -2.0859 0.576 0.5906, -2.072 0.5899 0.5906, -2.0669 0.5906 0.5906, -1.8701 0.5906 0.5906, -1.865 0.355 0.5906, -1.8701 0.3543 0.5906, -2.0669 0.3543 0.5906, 1.5748 -0.181 0.5906, 2.3622 -0.181 0.5906, 3.3465 -0.181 0.5906, 0.1669 -0.1368 0.5906, 0.1579 -0.1509 0.5906, 0.1449 -0.1633 0.5906, 0.1285 -0.1729 0.5906, 0.1336 -0.0314 0.5906, 0.1508 -0.0429 0.5906, 0.0326 -0.181 0.5906, 0.048 -0.0225 0.5906, 0.0925 -0.0225 0.5906, 0.1152 -0.025 0.5906, 0.1509 -0.0431 0.5906, 0.1621 -0.0554 0.5906, 0.1694 -0.0689 0.5906, 0.1103 -0.1783 0.5906, 0.0908 -0.18 0.5906, 0.048 -0.18 0.5906, 0.1736 -0.0845 0.5906, 0.1748 -0.0993 0.5906, 0.1726 -0.1204 0.5906, 0.0134 -0.0225 0.5906, -0.0672 -0.0225 0.5906, 0.0134 -0.0398 0.5906, 0.0173 -0.1627 0.5906, 0.0173 -0.18 0.5906, -0.0672 -0.18 0.5906, -0.0461 -0.1089 0.5906, -0.0461 -0.1627 0.5906, 0.0096 -0.1089 0.5906, 0.0096 -0.0917 0.5906, -0.0461 -0.0917 0.5906, -0.0461 -0.0398 0.5906, -0.2285 -0.1627 0.5906, -0.2285 -0.18 0.5906, -0.3092 -0.18 0.5906, -0.4105 -0.181 0.5906, -0.2881 -0.1627 0.5906, -0.2881 -0.0225 0.5906, -0.3092 -0.0225 0.5906, -0.7874 -0.181 0.5906, -1.5748 -0.181 0.5906, -2.3622 -0.181 0.5906, -3.1102 -0.181 0.5906, -3.3465 -0.181 0.5906, 0.0326 -0.4724 0.5906, 0.1805 -0.4724 0.5906, 0.2309 -0.4724 0.5906, 0.7874 -0.4724 0.5906, 1.5748 -0.4724 0.5906, 2.3622 -0.4724 0.5906, 3.3465 -0.4724 0.5906, -0.4105 -0.4724 0.5906, -0.7874 -0.4724 0.5906, -1.5748 -0.4724 0.5906, -2.3622 -0.4724 0.5906, -3.1102 -0.4724 0.5906, -3.3465 -0.4724 0.5906, 2.4606 1.1417 0.0, 2.4606 -0.6693 0.0, 2.2638 1.1417 0.0, 2.2638 -0.6693 0.0, 1.4764 -0.6693 0.0, 1.4764 1.1417 0.0, 1.6732 -0.6693 0.0, 1.6732 1.1417 0.0, 0.689 -0.6693 0.0, 0.689 1.1417 0.0, 0.8858 -0.6693 0.0, 0.8858 1.1417 0.0, -0.0984 -0.6693 0.0, -0.0984 1.1417 0.0, 0.0984 -0.6693 0.0, 0.0984 1.1417 0.0, -0.8858 -0.6693 0.0, -0.8858 1.1417 0.0, -0.689 -0.6693 0.0, -0.689 1.1417 0.0, -1.6732 -0.6693 0.0, -1.6732 1.1417 0.0, -1.4764 -0.6693 0.0, -1.4764 1.1417 0.0, -2.4606 -0.6693 0.0, -2.4606 1.1417 0.0, -2.2638 -0.6693 0.0, -2.2638 1.1417 0.0, 3.3465 1.1417 0.0, 3.5433 1.1417 0.0, 3.3465 0.9449 0.0, 3.5433 -0.6693 0.0, 3.0512 0.9449 0.0, 3.0512 -0.6693 0.0, -3.5433 0.6693 2.3622, -3.5433 1.1417 2.3622, -3.5433 0.6693 1.4961, -3.5433 1.1417 0.0, -3.5433 0.2756 1.4961, -3.5433 -0.6693 0.0, -3.5433 0.2756 2.3622, -3.5433 -0.6693 2.3622, 3.5433 1.1417 2.3622, 3.5433 0.6693 2.3622, 3.5433 0.6693 1.4961, 3.5433 0.2756 2.3622, 3.5433 -0.6693 2.3622, 3.5433 0.2756 1.4961, 3.4456 0.6693 2.3622, 3.4456 1.044 2.3622, 2.4803 1.044 2.3622, 2.4803 1.1417 2.3622, -2.4803 1.044 2.3622, -2.4803 1.1417 2.3622, -3.4456 1.044 2.3622, -3.4456 0.6693 2.3622, -3.4456 0.2756 2.3622, -3.4456 -0.5715 2.3622, 3.4456 -0.5715 2.3622, 3.4456 0.2756 2.3622, 3.3465 0.9449 1.6535, 3.3465 1.1417 1.6535, 3.3465 -0.4724 2.2441, 3.3465 0.2756 2.2441, 3.3465 0.2756 1.4961, 3.3465 0.6693 1.4961, 3.3465 0.6693 2.2441, 3.3465 0.9449 2.2441, -3.3465 0.9449 2.2441, -3.3465 0.6693 2.2441, -3.3465 0.9449 1.6535, -3.3465 0.6693 1.4961, -3.3465 1.1417 1.6535, -3.3465 1.1417 0.0, -3.3465 0.9449 0.0, -3.3465 0.2756 1.4961, -3.3465 -0.4724 2.2441, -3.3465 0.2756 2.2441, 2.4606 1.1417 0.0787, 2.2638 1.1417 0.0787, 1.6732 1.1417 0.0787, 3.0512 1.1417 0.0787, 3.0512 1.1417 1.6535, 1.4764 1.1417 0.0787, 0.8858 1.1417 0.0787, 0.689 1.1417 0.0787, 0.0984 1.1417 0.0787, -0.0984 1.1417 0.0787, -0.689 1.1417 0.0787, -1.4764 1.1417 0.0787, -0.8858 1.1417 0.0787, -2.2638 1.1417 0.0787, -2.4606 1.1417 0.0787, -3.0512 1.1417 1.6535, -1.6732 1.1417 0.0787, -3.0512 1.1417 0.0787, -3.0512 0.9449 0.0, -3.0512 -0.6693 0.0, 3.0512 0.9449 1.6535, 2.4803 0.9449 2.2441, -3.0512 0.9449 1.6535, -2.4803 0.9449 2.2441, 1.4764 -0.6693 0.0787, -2.4606 -0.6693 0.0787, -3.0512 -0.6693 0.0787, 2.2638 -0.6693 0.0787, 2.4606 -0.6693 0.0787, -2.2638 -0.6693 0.0787, -1.6732 -0.6693 0.0787, -1.4764 -0.6693 0.0787, -0.8858 -0.6693 0.0787, -0.689 -0.6693 0.0787, -0.0984 -0.6693 0.0787, 0.0984 -0.6693 0.0787, 0.689 -0.6693 0.0787, 1.6732 -0.6693 0.0787, 0.8858 -0.6693 0.0787, 3.0512 -0.6693 0.0787, -3.0512 0.9449 0.0787, 3.0512 0.9449 0.0787, 2.6385 0.3689 0.0787, 2.6404 0.3642 0.0787, 2.8543 0.5906 0.0787, 2.6575 0.5906 0.0787, 2.6524 0.5899 0.0787, 2.6476 0.5879 0.0787, 2.6436 0.5848 0.0787, 2.6404 0.5807 0.0787, 2.8733 0.576 0.0787, 2.8714 0.5807 0.0787, 2.8642 0.357 0.0787, 2.8683 0.3601 0.0787, 2.6575 0.3543 0.0787, 2.8543 0.3543 0.0787, 2.8594 0.355 0.0787, 2.874 0.5709 0.0787, 2.6385 0.576 0.0787, 2.6378 0.5709 0.0787, 2.6378 0.374 0.0787, 2.6436 0.3601 0.0787, 2.6476 0.357 0.0787, 2.6524 0.355 0.0787, 2.8714 0.3642 0.0787, 2.8733 0.3689 0.0787, 2.874 0.374 0.0787, 2.8683 0.5848 0.0787, 2.8642 0.5879 0.0787, 2.8594 0.5899 0.0787
            ]
        }
        coordIndex [
            0,1,2,-1,3,4,5,-1,5,4,6,-1,7,8,9,-1,10,11,12,-1,12,11,13,-1,12,13,14,-1,14,13,15,-1,14,15,16,-1,16,15,17,-1,16,17,18,-1,19,20,9,-1,9,20,21,-1,9,21,7,-1,22,23,24,-1,24,23,25,-1,24,25,26,-1,18,27,16,-1,16,27,28,-1,16,28,29,-1,30,31,16,-1,16,31,32,-1,33,34,35,-1,35,34,36,-1,32,37,16,-1,16,37,36,-1,16,36,38,-1,38,36,34,-1,29,39,16,-1,16,39,40,-1,16,40,30,-1,8,41,9,-1,9,41,42,-1,9,42,43,-1,26,44,24,-1,24,44,45,-1,24,45,12,-1,12,45,46,-1,12,46,10,-1,3,47,48,-1,48,47,49,-1,49,47,50,-1,49,50,19,-1,51,52,53,-1,54,55,56,-1,56,55,57,-1,51,53,55,-1,55,53,58,-1,55,58,57,-1,59,60,61,-1,61,60,62,-1,63,64,65,-1,66,53,67,-1,67,53,68,-1,69,70,53,-1,53,70,71,-1,53,71,58,-1,54,72,55,-1,55,72,73,-1,55,73,74,-1,68,53,65,-1,65,53,75,-1,65,75,63,-1,66,76,53,-1,53,76,77,-1,53,77,69,-1,62,78,61,-1,61,78,79,-1,61,79,80,-1,80,81,63,-1,63,81,82,-1,63,82,64,-1,74,83,55,-1,55,83,84,-1,55,84,61,-1,61,84,85,-1,61,85,59,-1,86,87,88,-1,88,87,89,-1,88,89,90,-1,91,92,93,-1,93,92,94,-1,93,94,95,-1,90,96,88,-1,88,96,97,-1,88,97,93,-1,93,97,98,-1,93,98,91,-1,95,99,93,-1,93,99,100,-1,93,100,101,-1,102,103,0,-1,0,103,104,-1,0,104,105,-1,105,106,0,-1,0,106,107,-1,0,107,108,-1,108,107,109,-1,110,111,112,-1,112,111,113,-1,112,113,88,-1,88,113,114,-1,88,114,86,-1,109,115,108,-1,108,115,116,-1,108,116,112,-1,112,116,117,-1,112,117,110,-1,80,63,61,-1,61,63,118,-1,61,118,119,-1,120,121,122,-1,122,121,123,-1,122,123,124,-1,125,126,127,-1,127,126,128,-1,124,129,122,-1,122,129,130,-1,122,130,131,-1,128,126,132,-1,132,126,133,-1,132,133,134,-1,125,135,126,-1,126,135,136,-1,126,136,120,-1,137,138,139,-1,139,138,140,-1,130,141,131,-1,131,141,142,-1,131,142,138,-1,138,142,143,-1,138,143,140,-1,144,145,24,-1,24,145,146,-1,146,147,24,-1,24,147,148,-1,24,148,133,-1,133,148,149,-1,133,149,134,-1,137,150,138,-1,138,150,151,-1,138,151,152,-1,152,153,24,-1,24,153,154,-1,24,154,144,-1,155,156,157,-1,157,156,158,-1,157,158,159,-1,159,158,160,-1,159,160,161,-1,156,162,158,-1,158,162,163,-1,158,163,164,-1,164,163,165,-1,164,165,166,-1,166,165,167,-1,166,167,168,-1,168,167,169,-1,168,169,170,-1,170,169,161,-1,171,172,93,-1,93,172,173,-1,93,173,174,-1,175,176,177,-1,178,171,2,-1,2,171,93,-1,2,93,0,-1,0,93,101,-1,0,101,102,-1,174,179,93,-1,93,179,180,-1,93,180,181,-1,182,183,175,-1,175,183,184,-1,175,184,176,-1,185,186,187,-1,187,186,175,-1,187,175,188,-1,188,175,177,-1,189,190,2,-1,2,190,191,-1,2,191,178,-1,181,192,93,-1,93,192,193,-1,93,193,175,-1,175,193,194,-1,175,194,182,-1,185,195,186,-1,186,195,196,-1,186,196,197,-1,197,198,186,-1,186,198,199,-1,186,199,2,-1,2,199,200,-1,2,200,189,-1,201,175,202,-1,202,175,203,-1,203,175,204,-1,204,175,186,-1,204,186,205,-1,206,207,170,-1,208,209,186,-1,186,209,210,-1,186,210,205,-1,201,211,175,-1,175,211,212,-1,175,212,213,-1,207,214,170,-1,170,214,215,-1,170,215,216,-1,217,218,219,-1,219,218,220,-1,216,221,170,-1,170,221,222,-1,170,222,219,-1,219,222,223,-1,219,223,217,-1,220,224,219,-1,219,224,225,-1,219,225,186,-1,186,225,226,-1,186,226,208,-1,213,227,175,-1,175,227,228,-1,175,228,170,-1,170,228,229,-1,170,229,206,-1,230,231,219,-1,232,233,170,-1,219,231,170,-1,170,231,234,-1,170,234,232,-1,235,236,237,-1,237,236,238,-1,237,238,239,-1,240,241,219,-1,219,241,242,-1,219,242,230,-1,233,243,170,-1,170,243,244,-1,170,244,245,-1,246,247,168,-1,168,247,248,-1,168,248,249,-1,239,250,237,-1,237,250,251,-1,237,251,219,-1,219,251,252,-1,219,252,240,-1,249,253,168,-1,168,253,254,-1,168,254,255,-1,245,256,170,-1,170,256,257,-1,170,257,168,-1,168,257,258,-1,168,258,246,-1,152,24,138,-1,138,24,12,-1,138,12,259,-1,259,12,260,-1,259,260,261,-1,261,260,166,-1,261,166,262,-1,262,166,168,-1,262,168,237,-1,237,168,255,-1,237,255,235,-1,263,126,264,-1,264,126,265,-1,266,267,268,-1,267,269,268,-1,268,269,270,-1,268,270,271,-1,272,273,122,-1,120,122,126,-1,126,122,274,-1,126,274,265,-1,275,276,277,-1,277,276,278,-1,277,278,279,-1,273,280,122,-1,122,280,281,-1,122,281,274,-1,263,282,126,-1,126,282,283,-1,126,283,284,-1,279,285,277,-1,277,285,286,-1,277,286,266,-1,271,287,268,-1,268,287,288,-1,268,288,122,-1,122,288,289,-1,122,289,272,-1,284,290,126,-1,126,290,291,-1,126,291,277,-1,277,291,292,-1,277,292,275,-1,293,277,294,-1,294,277,295,-1,296,297,55,-1,298,51,299,-1,299,51,300,-1,301,302,268,-1,266,268,277,-1,277,268,303,-1,277,303,295,-1,297,304,55,-1,55,304,305,-1,55,305,306,-1,302,307,268,-1,268,307,308,-1,268,308,303,-1,293,309,277,-1,277,309,310,-1,277,310,311,-1,306,312,55,-1,55,312,313,-1,55,313,51,-1,51,313,314,-1,51,314,300,-1,298,315,51,-1,51,315,316,-1,51,316,268,-1,268,316,317,-1,268,317,301,-1,311,318,277,-1,277,318,319,-1,277,319,55,-1,55,319,320,-1,55,320,296,-1,161,160,170,-1,170,160,321,-1,170,321,175,-1,175,321,322,-1,175,322,93,-1,93,322,323,-1,93,323,88,-1,324,325,164,-1,164,325,326,-1,164,326,327,-1,166,328,329,-1,330,331,260,-1,260,331,332,-1,260,332,166,-1,166,332,333,-1,166,333,328,-1,329,334,166,-1,166,334,335,-1,166,335,336,-1,327,337,164,-1,164,337,338,-1,164,338,330,-1,330,338,339,-1,330,339,331,-1,336,340,166,-1,166,340,341,-1,166,341,164,-1,164,341,342,-1,164,342,324,-1,343,260,344,-1,344,260,12,-1,344,12,4,-1,4,12,14,-1,4,14,6,-1,343,345,260,-1,260,345,346,-1,260,346,330,-1,330,346,347,-1,330,347,4,-1,4,347,348,-1,4,348,344,-1,349,350,351,-1,351,350,346,-1,351,346,352,-1,352,346,345,-1,352,345,353,-1,353,345,354,-1,355,9,24,-1,24,9,43,-1,24,43,22,-1,355,356,9,-1,9,356,357,-1,9,357,358,-1,359,355,360,-1,360,355,24,-1,360,24,361,-1,361,24,133,-1,361,133,357,-1,357,133,358,-1,358,133,126,-1,358,126,362,-1,362,126,277,-1,362,277,363,-1,363,277,55,-1,363,55,364,-1,364,55,61,-1,364,61,365,-1,365,61,119,-1,365,119,366,-1,3,48,4,-1,4,48,367,-1,4,367,330,-1,330,367,368,-1,330,368,164,-1,164,368,369,-1,164,369,158,-1,158,369,370,-1,158,370,160,-1,160,370,371,-1,160,371,321,-1,321,371,372,-1,321,372,322,-1,322,372,373,-1,322,373,323,-1,19,9,49,-1,49,9,358,-1,49,358,374,-1,374,358,362,-1,374,362,375,-1,375,362,363,-1,375,363,376,-1,376,363,364,-1,376,364,377,-1,377,364,365,-1,377,365,378,-1,378,365,366,-1,378,366,379,-1,380,381,382,-1,382,381,383,-1,384,385,386,-1,386,385,387,-1,388,389,390,-1,390,389,391,-1,392,393,394,-1,394,393,395,-1,396,397,398,-1,398,397,399,-1,400,401,402,-1,402,401,403,-1,404,405,406,-1,406,405,407,-1,408,409,410,-1,410,409,411,-1,410,411,412,-1,412,411,413,-1,414,415,416,-1,416,415,417,-1,416,417,418,-1,418,417,419,-1,418,419,420,-1,420,419,421,-1,422,423,424,-1,425,426,427,-1,427,426,411,-1,427,411,424,-1,424,411,409,-1,424,409,422,-1,428,423,429,-1,429,423,422,-1,429,422,430,-1,430,422,431,-1,432,433,434,-1,434,433,415,-1,434,415,435,-1,435,415,414,-1,436,420,437,-1,437,420,421,-1,437,421,438,-1,438,421,426,-1,438,426,439,-1,439,426,425,-1,440,441,112,-1,112,441,408,-1,112,408,410,-1,442,443,373,-1,373,443,444,-1,373,444,445,-1,446,447,445,-1,445,447,440,-1,445,440,373,-1,373,440,112,-1,448,449,450,-1,450,449,451,-1,450,451,452,-1,452,451,453,-1,454,453,118,-1,118,453,451,-1,118,451,379,-1,379,451,455,-1,379,455,456,-1,456,455,457,-1,428,429,446,-1,446,429,447,-1,443,442,439,-1,439,442,438,-1,449,448,435,-1,435,448,434,-1,436,437,457,-1,457,437,456,-1,409,408,441,-1,380,382,458,-1,458,382,459,-1,460,219,459,-1,459,219,186,-1,459,186,458,-1,458,186,2,-1,458,2,461,-1,461,2,1,-1,461,1,462,-1,462,1,431,-1,462,431,441,-1,441,431,422,-1,441,422,409,-1,387,385,460,-1,460,385,463,-1,460,463,219,-1,219,463,237,-1,391,389,464,-1,464,389,465,-1,395,393,466,-1,466,393,467,-1,468,52,51,-1,469,52,470,-1,470,52,468,-1,470,468,397,-1,397,468,399,-1,259,261,466,-1,466,261,262,-1,466,262,465,-1,465,262,237,-1,465,237,464,-1,464,237,463,-1,51,268,468,-1,468,268,122,-1,468,122,467,-1,467,122,131,-1,467,131,466,-1,466,131,138,-1,466,138,259,-1,407,405,471,-1,471,405,472,-1,453,417,452,-1,452,417,415,-1,452,415,473,-1,473,415,433,-1,473,433,52,-1,403,401,469,-1,469,401,474,-1,469,474,52,-1,52,474,471,-1,52,471,473,-1,473,471,472,-1,473,472,475,-1,417,453,454,-1,476,477,454,-1,454,477,419,-1,454,419,417,-1,440,447,478,-1,478,447,479,-1,478,479,108,-1,108,479,0,-1,75,53,480,-1,480,53,481,-1,480,481,450,-1,450,481,448,-1,482,384,386,-1,483,421,484,-1,484,421,419,-1,484,419,477,-1,383,381,485,-1,485,381,486,-1,404,406,483,-1,483,406,487,-1,483,487,421,-1,421,487,488,-1,400,402,488,-1,488,402,489,-1,488,489,421,-1,421,489,490,-1,396,398,490,-1,490,398,491,-1,490,491,421,-1,421,491,492,-1,392,394,492,-1,492,394,493,-1,492,493,421,-1,421,493,494,-1,386,495,482,-1,482,495,421,-1,482,421,496,-1,496,421,494,-1,496,494,390,-1,390,494,388,-1,413,411,497,-1,497,411,426,-1,497,426,486,-1,486,426,421,-1,486,421,485,-1,485,421,495,-1,53,52,481,-1,481,52,433,-1,481,433,432,-1,1,0,431,-1,431,0,479,-1,431,479,430,-1,442,373,456,-1,456,373,379,-1,480,473,75,-1,75,473,475,-1,75,475,498,-1,480,450,473,-1,473,450,452,-1,454,118,476,-1,476,118,63,-1,476,63,498,-1,498,63,75,-1,440,478,441,-1,441,478,462,-1,462,478,461,-1,461,478,108,-1,461,108,499,-1,108,112,499,-1,499,112,410,-1,499,410,412,-1,447,429,479,-1,479,429,430,-1,456,437,442,-1,442,437,438,-1,434,448,432,-1,432,448,481,-1,416,451,414,-1,414,451,449,-1,414,449,435,-1,455,418,457,-1,457,418,420,-1,457,420,436,-1,416,418,451,-1,451,418,455,-1,427,424,444,-1,444,424,445,-1,445,424,446,-1,446,424,423,-1,446,423,428,-1,427,444,425,-1,425,444,443,-1,425,443,439,-1,497,499,413,-1,413,499,412,-1,458,486,380,-1,380,486,381,-1,500,501,486,-1,461,502,458,-1,458,502,503,-1,458,503,504,-1,504,505,458,-1,458,505,506,-1,458,506,507,-1,499,508,509,-1,497,510,511,-1,512,513,497,-1,497,513,514,-1,497,514,510,-1,508,499,515,-1,507,516,458,-1,458,516,517,-1,458,517,486,-1,486,517,518,-1,486,518,500,-1,501,519,486,-1,486,519,520,-1,486,520,497,-1,497,520,521,-1,497,521,512,-1,511,522,497,-1,497,522,523,-1,497,523,499,-1,499,523,524,-1,499,524,515,-1,509,525,499,-1,499,525,526,-1,499,526,461,-1,461,526,527,-1,461,527,502,-1,
        ]
    }
}
Shape{
    appearance Appearance {
        material  Material 	{
            diffuseColor 0.7686274509803922 0.7686274509803922 0.7686274509803922
            specularColor 0.615686274509804 0.615686274509804 0.615686274509804
            ambientIntensity 0.7686
            transparency 0.0
            shininess 0.5
        }
    }
    geometry IndexedFaceSet {
        ccw TRUE
        solid FALSE
        coord DEF co Coordinate {
            point [
                2.8318 0.5293 -1.378, 2.8318 0.4155 -1.378, 2.68 0.4155 -1.378, 2.8128 0.3965 -1.378, 2.699 0.3965 -1.378, 2.8312 0.4105 -1.378, 2.8202 0.398 -1.378, 2.8178 0.3972 -1.378, 2.6894 0.5458 -1.378, 2.6916 0.5469 -1.378, 2.6814 0.5367 -1.378, 2.68 0.5293 -1.378, 2.699 0.5484 -1.378, 2.8128 0.5484 -1.378, 2.694 0.3972 -1.378, 2.6814 0.4082 -1.378, 2.6806 0.4105 -1.378, 2.6916 0.398 -1.378, 2.6894 0.399 -1.378, 2.6825 0.4059 -1.378, 2.6806 0.5343 -1.378, 2.694 0.5477 -1.378, 2.8178 0.5477 -1.378, 2.8304 0.5367 -1.378, 2.8312 0.5343 -1.378, 2.8202 0.5469 -1.378, 2.8224 0.5458 -1.378, 2.8293 0.5389 -1.378, 2.8304 0.4082 -1.378, 2.8293 0.4059 -1.378, 2.8224 0.399 -1.378, 2.8279 0.4039 -1.378, 2.8245 0.4004 -1.378, 2.8263 0.402 -1.378, 2.6839 0.4039 -1.378, 2.6873 0.4004 -1.378, 2.6855 0.402 -1.378, 2.6825 0.5389 -1.378, 2.6839 0.541 -1.378, 2.6873 0.5445 -1.378, 2.6855 0.5429 -1.378, 2.8279 0.541 -1.378, 2.8245 0.5445 -1.378, 2.8263 0.5429 -1.378, 2.6575 0.3543 -1.2205, 2.8543 0.3543 -1.2205, 2.6575 0.3543 0.0787, 2.8543 0.3543 0.0787, 2.874 0.5709 0.0787, 2.874 0.374 0.0787, 2.874 0.5709 -1.2205, 2.874 0.374 -1.2205, 2.8543 0.5906 -1.2205, 2.6575 0.5906 -1.2205, 2.8543 0.5906 0.0787, 2.6575 0.5906 0.0787, 2.6378 0.374 0.0787, 2.6378 0.5709 0.0787, 2.6378 0.374 -1.2205, 2.6378 0.5709 -1.2205, 2.6378 0.374 1.8504, 2.6378 0.5709 1.8504, 2.6378 0.374 0.5906, 2.6378 0.5709 0.5906, 2.8543 0.5906 0.5906, 2.6575 0.5906 0.5906, 2.8543 0.5906 1.8504, 2.6575 0.5906 1.8504, 2.874 0.374 0.5906, 2.874 0.5709 0.5906, 2.874 0.374 1.8504, 2.874 0.5709 1.8504, 2.6575 0.3543 0.5906, 2.8543 0.3543 0.5906, 2.6575 0.3543 1.8504, 2.8543 0.3543 1.8504, 2.8318 0.4155 2.0079, 2.8318 0.5293 2.0079, 2.8128 0.5484 2.0079, 2.68 0.4155 2.0079, 2.699 0.3965 2.0079, 2.68 0.5293 2.0079, 2.699 0.5484 2.0079, 2.6894 0.399 2.0079, 2.6916 0.398 2.0079, 2.6814 0.4082 2.0079, 2.8128 0.3965 2.0079, 2.6806 0.4105 2.0079, 2.694 0.3972 2.0079, 2.8224 0.5458 2.0079, 2.8202 0.5469 2.0079, 2.8293 0.5389 2.0079, 2.8304 0.5367 2.0079, 2.8312 0.5343 2.0079, 2.8178 0.5477 2.0079, 2.694 0.5477 2.0079, 2.6814 0.5367 2.0079, 2.6806 0.5343 2.0079, 2.6916 0.5469 2.0079, 2.6894 0.5458 2.0079, 2.6825 0.5389 2.0079, 2.8178 0.3972 2.0079, 2.8202 0.398 2.0079, 2.8312 0.4105 2.0079, 2.8304 0.4082 2.0079, 2.6825 0.4059 2.0079, 2.6839 0.4039 2.0079, 2.6873 0.4004 2.0079, 2.6855 0.402 2.0079, 2.8245 0.5445 2.0079, 2.8279 0.541 2.0079, 2.8263 0.5429 2.0079, 2.6839 0.541 2.0079, 2.6873 0.5445 2.0079, 2.6855 0.5429 2.0079, 2.8293 0.4059 2.0079, 2.8224 0.399 2.0079, 2.8279 0.4039 2.0079, 2.8245 0.4004 2.0079, 2.8263 0.402 2.0079, 2.855 0.3543 1.8504, 2.6568 0.3543 1.8504, 2.874 0.5715 1.8504, 2.874 0.3734 1.8504, 2.6378 0.3734 1.8504, 2.6378 0.5715 1.8504, 2.6568 0.5905 1.8504, 2.855 0.5905 1.8504, 2.855 0.5905 -1.2205, 2.6568 0.5905 -1.2205, 2.6378 0.5715 -1.2205, 2.6378 0.3734 -1.2205, 2.874 0.3734 -1.2205, 2.874 0.5715 -1.2205, 2.6568 0.3543 -1.2205, 2.855 0.3543 -1.2205, 2.6524 0.3551 -1.221, 2.6524 0.355 0.0787, 2.652 0.3551 -1.221, 2.6476 0.357 0.0787, 2.6476 0.357 -1.2214, 2.6474 0.3571 -1.2214, 2.6436 0.3601 0.0787, 2.6436 0.3601 -1.2215, 2.6405 0.364 -1.2214, 2.6404 0.3642 0.0787, 2.6405 0.3642 -1.2214, 2.6386 0.3685 -1.221, 2.6385 0.3689 0.0787, 2.6385 0.3689 -1.221, 2.8594 0.5898 -1.221, 2.8594 0.5899 0.0787, 2.8598 0.5898 -1.221, 2.8642 0.5879 0.0787, 2.8642 0.5879 -1.2214, 2.8644 0.5878 -1.2214, 2.8683 0.5848 0.0787, 2.8683 0.5848 -1.2215, 2.8713 0.5809 -1.2214, 2.8714 0.5807 0.0787, 2.8714 0.5807 -1.2214, 2.8732 0.5764 -1.221, 2.8733 0.576 0.0787, 2.8733 0.576 -1.221, 2.6385 0.576 -1.221, 2.6385 0.576 0.0787, 2.6386 0.5764 -1.221, 2.6404 0.5807 0.0787, 2.6405 0.5807 -1.2214, 2.6405 0.5809 -1.2214, 2.6436 0.5848 0.0787, 2.6436 0.5848 -1.2215, 2.6474 0.5878 -1.2214, 2.6476 0.5879 0.0787, 2.6476 0.5879 -1.2214, 2.652 0.5898 -1.221, 2.6524 0.5899 0.0787, 2.6524 0.5898 -1.221, 2.6524 0.5898 1.8509, 2.6524 0.5899 0.5906, 2.652 0.5898 1.851, 2.6476 0.5879 0.5906, 2.6476 0.5879 1.8513, 2.6474 0.5878 1.8513, 2.6436 0.5848 0.5906, 2.6436 0.5848 1.8514, 2.6405 0.5809 1.8513, 2.6404 0.5807 0.5906, 2.6405 0.5807 1.8513, 2.6386 0.5764 1.851, 2.6385 0.576 0.5906, 2.6385 0.576 1.8509, 2.8733 0.576 1.8509, 2.8733 0.576 0.5906, 2.8732 0.5764 1.851, 2.8714 0.5807 0.5906, 2.8714 0.5807 1.8513, 2.8713 0.5809 1.8513, 2.8683 0.5848 0.5906, 2.8683 0.5848 1.8514, 2.8644 0.5878 1.8513, 2.8642 0.5879 0.5906, 2.8642 0.5879 1.8513, 2.8598 0.5898 1.851, 2.8594 0.5899 0.5906, 2.8594 0.5898 1.8509, 2.6385 0.3689 1.8509, 2.6385 0.3689 0.5906, 2.6386 0.3685 1.851, 2.6404 0.3642 0.5906, 2.6405 0.3642 1.8513, 2.6405 0.364 1.8513, 2.6436 0.3601 0.5906, 2.6436 0.3601 1.8514, 2.6474 0.3571 1.8513, 2.6476 0.357 0.5906, 2.6476 0.357 1.8513, 2.652 0.3551 1.851, 2.6524 0.355 0.5906, 2.6524 0.3551 1.8509, 2.8594 0.3551 1.8509, 2.8594 0.355 0.5906, 2.8598 0.3551 1.851, 2.8642 0.357 0.5906, 2.8642 0.357 1.8513, 2.8644 0.3571 1.8513, 2.8683 0.3601 0.5906, 2.8683 0.3601 1.8514, 2.8713 0.364 1.8513, 2.8714 0.3642 0.5906, 2.8714 0.3642 1.8513, 2.8732 0.3685 1.851, 2.8733 0.3689 0.5906, 2.8733 0.3689 1.8509, 2.8733 0.3689 -1.221, 2.8733 0.3689 0.0787, 2.8732 0.3685 -1.221, 2.8714 0.3642 0.0787, 2.8714 0.3642 -1.2214, 2.8713 0.364 -1.2214, 2.8683 0.3601 0.0787, 2.8683 0.3601 -1.2215, 2.8644 0.3571 -1.2214, 2.8642 0.357 0.0787, 2.8642 0.357 -1.2214, 2.8598 0.3551 -1.221, 2.8594 0.355 0.0787, 2.8594 0.3551 -1.221
            ]
        }
        coordIndex [
            0,1,2,-1,2,1,3,-1,2,3,4,-1,5,6,1,-1,1,6,7,-1,1,7,3,-1,8,9,10,-1,2,11,0,-1,0,11,12,-1,0,12,13,-1,14,15,4,-1,4,15,16,-1,4,16,2,-1,14,17,15,-1,15,17,18,-1,15,18,19,-1,11,20,12,-1,12,20,10,-1,12,10,21,-1,21,10,9,-1,22,23,13,-1,13,23,24,-1,13,24,0,-1,22,25,23,-1,23,25,26,-1,23,26,27,-1,5,28,6,-1,6,28,29,-1,6,29,30,-1,30,29,31,-1,30,31,32,-1,32,31,33,-1,19,18,34,-1,34,18,35,-1,34,35,36,-1,10,37,8,-1,8,37,38,-1,8,38,39,-1,39,38,40,-1,27,26,41,-1,41,26,42,-1,41,42,43,-1,44,45,46,-1,46,45,47,-1,48,49,50,-1,50,49,51,-1,52,53,54,-1,54,53,55,-1,56,57,58,-1,58,57,59,-1,60,61,62,-1,62,61,63,-1,64,65,66,-1,66,65,67,-1,68,69,70,-1,70,69,71,-1,72,73,74,-1,74,73,75,-1,76,77,78,-1,79,80,81,-1,81,80,82,-1,83,84,85,-1,82,80,78,-1,78,80,86,-1,78,86,76,-1,79,87,80,-1,80,87,85,-1,80,85,88,-1,88,85,84,-1,89,90,91,-1,91,90,92,-1,77,93,78,-1,78,93,92,-1,78,92,94,-1,94,92,90,-1,95,96,82,-1,82,96,97,-1,82,97,81,-1,95,98,96,-1,96,98,99,-1,96,99,100,-1,86,101,76,-1,76,101,102,-1,76,102,103,-1,103,102,104,-1,85,105,83,-1,83,105,106,-1,83,106,107,-1,107,106,108,-1,89,91,109,-1,109,91,110,-1,109,110,111,-1,100,99,112,-1,112,99,113,-1,112,113,114,-1,104,102,115,-1,115,102,116,-1,115,116,117,-1,117,116,118,-1,117,118,119,-1,75,120,86,-1,75,86,74,-1,74,86,80,-1,74,80,121,-1,71,122,77,-1,71,77,70,-1,70,77,76,-1,70,76,123,-1,60,124,79,-1,60,79,61,-1,61,79,81,-1,61,81,125,-1,67,126,82,-1,67,82,66,-1,66,82,78,-1,66,78,127,-1,52,128,13,-1,52,13,53,-1,53,13,12,-1,53,12,129,-1,59,130,11,-1,59,11,58,-1,58,11,2,-1,58,2,131,-1,51,132,1,-1,51,1,50,-1,50,1,0,-1,50,0,133,-1,44,134,4,-1,44,4,45,-1,45,4,3,-1,45,3,135,-1,134,44,46,-1,134,46,136,-1,136,46,137,-1,136,137,138,-1,138,137,139,-1,138,139,140,-1,140,139,141,-1,141,139,142,-1,141,142,143,-1,143,142,144,-1,144,142,145,-1,144,145,146,-1,146,145,147,-1,147,145,148,-1,147,148,149,-1,56,58,148,-1,148,58,131,-1,148,131,149,-1,35,18,141,-1,141,18,140,-1,140,18,17,-1,140,17,138,-1,138,17,14,-1,138,14,136,-1,136,14,4,-1,136,4,134,-1,35,141,36,-1,36,141,143,-1,36,143,34,-1,34,143,144,-1,34,144,19,-1,147,16,15,-1,19,144,15,-1,15,144,146,-1,15,146,147,-1,16,147,2,-1,2,147,149,-1,2,149,131,-1,128,52,54,-1,128,54,150,-1,150,54,151,-1,150,151,152,-1,152,151,153,-1,152,153,154,-1,154,153,155,-1,155,153,156,-1,155,156,157,-1,157,156,158,-1,158,156,159,-1,158,159,160,-1,160,159,161,-1,161,159,162,-1,161,162,163,-1,48,50,162,-1,162,50,133,-1,162,133,163,-1,163,133,0,-1,163,0,161,-1,0,24,161,-1,161,24,23,-1,161,23,160,-1,160,23,158,-1,23,27,158,-1,158,27,41,-1,158,41,157,-1,157,41,43,-1,157,43,155,-1,43,42,155,-1,155,42,26,-1,155,26,154,-1,154,26,25,-1,154,25,152,-1,152,25,22,-1,152,22,150,-1,150,22,13,-1,150,13,128,-1,130,59,57,-1,130,57,164,-1,164,57,165,-1,164,165,166,-1,166,165,167,-1,166,167,168,-1,168,167,169,-1,169,167,170,-1,169,170,171,-1,171,170,172,-1,172,170,173,-1,172,173,174,-1,174,173,175,-1,175,173,176,-1,175,176,177,-1,55,53,176,-1,176,53,129,-1,176,129,177,-1,38,37,169,-1,169,37,168,-1,168,37,10,-1,168,10,166,-1,166,10,20,-1,166,20,164,-1,164,20,11,-1,164,11,130,-1,38,169,40,-1,40,169,171,-1,40,171,39,-1,39,171,172,-1,39,172,8,-1,175,21,9,-1,8,172,9,-1,9,172,174,-1,9,174,175,-1,21,175,12,-1,12,175,177,-1,12,177,129,-1,126,67,65,-1,126,65,178,-1,178,65,179,-1,178,179,180,-1,180,179,181,-1,180,181,182,-1,182,181,183,-1,183,181,184,-1,183,184,185,-1,185,184,186,-1,186,184,187,-1,186,187,188,-1,188,187,189,-1,189,187,190,-1,189,190,191,-1,63,61,190,-1,190,61,125,-1,190,125,191,-1,113,99,183,-1,183,99,182,-1,182,99,98,-1,182,98,180,-1,180,98,95,-1,180,95,178,-1,178,95,82,-1,178,82,126,-1,113,183,114,-1,114,183,185,-1,114,185,112,-1,112,185,186,-1,112,186,100,-1,189,97,96,-1,100,186,96,-1,96,186,188,-1,96,188,189,-1,97,189,81,-1,81,189,191,-1,81,191,125,-1,122,71,69,-1,122,69,192,-1,192,69,193,-1,192,193,194,-1,194,193,195,-1,194,195,196,-1,196,195,197,-1,197,195,198,-1,197,198,199,-1,199,198,200,-1,200,198,201,-1,200,201,202,-1,202,201,203,-1,203,201,204,-1,203,204,205,-1,64,66,204,-1,204,66,127,-1,204,127,205,-1,205,127,78,-1,205,78,203,-1,78,94,203,-1,203,94,90,-1,203,90,202,-1,202,90,200,-1,90,89,200,-1,200,89,109,-1,200,109,199,-1,199,109,111,-1,199,111,197,-1,111,110,197,-1,197,110,91,-1,197,91,196,-1,196,91,92,-1,196,92,194,-1,194,92,93,-1,194,93,192,-1,192,93,77,-1,192,77,122,-1,124,60,62,-1,124,62,206,-1,206,62,207,-1,206,207,208,-1,208,207,209,-1,208,209,210,-1,210,209,211,-1,211,209,212,-1,211,212,213,-1,213,212,214,-1,214,212,215,-1,214,215,216,-1,216,215,217,-1,217,215,218,-1,217,218,219,-1,72,74,218,-1,218,74,121,-1,218,121,219,-1,106,105,211,-1,211,105,210,-1,210,105,85,-1,210,85,208,-1,208,85,87,-1,208,87,206,-1,206,87,79,-1,206,79,124,-1,106,211,108,-1,108,211,213,-1,108,213,107,-1,107,213,214,-1,107,214,83,-1,217,88,84,-1,83,214,84,-1,84,214,216,-1,84,216,217,-1,88,217,80,-1,80,217,219,-1,80,219,121,-1,120,75,73,-1,120,73,220,-1,220,73,221,-1,220,221,222,-1,222,221,223,-1,222,223,224,-1,224,223,225,-1,225,223,226,-1,225,226,227,-1,227,226,228,-1,228,226,229,-1,228,229,230,-1,230,229,231,-1,231,229,232,-1,231,232,233,-1,68,70,232,-1,232,70,123,-1,232,123,233,-1,233,123,76,-1,233,76,231,-1,76,103,231,-1,231,103,104,-1,231,104,230,-1,230,104,228,-1,104,115,228,-1,228,115,117,-1,228,117,227,-1,227,117,119,-1,227,119,225,-1,119,118,225,-1,225,118,116,-1,225,116,224,-1,224,116,102,-1,224,102,222,-1,222,102,101,-1,222,101,220,-1,220,101,86,-1,220,86,120,-1,132,51,49,-1,132,49,234,-1,234,49,235,-1,234,235,236,-1,236,235,237,-1,236,237,238,-1,238,237,239,-1,239,237,240,-1,239,240,241,-1,241,240,242,-1,242,240,243,-1,242,243,244,-1,244,243,245,-1,245,243,246,-1,245,246,247,-1,47,45,246,-1,246,45,135,-1,246,135,247,-1,247,135,3,-1,247,3,245,-1,3,7,245,-1,245,7,6,-1,245,6,244,-1,244,6,242,-1,6,30,242,-1,242,30,32,-1,242,32,241,-1,241,32,33,-1,241,33,239,-1,33,31,239,-1,239,31,29,-1,239,29,238,-1,238,29,28,-1,238,28,236,-1,236,28,5,-1,236,5,234,-1,234,5,1,-1,234,1,132,-1,
        ]
    }
}
Shape{
    appearance Appearance {
        material  Material 	{
            diffuseColor 1.0 1.0 1.0
            specularColor 0.30196078431372547 0.30196078431372547 0.30196078431372547
            ambientIntensity 1.0
            transparency 0.0
            shininess 0.5
        }
    }
    geometry IndexedFaceSet {
        ccw TRUE
        solid FALSE
        coord DEF co Coordinate {
            point [
                -3.0512 -0.6693 0.0, -3.0512 0.9449 0.0, -3.0512 -0.6693 0.0787, -3.0512 0.9449 0.0787, -2.4606 -0.6693 0.0787, -2.4606 1.1417 0.0787, -2.4606 -0.6693 0.0, -2.4606 1.1417 0.0, -2.6436 0.5848 0.0787, -2.6476 0.5879 0.0787, -2.8682 0.5848 0.0787, -2.8714 0.5807 0.0787, -2.8733 0.576 0.0787, -3.0512 1.1417 0.0787, -2.8594 0.5899 0.0787, -2.8642 0.5879 0.0787, -2.6524 0.5899 0.0787, -2.6575 0.5906 0.0787, -2.8543 0.5906 0.0787, -2.874 0.5709 0.0787, -2.874 0.374 0.0787, -2.8733 0.3689 0.0787, -2.8714 0.3642 0.0787, -2.6476 0.357 0.0787, -2.6436 0.3601 0.0787, -2.6378 0.5709 0.0787, -2.6385 0.576 0.0787, -2.6404 0.5807 0.0787, -2.6404 0.3642 0.0787, -2.6385 0.3689 0.0787, -2.6378 0.374 0.0787, -2.8543 0.3543 0.0787, -2.6575 0.3543 0.0787, -2.6524 0.355 0.0787, -2.8682 0.3601 0.0787, -2.8642 0.357 0.0787, -2.8594 0.355 0.0787, -1.6732 -0.6693 0.0787, -1.6732 1.1417 0.0787, -1.6732 -0.6693 0.0, -1.6732 1.1417 0.0, -2.2638 1.1417 0.0787, -2.2638 -0.6693 0.0787, -2.2638 1.1417 0.0, -2.2638 -0.6693 0.0, -1.8562 0.5848 0.0787, -1.8602 0.5879 0.0787, -2.0859 0.3689 0.0787, -2.084 0.3642 0.0787, -2.072 0.5899 0.0787, -2.0768 0.5879 0.0787, -2.0808 0.5848 0.0787, -2.084 0.5807 0.0787, -1.865 0.5899 0.0787, -1.8701 0.5906 0.0787, -2.0669 0.5906 0.0787, -1.8602 0.357 0.0787, -1.8562 0.3601 0.0787, -1.8504 0.5709 0.0787, -1.8511 0.576 0.0787, -1.853 0.5807 0.0787, -2.0859 0.576 0.0787, -2.0866 0.5709 0.0787, -2.0866 0.374 0.0787, -1.853 0.3642 0.0787, -1.8511 0.3689 0.0787, -1.8504 0.374 0.0787, -2.0669 0.3543 0.0787, -1.8701 0.3543 0.0787, -1.865 0.355 0.0787, -2.0808 0.3601 0.0787, -2.0768 0.357 0.0787, -2.072 0.355 0.0787, -0.8858 -0.6693 0.0787, -0.8858 1.1417 0.0787, -0.8858 -0.6693 0.0, -0.8858 1.1417 0.0, -1.4764 1.1417 0.0787, -1.4764 -0.6693 0.0787, -1.4764 1.1417 0.0, -1.4764 -0.6693 0.0, -1.0688 0.5848 0.0787, -1.0728 0.5879 0.0787, -1.2985 0.3689 0.0787, -1.2966 0.3642 0.0787, -1.2846 0.5899 0.0787, -1.2894 0.5879 0.0787, -1.2934 0.5848 0.0787, -1.2966 0.5807 0.0787, -1.0776 0.5899 0.0787, -1.0827 0.5906 0.0787, -1.2795 0.5906 0.0787, -1.0728 0.357 0.0787, -1.0688 0.3601 0.0787, -1.063 0.5709 0.0787, -1.0637 0.576 0.0787, -1.0656 0.5807 0.0787, -1.2985 0.576 0.0787, -1.2992 0.5709 0.0787, -1.2992 0.374 0.0787, -1.0656 0.3642 0.0787, -1.0637 0.3689 0.0787, -1.063 0.374 0.0787, -1.2795 0.3543 0.0787, -1.0827 0.3543 0.0787, -1.0776 0.355 0.0787, -1.2934 0.3601 0.0787, -1.2894 0.357 0.0787, -1.2846 0.355 0.0787, -0.0984 -0.6693 0.0787, -0.0984 1.1417 0.0787, -0.0984 -0.6693 0.0, -0.0984 1.1417 0.0, -0.689 1.1417 0.0787, -0.689 -0.6693 0.0787, -0.689 1.1417 0.0, -0.689 -0.6693 0.0, -0.5111 0.3689 0.0787, -0.5092 0.3642 0.0787, -0.4972 0.5899 0.0787, -0.502 0.5879 0.0787, -0.506 0.5848 0.0787, -0.5092 0.5807 0.0787, -0.2854 0.5879 0.0787, -0.2902 0.5899 0.0787, -0.2953 0.5906 0.0787, -0.4921 0.5906 0.0787, -0.2854 0.357 0.0787, -0.2814 0.3601 0.0787, -0.2782 0.3642 0.0787, -0.5111 0.576 0.0787, -0.5118 0.5709 0.0787, -0.5118 0.374 0.0787, -0.4921 0.3543 0.0787, -0.2953 0.3543 0.0787, -0.2902 0.355 0.0787, -0.2763 0.576 0.0787, -0.2782 0.5807 0.0787, -0.2814 0.5848 0.0787, -0.506 0.3601 0.0787, -0.502 0.357 0.0787, -0.4972 0.355 0.0787, -0.2763 0.3689 0.0787, -0.2756 0.374 0.0787, -0.2756 0.5709 0.0787, 0.689 -0.6693 0.0787, 0.689 1.1417 0.0787, 0.689 -0.6693 0.0, 0.689 1.1417 0.0, 0.0984 1.1417 0.0787, 0.0984 -0.6693 0.0787, 0.0984 1.1417 0.0, 0.0984 -0.6693 0.0, 0.506 0.3601 0.0787, 0.5092 0.3642 0.0787, 0.502 0.357 0.0787, 0.5111 0.576 0.0787, 0.5092 0.5807 0.0787, 0.506 0.5848 0.0787, 0.502 0.5879 0.0787, 0.4972 0.5899 0.0787, 0.4921 0.5906 0.0787, 0.2953 0.5906 0.0787, 0.2902 0.5899 0.0787, 0.2854 0.5879 0.0787, 0.2814 0.5848 0.0787, 0.2782 0.5807 0.0787, 0.5111 0.3689 0.0787, 0.5118 0.374 0.0787, 0.5118 0.5709 0.0787, 0.2902 0.355 0.0787, 0.2953 0.3543 0.0787, 0.2763 0.3689 0.0787, 0.2782 0.3642 0.0787, 0.2814 0.3601 0.0787, 0.2854 0.357 0.0787, 0.4921 0.3543 0.0787, 0.4972 0.355 0.0787, 0.2763 0.576 0.0787, 0.2756 0.5709 0.0787, 0.2756 0.374 0.0787, 1.4764 -0.6693 0.0787, 1.4764 1.1417 0.0787, 1.4764 -0.6693 0.0, 1.4764 1.1417 0.0, 0.8858 1.1417 0.0787, 0.8858 -0.6693 0.0787, 0.8858 1.1417 0.0, 0.8858 -0.6693 0.0, 1.2795 0.5906 0.0787, 1.0827 0.5906 0.0787, 1.0776 0.5899 0.0787, 1.0728 0.5879 0.0787, 1.0688 0.5848 0.0787, 1.0656 0.5807 0.0787, 1.2966 0.3642 0.0787, 1.2985 0.3689 0.0787, 1.2992 0.5709 0.0787, 1.2985 0.576 0.0787, 1.2966 0.5807 0.0787, 1.2934 0.5848 0.0787, 1.2894 0.5879 0.0787, 1.2846 0.5899 0.0787, 1.2992 0.374 0.0787, 1.0637 0.3689 0.0787, 1.0656 0.3642 0.0787, 1.0688 0.3601 0.0787, 1.0728 0.357 0.0787, 1.0776 0.355 0.0787, 1.0827 0.3543 0.0787, 1.2795 0.3543 0.0787, 1.2846 0.355 0.0787, 1.2894 0.357 0.0787, 1.2934 0.3601 0.0787, 1.0637 0.576 0.0787, 1.063 0.5709 0.0787, 1.063 0.374 0.0787, 2.2638 -0.6693 0.0787, 2.2638 1.1417 0.0787, 2.2638 -0.6693 0.0, 2.2638 1.1417 0.0, 1.6732 1.1417 0.0787, 1.6732 -0.6693 0.0787, 1.6732 1.1417 0.0, 1.6732 -0.6693 0.0, 1.865 0.5899 0.0787, 1.8602 0.5879 0.0787, 1.8562 0.5848 0.0787, 1.853 0.5807 0.0787, 2.072 0.355 0.0787, 2.0768 0.357 0.0787, 2.0808 0.3601 0.0787, 2.084 0.3642 0.0787, 2.0859 0.3689 0.0787, 2.0866 0.374 0.0787, 2.0866 0.5709 0.0787, 2.0859 0.576 0.0787, 2.084 0.5807 0.0787, 2.0808 0.5848 0.0787, 2.0669 0.5906 0.0787, 1.8701 0.5906 0.0787, 2.0768 0.5879 0.0787, 2.072 0.5899 0.0787, 1.8511 0.576 0.0787, 1.8504 0.5709 0.0787, 1.8504 0.374 0.0787, 1.8511 0.3689 0.0787, 1.853 0.3642 0.0787, 1.8562 0.3601 0.0787, 1.8602 0.357 0.0787, 1.865 0.355 0.0787, 1.8701 0.3543 0.0787, 2.0669 0.3543 0.0787
            ]
        }
        coordIndex [
            0,1,2,-1,2,1,3,-1,4,5,6,-1,6,5,7,-1,8,9,5,-1,10,11,3,-1,3,11,12,-1,13,14,3,-1,3,14,15,-1,3,15,10,-1,9,16,5,-1,5,16,17,-1,5,17,13,-1,13,17,18,-1,13,18,14,-1,12,19,3,-1,3,19,20,-1,3,20,2,-1,2,20,21,-1,2,21,22,-1,4,23,24,-1,25,26,5,-1,5,26,27,-1,5,27,8,-1,24,28,4,-1,4,28,29,-1,4,29,5,-1,5,29,30,-1,5,30,25,-1,31,32,4,-1,4,32,33,-1,4,33,23,-1,22,34,2,-1,2,34,35,-1,2,35,4,-1,4,35,36,-1,4,36,31,-1,37,38,39,-1,39,38,40,-1,41,42,43,-1,43,42,44,-1,45,46,38,-1,47,48,42,-1,49,50,41,-1,41,50,51,-1,41,51,52,-1,46,53,38,-1,38,53,54,-1,38,54,41,-1,41,54,55,-1,41,55,49,-1,37,56,57,-1,58,59,38,-1,38,59,60,-1,38,60,45,-1,52,61,41,-1,41,61,62,-1,41,62,42,-1,42,62,63,-1,42,63,47,-1,57,64,37,-1,37,64,65,-1,37,65,38,-1,38,65,66,-1,38,66,58,-1,67,68,37,-1,37,68,69,-1,37,69,56,-1,48,70,42,-1,42,70,71,-1,42,71,37,-1,37,71,72,-1,37,72,67,-1,73,74,75,-1,75,74,76,-1,77,78,79,-1,79,78,80,-1,81,82,74,-1,83,84,78,-1,85,86,77,-1,77,86,87,-1,77,87,88,-1,82,89,74,-1,74,89,90,-1,74,90,77,-1,77,90,91,-1,77,91,85,-1,73,92,93,-1,94,95,74,-1,74,95,96,-1,74,96,81,-1,88,97,77,-1,77,97,98,-1,77,98,78,-1,78,98,99,-1,78,99,83,-1,93,100,73,-1,73,100,101,-1,73,101,74,-1,74,101,102,-1,74,102,94,-1,103,104,73,-1,73,104,105,-1,73,105,92,-1,84,106,78,-1,78,106,107,-1,78,107,73,-1,73,107,108,-1,73,108,103,-1,109,110,111,-1,111,110,112,-1,113,114,115,-1,115,114,116,-1,117,118,114,-1,119,120,113,-1,113,120,121,-1,113,121,122,-1,123,124,110,-1,110,124,125,-1,110,125,113,-1,113,125,126,-1,113,126,119,-1,127,128,109,-1,109,128,129,-1,122,130,113,-1,113,130,131,-1,113,131,114,-1,114,131,132,-1,114,132,117,-1,133,134,109,-1,109,134,135,-1,109,135,127,-1,136,137,110,-1,110,137,138,-1,110,138,123,-1,118,139,114,-1,114,139,140,-1,114,140,109,-1,109,140,141,-1,109,141,133,-1,129,142,109,-1,109,142,143,-1,109,143,110,-1,110,143,144,-1,110,144,136,-1,145,146,147,-1,147,146,148,-1,149,150,151,-1,151,150,152,-1,145,153,154,-1,153,145,155,-1,156,157,146,-1,146,157,158,-1,146,158,159,-1,159,160,146,-1,146,160,161,-1,146,161,149,-1,149,161,162,-1,149,162,163,-1,163,164,149,-1,149,164,165,-1,149,165,166,-1,154,167,145,-1,145,167,168,-1,145,168,146,-1,146,168,169,-1,146,169,156,-1,170,171,145,-1,172,173,150,-1,150,173,174,-1,150,174,145,-1,145,174,175,-1,145,175,170,-1,171,176,145,-1,145,176,177,-1,145,177,155,-1,166,178,149,-1,149,178,179,-1,149,179,150,-1,150,179,180,-1,150,180,172,-1,181,182,183,-1,183,182,184,-1,185,186,187,-1,187,186,188,-1,182,189,185,-1,185,189,190,-1,185,190,191,-1,191,192,185,-1,185,192,193,-1,185,193,194,-1,181,195,196,-1,197,198,182,-1,182,198,199,-1,182,199,200,-1,200,201,182,-1,182,201,202,-1,182,202,189,-1,181,196,182,-1,182,196,203,-1,182,203,197,-1,204,205,186,-1,186,205,206,-1,186,206,181,-1,181,206,207,-1,181,207,208,-1,208,209,181,-1,181,209,210,-1,181,210,211,-1,211,212,181,-1,181,212,213,-1,181,213,195,-1,194,214,185,-1,185,214,215,-1,185,215,186,-1,186,215,216,-1,186,216,204,-1,217,218,219,-1,219,218,220,-1,221,222,223,-1,223,222,224,-1,225,226,221,-1,221,226,227,-1,221,227,228,-1,229,230,217,-1,217,230,231,-1,217,231,232,-1,232,233,217,-1,217,233,234,-1,217,234,218,-1,218,234,235,-1,235,236,218,-1,218,236,237,-1,218,237,238,-1,218,239,221,-1,221,239,240,-1,221,240,225,-1,238,241,218,-1,218,241,242,-1,218,242,239,-1,228,243,221,-1,221,243,244,-1,221,244,222,-1,222,244,245,-1,222,245,246,-1,246,247,222,-1,222,247,248,-1,222,248,217,-1,217,248,249,-1,217,249,250,-1,250,251,217,-1,217,251,252,-1,217,252,229,-1,
        ]
    }
}
Shape{
    appearance Appearance {
        material  Material 	{
            diffuseColor 0.7686274509803922 0.7686274509803922 0.7686274509803922
            specularColor 0.615686274509804 0.615686274509804 0.615686274509804
            ambientIntensity 0.7686
            transparency 0.0
            shininess 0.5
        }
    }
    geometry IndexedFaceSet {
        ccw TRUE
        solid FALSE
        coord DEF co Coordinate {
            point [
                1.8926 0.4155 -1.378, 1.8926 0.5293 -1.378, 2.0444 0.5293 -1.378, 1.9116 0.5484 -1.378, 2.0254 0.5484 -1.378, 2.0438 0.5343 -1.378, 2.0419 0.5389 -1.378, 2.043 0.5367 -1.378, 2.0328 0.5469 -1.378, 1.8932 0.5343 -1.378, 1.9042 0.5469 -1.378, 1.9066 0.5477 -1.378, 1.894 0.5367 -1.378, 1.8951 0.5389 -1.378, 1.902 0.5458 -1.378, 2.0444 0.4155 -1.378, 2.0254 0.3965 -1.378, 1.9116 0.3965 -1.378, 2.0304 0.5477 -1.378, 2.035 0.399 -1.378, 2.0328 0.398 -1.378, 2.0419 0.4059 -1.378, 2.043 0.4082 -1.378, 2.0438 0.4105 -1.378, 2.0304 0.3972 -1.378, 1.8951 0.4059 -1.378, 1.894 0.4082 -1.378, 1.9042 0.398 -1.378, 1.9066 0.3972 -1.378, 1.8932 0.4105 -1.378, 1.8999 0.5445 -1.378, 1.8965 0.541 -1.378, 1.8981 0.5429 -1.378, 2.035 0.5458 -1.378, 2.0371 0.5445 -1.378, 2.0405 0.541 -1.378, 2.0389 0.5429 -1.378, 2.0371 0.4004 -1.378, 2.0405 0.4039 -1.378, 2.0389 0.402 -1.378, 1.902 0.399 -1.378, 1.8999 0.4004 -1.378, 1.8965 0.4039 -1.378, 1.8981 0.402 -1.378, 1.8701 0.3543 -1.2205, 2.0669 0.3543 -1.2205, 1.8701 0.3543 0.0787, 2.0669 0.3543 0.0787, 2.0866 0.5709 0.0787, 2.0866 0.374 0.0787, 2.0866 0.5709 -1.2205, 2.0866 0.374 -1.2205, 2.0669 0.5906 -1.2205, 1.8701 0.5906 -1.2205, 2.0669 0.5906 0.0787, 1.8701 0.5906 0.0787, 1.8504 0.374 0.0787, 1.8504 0.5709 0.0787, 1.8504 0.374 -1.2205, 1.8504 0.5709 -1.2205, 1.8504 0.374 1.8504, 1.8504 0.5709 1.8504, 1.8504 0.374 0.5906, 1.8504 0.5709 0.5906, 2.0669 0.5906 0.5906, 1.8701 0.5906 0.5906, 2.0669 0.5906 1.8504, 1.8701 0.5906 1.8504, 2.0866 0.374 0.5906, 2.0866 0.5709 0.5906, 2.0866 0.374 1.8504, 2.0866 0.5709 1.8504, 1.8701 0.3543 0.5906, 2.0669 0.3543 0.5906, 1.8701 0.3543 1.8504, 2.0669 0.3543 1.8504, 1.8926 0.5293 2.0079, 1.8926 0.4155 2.0079, 2.0444 0.4155 2.0079, 1.9116 0.3965 2.0079, 2.0254 0.3965 2.0079, 1.902 0.399 2.0079, 1.9042 0.398 2.0079, 1.8951 0.4059 2.0079, 1.894 0.4082 2.0079, 1.8932 0.4105 2.0079, 1.9066 0.3972 2.0079, 2.035 0.5458 2.0079, 2.0328 0.5469 2.0079, 2.043 0.5367 2.0079, 2.0444 0.5293 2.0079, 2.0254 0.5484 2.0079, 1.9116 0.5484 2.0079, 2.0304 0.3972 2.0079, 2.043 0.4082 2.0079, 2.0438 0.4105 2.0079, 2.0328 0.398 2.0079, 2.035 0.399 2.0079, 2.0419 0.4059 2.0079, 2.0438 0.5343 2.0079, 2.0304 0.5477 2.0079, 1.8951 0.5389 2.0079, 1.894 0.5367 2.0079, 1.9042 0.5469 2.0079, 1.9066 0.5477 2.0079, 1.8932 0.5343 2.0079, 1.8999 0.4004 2.0079, 1.8965 0.4039 2.0079, 1.8981 0.402 2.0079, 2.0405 0.4039 2.0079, 2.0371 0.4004 2.0079, 2.0389 0.402 2.0079, 2.0419 0.5389 2.0079, 2.0405 0.541 2.0079, 2.0371 0.5445 2.0079, 2.0389 0.5429 2.0079, 1.902 0.5458 2.0079, 1.8999 0.5445 2.0079, 1.8965 0.541 2.0079, 1.8981 0.5429 2.0079, 1.1242 0.5484 -1.378, 1.1052 0.4155 -1.378, 1.1052 0.5293 -1.378, 1.2564 0.5343 -1.378, 1.257 0.5293 -1.378, 1.238 0.5484 -1.378, 1.257 0.4155 -1.378, 1.2476 0.399 -1.378, 1.2454 0.398 -1.378, 1.2556 0.4082 -1.378, 1.238 0.3965 -1.378, 1.1242 0.3965 -1.378, 1.2545 0.5389 -1.378, 1.2556 0.5367 -1.378, 1.2454 0.5469 -1.378, 1.2564 0.4105 -1.378, 1.243 0.3972 -1.378, 1.1077 0.4059 -1.378, 1.1066 0.4082 -1.378, 1.1168 0.398 -1.378, 1.1058 0.5343 -1.378, 1.1168 0.5469 -1.378, 1.1192 0.5477 -1.378, 1.1066 0.5367 -1.378, 1.1077 0.5389 -1.378, 1.1146 0.5458 -1.378, 1.1192 0.3972 -1.378, 1.1058 0.4105 -1.378, 1.243 0.5477 -1.378, 1.2545 0.4059 -1.378, 1.2531 0.4039 -1.378, 1.2497 0.4004 -1.378, 1.2515 0.402 -1.378, 1.1125 0.5445 -1.378, 1.1091 0.541 -1.378, 1.1107 0.5429 -1.378, 1.1146 0.399 -1.378, 1.1125 0.4004 -1.378, 1.1091 0.4039 -1.378, 1.1107 0.402 -1.378, 1.2476 0.5458 -1.378, 1.2497 0.5445 -1.378, 1.2531 0.541 -1.378, 1.2515 0.5429 -1.378, 1.0827 0.3543 -1.2205, 1.2795 0.3543 -1.2205, 1.0827 0.3543 0.0787, 1.2795 0.3543 0.0787, 1.2992 0.5709 0.0787, 1.2992 0.374 0.0787, 1.2992 0.5709 -1.2205, 1.2992 0.374 -1.2205, 1.2795 0.5906 -1.2205, 1.0827 0.5906 -1.2205, 1.2795 0.5906 0.0787, 1.0827 0.5906 0.0787, 1.063 0.374 0.0787, 1.063 0.5709 0.0787, 1.063 0.374 -1.2205, 1.063 0.5709 -1.2205, 1.063 0.374 1.8504, 1.063 0.5709 1.8504, 1.063 0.374 0.5906, 1.063 0.5709 0.5906, 1.2795 0.5906 0.5906, 1.0827 0.5906 0.5906, 1.2795 0.5906 1.8504, 1.0827 0.5906 1.8504, 1.2992 0.374 0.5906, 1.2992 0.5709 0.5906, 1.2992 0.374 1.8504, 1.2992 0.5709 1.8504, 1.0827 0.3543 0.5906, 1.2795 0.3543 0.5906, 1.0827 0.3543 1.8504, 1.2795 0.3543 1.8504, 1.257 0.5293 2.0079, 1.1052 0.5293 2.0079, 1.257 0.4155 2.0079, 1.1052 0.4155 2.0079, 1.1077 0.5389 2.0079, 1.1066 0.5367 2.0079, 1.1168 0.5469 2.0079, 1.238 0.5484 2.0079, 1.1242 0.5484 2.0079, 1.1058 0.5343 2.0079, 1.1192 0.5477 2.0079, 1.238 0.3965 2.0079, 1.1242 0.3965 2.0079, 1.1192 0.3972 2.0079, 1.1168 0.398 2.0079, 1.243 0.3972 2.0079, 1.2556 0.4082 2.0079, 1.2564 0.4105 2.0079, 1.2564 0.5343 2.0079, 1.2556 0.5367 2.0079, 1.243 0.5477 2.0079, 1.2454 0.5469 2.0079, 1.1146 0.5458 2.0079, 1.1125 0.5445 2.0079, 1.1091 0.541 2.0079, 1.1107 0.5429 2.0079, 1.2454 0.398 2.0079, 1.2476 0.399 2.0079, 1.2545 0.4059 2.0079, 1.2497 0.4004 2.0079, 1.2531 0.4039 2.0079, 1.2515 0.402 2.0079, 1.2476 0.5458 2.0079, 1.2545 0.5389 2.0079, 1.2497 0.5445 2.0079, 1.2531 0.541 2.0079, 1.2515 0.5429 2.0079, 1.1058 0.4105 2.0079, 1.1066 0.4082 2.0079, 1.1146 0.399 2.0079, 1.1077 0.4059 2.0079, 1.1125 0.4004 2.0079, 1.1091 0.4039 2.0079, 1.1107 0.402 2.0079, 0.4556 0.3972 -1.378, 0.4506 0.3965 -1.378, 0.4696 0.4155 -1.378, 0.4696 0.5293 -1.378, 0.3178 0.5293 -1.378, 0.3368 0.5484 -1.378, 0.3178 0.4155 -1.378, 0.3368 0.3965 -1.378, 0.4602 0.399 -1.378, 0.458 0.398 -1.378, 0.4682 0.4082 -1.378, 0.3203 0.4059 -1.378, 0.3192 0.4082 -1.378, 0.3294 0.398 -1.378, 0.3184 0.5343 -1.378, 0.3294 0.5469 -1.378, 0.3318 0.5477 -1.378, 0.3192 0.5367 -1.378, 0.3203 0.5389 -1.378, 0.3272 0.5458 -1.378, 0.4506 0.5484 -1.378, 0.3318 0.3972 -1.378, 0.3184 0.4105 -1.378, 0.4671 0.5389 -1.378, 0.4682 0.5367 -1.378, 0.458 0.5469 -1.378, 0.469 0.4105 -1.378, 0.4556 0.5477 -1.378, 0.469 0.5343 -1.378, 0.3251 0.5445 -1.378, 0.3217 0.541 -1.378, 0.3233 0.5429 -1.378, 0.3272 0.399 -1.378, 0.3251 0.4004 -1.378, 0.3217 0.4039 -1.378, 0.3233 0.402 -1.378, 0.4671 0.4059 -1.378, 0.4657 0.4039 -1.378, 0.4623 0.4004 -1.378, 0.4641 0.402 -1.378, 0.4602 0.5458 -1.378, 0.4623 0.5445 -1.378, 0.4657 0.541 -1.378, 0.4641 0.5429 -1.378, 0.2953 0.3543 -1.2205, 0.4921 0.3543 -1.2205, 0.2953 0.3543 0.0787, 0.4921 0.3543 0.0787, 0.5118 0.5709 0.0787, 0.5118 0.374 0.0787, 0.5118 0.5709 -1.2205, 0.5118 0.374 -1.2205, 0.4921 0.5906 -1.2205, 0.2953 0.5906 -1.2205, 0.4921 0.5906 0.0787, 0.2953 0.5906 0.0787, 0.2756 0.374 0.0787, 0.2756 0.5709 0.0787, 0.2756 0.374 -1.2205, 0.2756 0.5709 -1.2205, 0.2756 0.374 1.8504, 0.2756 0.5709 1.8504, 0.2756 0.374 0.5906, 0.2756 0.5709 0.5906, 0.4921 0.5906 0.5906, 0.2953 0.5906 0.5906, 0.4921 0.5906 1.8504, 0.2953 0.5906 1.8504, 0.5118 0.374 0.5906, 0.5118 0.5709 0.5906, 0.5118 0.374 1.8504, 0.5118 0.5709 1.8504, 0.2953 0.3543 0.5906, 0.4921 0.3543 0.5906, 0.2953 0.3543 1.8504, 0.4921 0.3543 1.8504, 0.4696 0.4155 2.0079, 0.4696 0.5293 2.0079, 0.4506 0.5484 2.0079, 0.3368 0.5484 2.0079, 0.3192 0.5367 2.0079, 0.3184 0.5343 2.0079, 0.3318 0.5477 2.0079, 0.3294 0.5469 2.0079, 0.3203 0.5389 2.0079, 0.3294 0.398 2.0079, 0.3318 0.3972 2.0079, 0.3178 0.4155 2.0079, 0.3368 0.3965 2.0079, 0.3178 0.5293 2.0079, 0.4506 0.3965 2.0079, 0.4556 0.3972 2.0079, 0.458 0.398 2.0079, 0.4602 0.5458 2.0079, 0.458 0.5469 2.0079, 0.4671 0.5389 2.0079, 0.4682 0.5367 2.0079, 0.469 0.5343 2.0079, 0.4556 0.5477 2.0079, 0.3272 0.5458 2.0079, 0.3251 0.5445 2.0079, 0.3217 0.541 2.0079, 0.3233 0.5429 2.0079, 0.4623 0.5445 2.0079, 0.4657 0.541 2.0079, 0.4641 0.5429 2.0079, 0.3184 0.4105 2.0079, 0.3192 0.4082 2.0079, 0.3272 0.399 2.0079, 0.3203 0.4059 2.0079, 0.3251 0.4004 2.0079, 0.3217 0.4039 2.0079, 0.3233 0.402 2.0079, 0.4641 0.402 2.0079, 0.4657 0.4039 2.0079, 0.4623 0.4004 2.0079, 0.4671 0.4059 2.0079, 0.4602 0.399 2.0079, 0.4682 0.4082 2.0079, 0.469 0.4105 2.0079, -0.4506 0.5484 -1.378, -0.3368 0.5484 -1.378, -0.3178 0.5293 -1.378, -0.3368 0.3965 -1.378, -0.4506 0.3965 -1.378, -0.4696 0.4155 -1.378, -0.3318 0.3972 -1.378, -0.3178 0.4155 -1.378, -0.3294 0.398 -1.378, -0.3184 0.4105 -1.378, -0.4696 0.5293 -1.378, -0.4556 0.3972 -1.378, -0.458 0.398 -1.378, -0.469 0.4105 -1.378, -0.4682 0.4082 -1.378, -0.3318 0.5477 -1.378, -0.3192 0.5367 -1.378, -0.3184 0.5343 -1.378, -0.3294 0.5469 -1.378, -0.3272 0.5458 -1.378, -0.3203 0.5389 -1.378, -0.469 0.5343 -1.378, -0.458 0.5469 -1.378, -0.4556 0.5477 -1.378, -0.3192 0.4082 -1.378, -0.3203 0.4059 -1.378, -0.3272 0.399 -1.378, -0.3217 0.4039 -1.378, -0.3251 0.4004 -1.378, -0.3233 0.402 -1.378, -0.4671 0.4059 -1.378, -0.4602 0.399 -1.378, -0.4657 0.4039 -1.378, -0.4623 0.4004 -1.378, -0.4641 0.402 -1.378, -0.3217 0.541 -1.378, -0.3251 0.5445 -1.378, -0.3233 0.5429 -1.378, -0.4682 0.5367 -1.378, -0.4671 0.5389 -1.378, -0.4602 0.5458 -1.378, -0.4657 0.541 -1.378, -0.4623 0.5445 -1.378, -0.4641 0.5429 -1.378, -0.4921 0.3543 -1.2205, -0.2953 0.3543 -1.2205, -0.4921 0.3543 0.0787, -0.2953 0.3543 0.0787, -0.2756 0.5709 0.0787, -0.2756 0.374 0.0787, -0.2756 0.5709 -1.2205, -0.2756 0.374 -1.2205, -0.2953 0.5906 -1.2205, -0.4921 0.5906 -1.2205, -0.2953 0.5906 0.0787, -0.4921 0.5906 0.0787, -0.5118 0.374 0.0787, -0.5118 0.5709 0.0787, -0.5118 0.374 -1.2205, -0.5118 0.5709 -1.2205, -0.5118 0.374 1.8504, -0.5118 0.5709 1.8504, -0.5118 0.374 0.5906, -0.5118 0.5709 0.5906, -0.4921 0.5906 0.5906, -0.4921 0.5906 1.8504, -0.4105 0.5906 0.5906, -0.2953 0.5906 1.8504, -0.2953 0.5906 0.5906, -0.2756 0.374 0.5906, -0.2756 0.5709 0.5906, -0.2756 0.374 1.8504, -0.2756 0.5709 1.8504, -0.2953 0.3543 0.5906, -0.2953 0.3543 1.8504, -0.4105 0.3543 0.5906, -0.4921 0.3543 1.8504, -0.4921 0.3543 0.5906, -0.3178 0.4155 2.0079, -0.3178 0.5293 2.0079, -0.4696 0.5293 2.0079, -0.3272 0.5458 2.0079, -0.3294 0.5469 2.0079, -0.3192 0.5367 2.0079, -0.4506 0.5484 2.0079, -0.3368 0.5484 2.0079, -0.3318 0.5477 2.0079, -0.4556 0.5477 2.0079, -0.458 0.5469 2.0079, -0.469 0.5343 2.0079, -0.4682 0.5367 2.0079, -0.4696 0.4155 2.0079, -0.4506 0.3965 2.0079, -0.3368 0.3965 2.0079, -0.3184 0.5343 2.0079, -0.469 0.4105 2.0079, -0.458 0.398 2.0079, -0.4556 0.3972 2.0079, -0.3203 0.4059 2.0079, -0.3192 0.4082 2.0079, -0.3272 0.399 2.0079, -0.3294 0.398 2.0079, -0.3318 0.3972 2.0079, -0.3184 0.4105 2.0079, -0.4671 0.5389 2.0079, -0.4602 0.5458 2.0079, -0.4657 0.541 2.0079, -0.4623 0.5445 2.0079, -0.4641 0.5429 2.0079, -0.3203 0.5389 2.0079, -0.3217 0.541 2.0079, -0.3251 0.5445 2.0079, -0.3233 0.5429 2.0079, -0.4682 0.4082 2.0079, -0.4671 0.4059 2.0079, -0.4602 0.399 2.0079, -0.4657 0.4039 2.0079, -0.4623 0.4004 2.0079, -0.4641 0.402 2.0079, -0.3217 0.4039 2.0079, -0.3251 0.4004 2.0079, -0.3233 0.402 2.0079, -1.238 0.5484 -1.378, -1.1242 0.5484 -1.378, -1.1052 0.5293 -1.378, -1.1242 0.3965 -1.378, -1.238 0.3965 -1.378, -1.257 0.4155 -1.378, -1.1192 0.3972 -1.378, -1.1052 0.4155 -1.378, -1.1168 0.398 -1.378, -1.1058 0.4105 -1.378, -1.257 0.5293 -1.378, -1.1077 0.5389 -1.378, -1.1066 0.5367 -1.378, -1.1168 0.5469 -1.378, -1.243 0.3972 -1.378, -1.2454 0.398 -1.378, -1.2564 0.4105 -1.378, -1.2556 0.4082 -1.378, -1.1192 0.5477 -1.378, -1.1058 0.5343 -1.378, -1.2564 0.5343 -1.378, -1.2454 0.5469 -1.378, -1.243 0.5477 -1.378, -1.1066 0.4082 -1.378, -1.1077 0.4059 -1.378, -1.1146 0.399 -1.378, -1.1091 0.4039 -1.378, -1.1125 0.4004 -1.378, -1.1107 0.402 -1.378, -1.2545 0.4059 -1.378, -1.2476 0.399 -1.378, -1.2531 0.4039 -1.378, -1.2497 0.4004 -1.378, -1.2515 0.402 -1.378, -1.1146 0.5458 -1.378, -1.1125 0.5445 -1.378, -1.1091 0.541 -1.378, -1.1107 0.5429 -1.378, -1.2556 0.5367 -1.378, -1.2545 0.5389 -1.378, -1.2476 0.5458 -1.378, -1.2531 0.541 -1.378, -1.2497 0.5445 -1.378, -1.2515 0.5429 -1.378, -1.2795 0.3543 -1.2205, -1.0827 0.3543 -1.2205, -1.2795 0.3543 0.0787, -1.0827 0.3543 0.0787, -1.063 0.5709 0.0787, -1.063 0.374 0.0787, -1.063 0.5709 -1.2205, -1.063 0.374 -1.2205, -1.0827 0.5906 -1.2205, -1.2795 0.5906 -1.2205, -1.0827 0.5906 0.0787, -1.2795 0.5906 0.0787, -1.2992 0.374 0.0787, -1.2992 0.5709 0.0787, -1.2992 0.374 -1.2205, -1.2992 0.5709 -1.2205, -1.2992 0.374 1.8504, -1.2992 0.5709 1.8504, -1.2992 0.374 0.5906, -1.2992 0.5709 0.5906, -1.0827 0.5906 0.5906, -1.2795 0.5906 0.5906, -1.0827 0.5906 1.8504, -1.2795 0.5906 1.8504, -1.063 0.374 0.5906, -1.063 0.5709 0.5906, -1.063 0.374 1.8504, -1.063 0.5709 1.8504, -1.2795 0.3543 0.5906, -1.0827 0.3543 0.5906, -1.2795 0.3543 1.8504, -1.0827 0.3543 1.8504, -1.257 0.5293 2.0079, -1.257 0.4155 2.0079, -1.1052 0.4155 2.0079, -1.238 0.3965 2.0079, -1.1242 0.3965 2.0079, -1.2564 0.4105 2.0079, -1.2454 0.398 2.0079, -1.243 0.3972 2.0079, -1.1052 0.5293 2.0079, -1.1242 0.5484 2.0079, -1.238 0.5484 2.0079, -1.1192 0.3972 2.0079, -1.1168 0.398 2.0079, -1.1058 0.4105 2.0079, -1.1066 0.4082 2.0079, -1.1058 0.5343 2.0079, -1.1168 0.5469 2.0079, -1.1192 0.5477 2.0079, -1.243 0.5477 2.0079, -1.2454 0.5469 2.0079, -1.2564 0.5343 2.0079, -1.2556 0.5367 2.0079, -1.2556 0.4082 2.0079, -1.2545 0.4059 2.0079, -1.2476 0.399 2.0079, -1.2531 0.4039 2.0079, -1.2497 0.4004 2.0079, -1.2515 0.402 2.0079, -1.1077 0.4059 2.0079, -1.1146 0.399 2.0079, -1.1091 0.4039 2.0079, -1.1125 0.4004 2.0079, -1.1107 0.402 2.0079, -1.1066 0.5367 2.0079, -1.1077 0.5389 2.0079, -1.1146 0.5458 2.0079, -1.1091 0.541 2.0079, -1.1125 0.5445 2.0079, -1.1107 0.5429 2.0079, -1.2545 0.5389 2.0079, -1.2476 0.5458 2.0079, -1.2531 0.541 2.0079, -1.2497 0.5445 2.0079, -1.2515 0.5429 2.0079, -2.0254 0.5484 -1.378, -1.9116 0.5484 -1.378, -1.8926 0.5293 -1.378, -2.0254 0.3965 -1.378, -2.0444 0.4155 -1.378, -1.9116 0.3965 -1.378, -1.8926 0.4155 -1.378, -2.0304 0.3972 -1.378, -2.0328 0.398 -1.378, -2.0438 0.4105 -1.378, -2.043 0.4082 -1.378, -2.0444 0.5293 -1.378, -1.8951 0.5389 -1.378, -1.894 0.5367 -1.378, -1.9042 0.5469 -1.378, -1.8932 0.4105 -1.378, -1.9042 0.398 -1.378, -1.9066 0.3972 -1.378, -1.894 0.4082 -1.378, -1.8951 0.4059 -1.378, -1.902 0.399 -1.378, -1.9066 0.5477 -1.378, -1.8932 0.5343 -1.378, -2.0438 0.5343 -1.378, -2.0328 0.5469 -1.378, -2.0304 0.5477 -1.378, -2.0419 0.4059 -1.378, -2.035 0.399 -1.378, -2.0405 0.4039 -1.378, -2.0371 0.4004 -1.378, -2.0389 0.402 -1.378, -1.8999 0.4004 -1.378, -1.8965 0.4039 -1.378, -1.8981 0.402 -1.378, -1.902 0.5458 -1.378, -1.8999 0.5445 -1.378, -1.8965 0.541 -1.378, -1.8981 0.5429 -1.378, -2.043 0.5367 -1.378, -2.0419 0.5389 -1.378, -2.035 0.5458 -1.378, -2.0405 0.541 -1.378, -2.0371 0.5445 -1.378, -2.0389 0.5429 -1.378, -2.0669 0.3543 -1.2205, -1.8701 0.3543 -1.2205, -2.0669 0.3543 0.0787, -1.8701 0.3543 0.0787, -1.8504 0.5709 0.0787, -1.8504 0.374 0.0787, -1.8504 0.5709 -1.2205, -1.8504 0.374 -1.2205, -1.8701 0.5906 -1.2205, -2.0669 0.5906 -1.2205, -1.8701 0.5906 0.0787, -2.0669 0.5906 0.0787, -2.0866 0.374 0.0787, -2.0866 0.5709 0.0787, -2.0866 0.374 -1.2205, -2.0866 0.5709 -1.2205, -2.0866 0.374 1.8504, -2.0866 0.5709 1.8504, -2.0866 0.374 0.5906, -2.0866 0.5709 0.5906, -1.8701 0.5906 0.5906, -2.0669 0.5906 0.5906, -1.8701 0.5906 1.8504, -2.0669 0.5906 1.8504, -1.8504 0.374 0.5906, -1.8504 0.5709 0.5906, -1.8504 0.374 1.8504, -1.8504 0.5709 1.8504, -2.0669 0.3543 0.5906, -1.8701 0.3543 0.5906, -2.0669 0.3543 1.8504, -1.8701 0.3543 1.8504, -1.8926 0.4155 2.0079, -1.8926 0.5293 2.0079, -2.0444 0.5293 2.0079, -1.9116 0.5484 2.0079, -2.0254 0.5484 2.0079, -2.0304 0.5477 2.0079, -2.0328 0.5469 2.0079, -2.0438 0.5343 2.0079, -2.043 0.5367 2.0079, -2.0444 0.4155 2.0079, -2.0254 0.3965 2.0079, -1.9116 0.3965 2.0079, -1.8932 0.5343 2.0079, -1.9042 0.5469 2.0079, -1.9066 0.5477 2.0079, -2.0438 0.4105 2.0079, -2.0328 0.398 2.0079, -2.0304 0.3972 2.0079, -1.9066 0.3972 2.0079, -1.9042 0.398 2.0079, -1.8932 0.4105 2.0079, -1.894 0.4082 2.0079, -2.0419 0.5389 2.0079, -2.035 0.5458 2.0079, -2.0405 0.541 2.0079, -2.0371 0.5445 2.0079, -2.0389 0.5429 2.0079, -1.894 0.5367 2.0079, -1.8951 0.5389 2.0079, -1.902 0.5458 2.0079, -1.8965 0.541 2.0079, -1.8999 0.5445 2.0079, -1.8981 0.5429 2.0079, -2.043 0.4082 2.0079, -2.0419 0.4059 2.0079, -2.035 0.399 2.0079, -2.0405 0.4039 2.0079, -2.0371 0.4004 2.0079, -2.0389 0.402 2.0079, -1.8951 0.4059 2.0079, -1.902 0.399 2.0079, -1.8965 0.4039 2.0079, -1.8999 0.4004 2.0079, -1.8981 0.402 2.0079, -2.8128 0.5484 -1.378, -2.699 0.5484 -1.378, -2.68 0.5293 -1.378, -2.699 0.3965 -1.378, -2.8128 0.3965 -1.378, -2.8318 0.4155 -1.378, -2.694 0.3972 -1.378, -2.68 0.4155 -1.378, -2.6916 0.398 -1.378, -2.6806 0.4105 -1.378, -2.8318 0.5293 -1.378, -2.6825 0.5389 -1.378, -2.6814 0.5367 -1.378, -2.6916 0.5469 -1.378, -2.8178 0.3972 -1.378, -2.8202 0.398 -1.378, -2.8312 0.4105 -1.378, -2.8304 0.4082 -1.378, -2.694 0.5477 -1.378, -2.6806 0.5343 -1.378, -2.8312 0.5343 -1.378, -2.8202 0.5469 -1.378, -2.8178 0.5477 -1.378, -2.6814 0.4082 -1.378, -2.6825 0.4059 -1.378, -2.6894 0.399 -1.378, -2.6839 0.4039 -1.378, -2.6873 0.4004 -1.378, -2.6855 0.402 -1.378, -2.8293 0.4059 -1.378, -2.8224 0.399 -1.378, -2.8279 0.4039 -1.378, -2.8245 0.4004 -1.378, -2.8263 0.402 -1.378, -2.6894 0.5458 -1.378, -2.6873 0.5445 -1.378, -2.6839 0.541 -1.378, -2.6855 0.5429 -1.378, -2.8304 0.5367 -1.378, -2.8293 0.5389 -1.378, -2.8224 0.5458 -1.378, -2.8279 0.541 -1.378, -2.8245 0.5445 -1.378, -2.8263 0.5429 -1.378, -2.8543 0.3543 -1.2205, -2.6575 0.3543 -1.2205, -2.8543 0.3543 0.0787, -2.6575 0.3543 0.0787, -2.6378 0.5709 0.0787, -2.6378 0.374 0.0787, -2.6378 0.5709 -1.2205, -2.6378 0.374 -1.2205, -2.6575 0.5906 -1.2205, -2.8543 0.5906 -1.2205, -2.6575 0.5906 0.0787, -2.8543 0.5906 0.0787, -2.874 0.374 0.0787, -2.874 0.5709 0.0787, -2.874 0.374 -1.2205, -2.874 0.5709 -1.2205, -2.874 0.374 1.8504, -2.874 0.5709 1.8504, -2.874 0.374 0.5906, -2.874 0.5709 0.5906, -2.6575 0.5906 0.5906, -2.8543 0.5906 0.5906, -2.6575 0.5906 1.8504, -2.8543 0.5906 1.8504, -2.6378 0.374 0.5906, -2.6378 0.5709 0.5906, -2.6378 0.374 1.8504, -2.6378 0.5709 1.8504, -2.8543 0.3543 0.5906, -2.6575 0.3543 0.5906, -2.8543 0.3543 1.8504, -2.6575 0.3543 1.8504, -2.68 0.4155 2.0079, -2.68 0.5293 2.0079, -2.8318 0.5293 2.0079, -2.699 0.5484 2.0079, -2.8128 0.5484 2.0079, -2.6806 0.5343 2.0079, -2.6916 0.5469 2.0079, -2.694 0.5477 2.0079, -2.8318 0.4155 2.0079, -2.8128 0.3965 2.0079, -2.699 0.3965 2.0079, -2.8178 0.5477 2.0079, -2.8202 0.5469 2.0079, -2.8312 0.5343 2.0079, -2.8304 0.5367 2.0079, -2.8312 0.4105 2.0079, -2.8202 0.398 2.0079, -2.8178 0.3972 2.0079, -2.694 0.3972 2.0079, -2.6916 0.398 2.0079, -2.6806 0.4105 2.0079, -2.6814 0.4082 2.0079, -2.6814 0.5367 2.0079, -2.6825 0.5389 2.0079, -2.6894 0.5458 2.0079, -2.6839 0.541 2.0079, -2.6873 0.5445 2.0079, -2.6855 0.5429 2.0079, -2.8293 0.5389 2.0079, -2.8224 0.5458 2.0079, -2.8279 0.541 2.0079, -2.8245 0.5445 2.0079, -2.8263 0.5429 2.0079, -2.8304 0.4082 2.0079, -2.8293 0.4059 2.0079, -2.8224 0.399 2.0079, -2.8279 0.4039 2.0079, -2.8245 0.4004 2.0079, -2.8263 0.402 2.0079, -2.6825 0.4059 2.0079, -2.6894 0.399 2.0079, -2.6839 0.4039 2.0079, -2.6873 0.4004 2.0079, -2.6855 0.402 2.0079, 2.0676 0.3543 1.8504, 1.8694 0.3543 1.8504, 2.0866 0.5715 1.8504, 2.0866 0.3734 1.8504, 1.8504 0.3734 1.8504, 1.8504 0.5715 1.8504, 1.8694 0.5905 1.8504, 2.0676 0.5905 1.8504, 2.0676 0.5905 -1.2205, 1.8694 0.5905 -1.2205, 1.8504 0.5715 -1.2205, 1.8504 0.3734 -1.2205, 2.0866 0.3734 -1.2205, 2.0866 0.5715 -1.2205, 1.8694 0.3543 -1.2205, 2.0676 0.3543 -1.2205, 1.2802 0.3543 1.8504, 1.082 0.3543 1.8504, 1.2992 0.5715 1.8504, 1.2992 0.3734 1.8504, 1.063 0.3734 1.8504, 1.063 0.5715 1.8504, 1.082 0.5905 1.8504, 1.2802 0.5905 1.8504, 1.2802 0.5905 -1.2205, 1.082 0.5905 -1.2205, 1.063 0.5715 -1.2205, 1.063 0.3734 -1.2205, 1.2992 0.3734 -1.2205, 1.2992 0.5715 -1.2205, 1.082 0.3543 -1.2205, 1.2802 0.3543 -1.2205, 0.4928 0.3543 1.8504, 0.2946 0.3543 1.8504, 0.5118 0.5715 1.8504, 0.5118 0.3734 1.8504, 0.2756 0.3734 1.8504, 0.2756 0.5715 1.8504, 0.2946 0.5905 1.8504, 0.4928 0.5905 1.8504, 0.4928 0.5905 -1.2205, 0.2946 0.5905 -1.2205, 0.2756 0.5715 -1.2205, 0.2756 0.3734 -1.2205, 0.5118 0.3734 -1.2205, 0.5118 0.5715 -1.2205, 0.2946 0.3543 -1.2205, 0.4928 0.3543 -1.2205, -0.2946 0.3543 1.8504, -0.4928 0.3543 1.8504, -0.2756 0.5715 1.8504, -0.2756 0.3734 1.8504, -0.5118 0.3734 1.8504, -0.5118 0.5715 1.8504, -0.4928 0.5905 1.8504, -0.2946 0.5905 1.8504, -0.2946 0.5905 -1.2205, -0.4928 0.5905 -1.2205, -0.5118 0.5715 -1.2205, -0.5118 0.3734 -1.2205, -0.2756 0.3734 -1.2205, -0.2756 0.5715 -1.2205, -0.4928 0.3543 -1.2205, -0.2946 0.3543 -1.2205, -1.082 0.3543 1.8504, -1.2802 0.3543 1.8504, -1.063 0.5715 1.8504, -1.063 0.3734 1.8504, -1.2992 0.3734 1.8504, -1.2992 0.5715 1.8504, -1.2802 0.5905 1.8504, -1.082 0.5905 1.8504, -1.082 0.5905 -1.2205, -1.2802 0.5905 -1.2205, -1.2992 0.5715 -1.2205, -1.2992 0.3734 -1.2205, -1.063 0.3734 -1.2205, -1.063 0.5715 -1.2205, -1.2802 0.3543 -1.2205, -1.082 0.3543 -1.2205, -1.8694 0.3543 1.8504, -2.0676 0.3543 1.8504, -1.8504 0.5715 1.8504, -1.8504 0.3734 1.8504, -2.0866 0.3734 1.8504, -2.0866 0.5715 1.8504, -2.0676 0.5905 1.8504, -1.8694 0.5905 1.8504, -1.8694 0.5905 -1.2205, -2.0676 0.5905 -1.2205, -2.0866 0.5715 -1.2205, -2.0866 0.3734 -1.2205, -1.8504 0.3734 -1.2205, -1.8504 0.5715 -1.2205, -2.0676 0.3543 -1.2205, -1.8694 0.3543 -1.2205, -2.6568 0.3543 1.8504, -2.855 0.3543 1.8504, -2.6378 0.5715 1.8504, -2.6378 0.3734 1.8504, -2.874 0.3734 1.8504, -2.874 0.5715 1.8504, -2.855 0.5905 1.8504, -2.6568 0.5905 1.8504, -2.6568 0.5905 -1.2205, -2.855 0.5905 -1.2205, -2.874 0.5715 -1.2205, -2.874 0.3734 -1.2205, -2.6378 0.3734 -1.2205, -2.6378 0.5715 -1.2205, -2.855 0.3543 -1.2205, -2.6568 0.3543 -1.2205, 1.865 0.3551 -1.221, 1.865 0.355 0.0787, 1.8646 0.3551 -1.221, 1.8602 0.357 0.0787, 1.8602 0.357 -1.2214, 1.86 0.3571 -1.2214, 1.8562 0.3601 0.0787, 1.8562 0.3601 -1.2215, 1.8531 0.364 -1.2214, 1.853 0.3642 0.0787, 1.8531 0.3642 -1.2214, 1.8512 0.3685 -1.221, 1.8511 0.3689 0.0787, 1.8511 0.3689 -1.221, 2.072 0.5898 -1.221, 2.072 0.5899 0.0787, 2.0724 0.5898 -1.221, 2.0768 0.5879 0.0787, 2.0768 0.5879 -1.2214, 2.077 0.5878 -1.2214, 2.0808 0.5848 0.0787, 2.0808 0.5848 -1.2215, 2.0839 0.5809 -1.2214, 2.084 0.5807 0.0787, 2.084 0.5807 -1.2214, 2.0858 0.5764 -1.221, 2.0859 0.576 0.0787, 2.0859 0.576 -1.221, 1.8511 0.576 -1.221, 1.8511 0.576 0.0787, 1.8512 0.5764 -1.221, 1.853 0.5807 0.0787, 1.8531 0.5807 -1.2214, 1.8531 0.5809 -1.2214, 1.8562 0.5848 0.0787, 1.8562 0.5848 -1.2215, 1.86 0.5878 -1.2214, 1.8602 0.5879 0.0787, 1.8602 0.5879 -1.2214, 1.8646 0.5898 -1.221, 1.865 0.5899 0.0787, 1.865 0.5898 -1.221, 1.865 0.5898 1.8509, 1.865 0.5899 0.5906, 1.8646 0.5898 1.851, 1.8602 0.5879 0.5906, 1.8602 0.5879 1.8513, 1.86 0.5878 1.8513, 1.8562 0.5848 0.5906, 1.8562 0.5848 1.8514, 1.8531 0.5809 1.8513, 1.853 0.5807 0.5906, 1.8531 0.5807 1.8513, 1.8512 0.5764 1.851, 1.8511 0.576 0.5906, 1.8511 0.576 1.8509, 2.0859 0.576 1.8509, 2.0859 0.576 0.5906, 2.0858 0.5764 1.851, 2.084 0.5807 0.5906, 2.084 0.5807 1.8513, 2.0839 0.5809 1.8513, 2.0808 0.5848 0.5906, 2.0808 0.5848 1.8514, 2.077 0.5878 1.8513, 2.0768 0.5879 0.5906, 2.0768 0.5879 1.8513, 2.0724 0.5898 1.851, 2.072 0.5899 0.5906, 2.072 0.5898 1.8509, 1.8511 0.3689 1.8509, 1.8511 0.3689 0.5906, 1.8512 0.3685 1.851, 1.853 0.3642 0.5906, 1.8531 0.3642 1.8513, 1.8531 0.364 1.8513, 1.8562 0.3601 0.5906, 1.8562 0.3601 1.8514, 1.86 0.3571 1.8513, 1.8602 0.357 0.5906, 1.8602 0.357 1.8513, 1.8646 0.3551 1.851, 1.865 0.355 0.5906, 1.865 0.3551 1.8509, 2.072 0.3551 1.8509, 2.072 0.355 0.5906, 2.0724 0.3551 1.851, 2.0768 0.357 0.5906, 2.0768 0.357 1.8513, 2.077 0.3571 1.8513, 2.0808 0.3601 0.5906, 2.0808 0.3601 1.8514, 2.0839 0.364 1.8513, 2.084 0.3642 0.5906, 2.084 0.3642 1.8513, 2.0858 0.3685 1.851, 2.0859 0.3689 0.5906, 2.0859 0.3689 1.8509, 2.0859 0.3689 -1.221, 2.0859 0.3689 0.0787, 2.0858 0.3685 -1.221, 2.084 0.3642 0.0787, 2.084 0.3642 -1.2214, 2.0839 0.364 -1.2214, 2.0808 0.3601 0.0787, 2.0808 0.3601 -1.2215, 2.077 0.3571 -1.2214, 2.0768 0.357 0.0787, 2.0768 0.357 -1.2214, 2.0724 0.3551 -1.221, 2.072 0.355 0.0787, 2.072 0.3551 -1.221, 1.0776 0.3551 -1.221, 1.0776 0.355 0.0787, 1.0772 0.3551 -1.221, 1.0728 0.357 0.0787, 1.0728 0.357 -1.2214, 1.0726 0.3571 -1.2214, 1.0688 0.3601 0.0787, 1.0688 0.3601 -1.2215, 1.0657 0.364 -1.2214, 1.0656 0.3642 0.0787, 1.0657 0.3642 -1.2214, 1.0638 0.3685 -1.221, 1.0637 0.3689 0.0787, 1.0637 0.3689 -1.221, 1.2846 0.5898 -1.221, 1.2846 0.5899 0.0787, 1.285 0.5898 -1.221, 1.2894 0.5879 0.0787, 1.2894 0.5879 -1.2214, 1.2896 0.5878 -1.2214, 1.2934 0.5848 0.0787, 1.2934 0.5848 -1.2215, 1.2965 0.5809 -1.2214, 1.2966 0.5807 0.0787, 1.2966 0.5807 -1.2214, 1.2984 0.5764 -1.221, 1.2985 0.576 0.0787, 1.2985 0.576 -1.221, 1.0637 0.576 -1.221, 1.0637 0.576 0.0787, 1.0638 0.5764 -1.221, 1.0656 0.5807 0.0787, 1.0657 0.5807 -1.2214, 1.0657 0.5809 -1.2214, 1.0688 0.5848 0.0787, 1.0688 0.5848 -1.2215, 1.0726 0.5878 -1.2214, 1.0728 0.5879 0.0787, 1.0728 0.5879 -1.2214, 1.0772 0.5898 -1.221, 1.0776 0.5899 0.0787, 1.0776 0.5898 -1.221, 1.0776 0.5898 1.8509, 1.0776 0.5899 0.5906, 1.0772 0.5898 1.851, 1.0728 0.5879 0.5906, 1.0728 0.5879 1.8513, 1.0726 0.5878 1.8513, 1.0688 0.5848 0.5906, 1.0688 0.5848 1.8514, 1.0657 0.5809 1.8513, 1.0656 0.5807 0.5906, 1.0657 0.5807 1.8513, 1.0638 0.5764 1.851, 1.0637 0.576 0.5906, 1.0637 0.576 1.8509, 1.2985 0.576 1.8509, 1.2985 0.576 0.5906, 1.2984 0.5764 1.851, 1.2966 0.5807 0.5906, 1.2966 0.5807 1.8513, 1.2965 0.5809 1.8513, 1.2934 0.5848 0.5906, 1.2934 0.5848 1.8514, 1.2896 0.5878 1.8513, 1.2894 0.5879 0.5906, 1.2894 0.5879 1.8513, 1.285 0.5898 1.851, 1.2846 0.5899 0.5906, 1.2846 0.5898 1.8509, 1.0637 0.3689 1.8509, 1.0637 0.3689 0.5906, 1.0638 0.3685 1.851, 1.0656 0.3642 0.5906, 1.0657 0.3642 1.8513, 1.0657 0.364 1.8513, 1.0688 0.3601 0.5906, 1.0688 0.3601 1.8514, 1.0726 0.3571 1.8513, 1.0728 0.357 0.5906, 1.0728 0.357 1.8513, 1.0772 0.3551 1.851, 1.0776 0.355 0.5906, 1.0776 0.3551 1.8509, 1.2846 0.3551 1.8509, 1.2846 0.355 0.5906, 1.285 0.3551 1.851, 1.2894 0.357 0.5906, 1.2894 0.357 1.8513, 1.2896 0.3571 1.8513, 1.2934 0.3601 0.5906, 1.2934 0.3601 1.8514, 1.2965 0.364 1.8513, 1.2966 0.3642 0.5906, 1.2966 0.3642 1.8513, 1.2984 0.3685 1.851, 1.2985 0.3689 0.5906, 1.2985 0.3689 1.8509, 1.2985 0.3689 -1.221, 1.2985 0.3689 0.0787, 1.2984 0.3685 -1.221, 1.2966 0.3642 0.0787, 1.2966 0.3642 -1.2214, 1.2965 0.364 -1.2214, 1.2934 0.3601 0.0787, 1.2934 0.3601 -1.2215, 1.2896 0.3571 -1.2214, 1.2894 0.357 0.0787, 1.2894 0.357 -1.2214, 1.285 0.3551 -1.221, 1.2846 0.355 0.0787, 1.2846 0.3551 -1.221, 0.2902 0.3551 -1.221, 0.2902 0.355 0.0787, 0.2898 0.3551 -1.221, 0.2854 0.357 0.0787, 0.2854 0.357 -1.2214, 0.2852 0.3571 -1.2214, 0.2814 0.3601 0.0787, 0.2814 0.3601 -1.2215, 0.2783 0.364 -1.2214, 0.2782 0.3642 0.0787, 0.2783 0.3642 -1.2214, 0.2764 0.3685 -1.221, 0.2763 0.3689 0.0787, 0.2763 0.3689 -1.221, 0.4972 0.5898 -1.221, 0.4972 0.5899 0.0787, 0.4976 0.5898 -1.221, 0.502 0.5879 0.0787, 0.502 0.5879 -1.2214, 0.5022 0.5878 -1.2214, 0.506 0.5848 0.0787, 0.506 0.5848 -1.2215, 0.5091 0.5809 -1.2214, 0.5092 0.5807 0.0787, 0.5091 0.5807 -1.2214, 0.511 0.5764 -1.221, 0.5111 0.576 0.0787, 0.5111 0.576 -1.221, 0.2763 0.576 -1.221, 0.2763 0.576 0.0787, 0.2764 0.5764 -1.221, 0.2782 0.5807 0.0787, 0.2783 0.5807 -1.2214, 0.2783 0.5809 -1.2214, 0.2814 0.5848 0.0787, 0.2814 0.5848 -1.2215, 0.2852 0.5878 -1.2214, 0.2854 0.5879 0.0787, 0.2854 0.5879 -1.2214, 0.2898 0.5898 -1.221, 0.2902 0.5899 0.0787, 0.2902 0.5898 -1.221, 0.2902 0.5898 1.8509, 0.2902 0.5899 0.5906, 0.2898 0.5898 1.851, 0.2854 0.5879 0.5906, 0.2854 0.5879 1.8513, 0.2852 0.5878 1.8513, 0.2814 0.5848 0.5906, 0.2814 0.5848 1.8514, 0.2783 0.5809 1.8513, 0.2782 0.5807 0.5906, 0.2783 0.5807 1.8513, 0.2764 0.5764 1.851, 0.2763 0.576 0.5906, 0.2763 0.576 1.8509, 0.5111 0.576 1.8509, 0.5111 0.576 0.5906, 0.511 0.5764 1.851, 0.5092 0.5807 0.5906, 0.5091 0.5807 1.8513, 0.5091 0.5809 1.8513, 0.506 0.5848 0.5906, 0.506 0.5848 1.8514, 0.5022 0.5878 1.8513, 0.502 0.5879 0.5906, 0.502 0.5879 1.8513, 0.4976 0.5898 1.851, 0.4972 0.5899 0.5906, 0.4972 0.5898 1.8509, 0.2763 0.3689 1.8509, 0.2763 0.3689 0.5906, 0.2764 0.3685 1.851, 0.2782 0.3642 0.5906, 0.2783 0.3642 1.8513, 0.2783 0.364 1.8513, 0.2814 0.3601 0.5906, 0.2814 0.3601 1.8514, 0.2852 0.3571 1.8513, 0.2854 0.357 0.5906, 0.2854 0.357 1.8513, 0.2898 0.3551 1.851, 0.2902 0.355 0.5906, 0.2902 0.3551 1.8509, 0.4972 0.3551 1.8509, 0.4972 0.355 0.5906, 0.4976 0.3551 1.851, 0.502 0.357 0.5906, 0.502 0.357 1.8513, 0.5022 0.3571 1.8513, 0.506 0.3601 0.5906, 0.506 0.3601 1.8514, 0.5091 0.364 1.8513, 0.5092 0.3642 0.5906, 0.5091 0.3642 1.8513, 0.511 0.3685 1.851, 0.5111 0.3689 0.5906, 0.5111 0.3689 1.8509, 0.5111 0.3689 -1.221, 0.5111 0.3689 0.0787, 0.511 0.3685 -1.221, 0.5092 0.3642 0.0787, 0.5091 0.3642 -1.2214, 0.5091 0.364 -1.2214, 0.506 0.3601 0.0787, 0.506 0.3601 -1.2215, 0.5022 0.3571 -1.2214, 0.502 0.357 0.0787, 0.502 0.357 -1.2214, 0.4976 0.3551 -1.221, 0.4972 0.355 0.0787, 0.4972 0.3551 -1.221, -0.4972 0.3551 -1.221, -0.4972 0.355 0.0787, -0.4976 0.3551 -1.221, -0.502 0.357 0.0787, -0.502 0.357 -1.2214, -0.5022 0.3571 -1.2214, -0.506 0.3601 0.0787, -0.506 0.3601 -1.2215, -0.5091 0.364 -1.2214, -0.5092 0.3642 0.0787, -0.5091 0.3642 -1.2214, -0.511 0.3685 -1.221, -0.5111 0.3689 0.0787, -0.5111 0.3689 -1.221, -0.2902 0.5898 -1.221, -0.2902 0.5899 0.0787, -0.2898 0.5898 -1.221, -0.2854 0.5879 0.0787, -0.2854 0.5879 -1.2214, -0.2852 0.5878 -1.2214, -0.2814 0.5848 0.0787, -0.2814 0.5848 -1.2215, -0.2783 0.5809 -1.2214, -0.2782 0.5807 0.0787, -0.2783 0.5807 -1.2214, -0.2764 0.5764 -1.221, -0.2763 0.576 0.0787, -0.2763 0.576 -1.221, -0.5111 0.576 -1.221, -0.5111 0.576 0.0787, -0.511 0.5764 -1.221, -0.5092 0.5807 0.0787, -0.5091 0.5807 -1.2214, -0.5091 0.5809 -1.2214, -0.506 0.5848 0.0787, -0.506 0.5848 -1.2215, -0.5022 0.5878 -1.2214, -0.502 0.5879 0.0787, -0.502 0.5879 -1.2214, -0.4976 0.5898 -1.221, -0.4972 0.5899 0.0787, -0.4972 0.5898 -1.221, -0.4972 0.5898 1.8509, -0.4972 0.5899 0.5906, -0.4976 0.5898 1.851, -0.502 0.5879 0.5906, -0.502 0.5879 1.8513, -0.5022 0.5878 1.8513, -0.506 0.5848 0.5906, -0.506 0.5848 1.8514, -0.5091 0.5809 1.8513, -0.5092 0.5807 0.5906, -0.5091 0.5807 1.8513, -0.511 0.5764 1.851, -0.5111 0.576 0.5906, -0.5111 0.576 1.8509, -0.2763 0.576 1.8509, -0.2763 0.576 0.5906, -0.2764 0.5764 1.851, -0.2782 0.5807 0.5906, -0.2783 0.5807 1.8513, -0.2783 0.5809 1.8513, -0.2814 0.5848 0.5906, -0.2814 0.5848 1.8514, -0.2852 0.5878 1.8513, -0.2854 0.5879 0.5906, -0.2854 0.5879 1.8513, -0.2898 0.5898 1.851, -0.2902 0.5899 0.5906, -0.2902 0.5898 1.8509, -0.5111 0.3689 1.8509, -0.5111 0.3689 0.5906, -0.511 0.3685 1.851, -0.5092 0.3642 0.5906, -0.5091 0.3642 1.8513, -0.5091 0.364 1.8513, -0.506 0.3601 0.5906, -0.506 0.3601 1.8514, -0.5022 0.3571 1.8513, -0.502 0.357 0.5906, -0.502 0.357 1.8513, -0.4976 0.3551 1.851, -0.4972 0.355 0.5906, -0.4972 0.3551 1.8509, -0.2902 0.3551 1.8509, -0.2902 0.355 0.5906, -0.2898 0.3551 1.851, -0.2854 0.357 0.5906, -0.2854 0.357 1.8513, -0.2852 0.3571 1.8513, -0.2814 0.3601 0.5906, -0.2814 0.3601 1.8514, -0.2783 0.364 1.8513, -0.2782 0.3642 0.5906, -0.2783 0.3642 1.8513, -0.2764 0.3685 1.851, -0.2763 0.3689 0.5906, -0.2763 0.3689 1.8509, -0.2763 0.3689 -1.221, -0.2763 0.3689 0.0787, -0.2764 0.3685 -1.221, -0.2782 0.3642 0.0787, -0.2783 0.3642 -1.2214, -0.2783 0.364 -1.2214, -0.2814 0.3601 0.0787, -0.2814 0.3601 -1.2215, -0.2852 0.3571 -1.2214, -0.2854 0.357 0.0787, -0.2854 0.357 -1.2214, -0.2898 0.3551 -1.221, -0.2902 0.355 0.0787, -0.2902 0.3551 -1.221, -1.2846 0.3551 -1.221, -1.2846 0.355 0.0787, -1.285 0.3551 -1.221, -1.2894 0.357 0.0787, -1.2894 0.357 -1.2214, -1.2896 0.3571 -1.2214, -1.2934 0.3601 0.0787, -1.2934 0.3601 -1.2215, -1.2965 0.364 -1.2214, -1.2966 0.3642 0.0787, -1.2966 0.3642 -1.2214, -1.2984 0.3685 -1.221, -1.2985 0.3689 0.0787, -1.2985 0.3689 -1.221, -1.0776 0.5898 -1.221, -1.0776 0.5899 0.0787, -1.0772 0.5898 -1.221, -1.0728 0.5879 0.0787, -1.0728 0.5879 -1.2214, -1.0726 0.5878 -1.2214, -1.0688 0.5848 0.0787, -1.0688 0.5848 -1.2215, -1.0657 0.5809 -1.2214, -1.0656 0.5807 0.0787, -1.0657 0.5807 -1.2214, -1.0638 0.5764 -1.221, -1.0637 0.576 0.0787, -1.0637 0.576 -1.221, -1.2985 0.576 -1.221, -1.2985 0.576 0.0787, -1.2984 0.5764 -1.221, -1.2966 0.5807 0.0787, -1.2966 0.5807 -1.2214, -1.2965 0.5809 -1.2214, -1.2934 0.5848 0.0787, -1.2934 0.5848 -1.2215, -1.2896 0.5878 -1.2214, -1.2894 0.5879 0.0787, -1.2894 0.5879 -1.2214, -1.285 0.5898 -1.221, -1.2846 0.5899 0.0787, -1.2846 0.5898 -1.221, -1.2846 0.5898 1.8509, -1.2846 0.5899 0.5906, -1.285 0.5898 1.851, -1.2894 0.5879 0.5906, -1.2894 0.5879 1.8513, -1.2896 0.5878 1.8513, -1.2934 0.5848 0.5906, -1.2934 0.5848 1.8514, -1.2965 0.5809 1.8513, -1.2966 0.5807 0.5906, -1.2966 0.5807 1.8513, -1.2984 0.5764 1.851, -1.2985 0.576 0.5906, -1.2985 0.576 1.8509, -1.0637 0.576 1.8509, -1.0637 0.576 0.5906, -1.0638 0.5764 1.851, -1.0656 0.5807 0.5906, -1.0657 0.5807 1.8513, -1.0657 0.5809 1.8513, -1.0688 0.5848 0.5906, -1.0688 0.5848 1.8514, -1.0726 0.5878 1.8513, -1.0728 0.5879 0.5906, -1.0728 0.5879 1.8513, -1.0772 0.5898 1.851, -1.0776 0.5899 0.5906, -1.0776 0.5898 1.8509, -1.2985 0.3689 1.8509, -1.2985 0.3689 0.5906, -1.2984 0.3685 1.851, -1.2966 0.3642 0.5906, -1.2966 0.3642 1.8513, -1.2965 0.364 1.8513, -1.2934 0.3601 0.5906, -1.2934 0.3601 1.8514, -1.2896 0.3571 1.8513, -1.2894 0.357 0.5906, -1.2894 0.357 1.8513, -1.285 0.3551 1.851, -1.2846 0.355 0.5906, -1.2846 0.3551 1.8509, -1.0776 0.3551 1.8509, -1.0776 0.355 0.5906, -1.0772 0.3551 1.851, -1.0728 0.357 0.5906, -1.0728 0.357 1.8513, -1.0726 0.3571 1.8513, -1.0688 0.3601 0.5906, -1.0688 0.3601 1.8514, -1.0657 0.364 1.8513, -1.0656 0.3642 0.5906, -1.0657 0.3642 1.8513, -1.0638 0.3685 1.851, -1.0637 0.3689 0.5906, -1.0637 0.3689 1.8509, -1.0637 0.3689 -1.221, -1.0637 0.3689 0.0787, -1.0638 0.3685 -1.221, -1.0656 0.3642 0.0787, -1.0657 0.3642 -1.2214, -1.0657 0.364 -1.2214, -1.0688 0.3601 0.0787, -1.0688 0.3601 -1.2215, -1.0726 0.3571 -1.2214, -1.0728 0.357 0.0787, -1.0728 0.357 -1.2214, -1.0772 0.3551 -1.221, -1.0776 0.355 0.0787, -1.0776 0.3551 -1.221, -2.072 0.3551 -1.221, -2.072 0.355 0.0787, -2.0724 0.3551 -1.221, -2.0768 0.357 0.0787, -2.0768 0.357 -1.2214, -2.077 0.3571 -1.2214, -2.0808 0.3601 0.0787, -2.0808 0.3601 -1.2215, -2.0839 0.364 -1.2214, -2.084 0.3642 0.0787, -2.084 0.3642 -1.2214, -2.0858 0.3685 -1.221, -2.0859 0.3689 0.0787, -2.0859 0.3689 -1.221, -1.865 0.5898 -1.221, -1.865 0.5899 0.0787, -1.8646 0.5898 -1.221, -1.8602 0.5879 0.0787, -1.8602 0.5879 -1.2214, -1.86 0.5878 -1.2214, -1.8562 0.5848 0.0787, -1.8562 0.5848 -1.2215, -1.8531 0.5809 -1.2214, -1.853 0.5807 0.0787, -1.8531 0.5807 -1.2214, -1.8512 0.5764 -1.221, -1.8511 0.576 0.0787, -1.8511 0.576 -1.221, -2.0859 0.576 -1.221, -2.0859 0.576 0.0787, -2.0858 0.5764 -1.221, -2.084 0.5807 0.0787, -2.084 0.5807 -1.2214, -2.0839 0.5809 -1.2214, -2.0808 0.5848 0.0787, -2.0808 0.5848 -1.2215, -2.077 0.5878 -1.2214, -2.0768 0.5879 0.0787, -2.0768 0.5879 -1.2214, -2.0724 0.5898 -1.221, -2.072 0.5899 0.0787, -2.072 0.5898 -1.221, -2.072 0.5898 1.8509, -2.072 0.5899 0.5906, -2.0724 0.5898 1.851, -2.0768 0.5879 0.5906, -2.0768 0.5879 1.8513, -2.077 0.5878 1.8513, -2.0808 0.5848 0.5906, -2.0808 0.5848 1.8514, -2.0839 0.5809 1.8513, -2.084 0.5807 0.5906, -2.084 0.5807 1.8513, -2.0858 0.5764 1.851, -2.0859 0.576 0.5906, -2.0859 0.576 1.8509, -1.8511 0.576 1.8509, -1.8511 0.576 0.5906, -1.8512 0.5764 1.851, -1.853 0.5807 0.5906, -1.8531 0.5807 1.8513, -1.8531 0.5809 1.8513, -1.8562 0.5848 0.5906, -1.8562 0.5848 1.8514, -1.86 0.5878 1.8513, -1.8602 0.5879 0.5906, -1.8602 0.5879 1.8513, -1.8646 0.5898 1.851, -1.865 0.5899 0.5906, -1.865 0.5898 1.8509, -2.0859 0.3689 1.8509, -2.0859 0.3689 0.5906, -2.0858 0.3685 1.851, -2.084 0.3642 0.5906, -2.084 0.3642 1.8513, -2.0839 0.364 1.8513, -2.0808 0.3601 0.5906, -2.0808 0.3601 1.8514, -2.077 0.3571 1.8513, -2.0768 0.357 0.5906, -2.0768 0.357 1.8513, -2.0724 0.3551 1.851, -2.072 0.355 0.5906, -2.072 0.3551 1.8509, -1.865 0.3551 1.8509, -1.865 0.355 0.5906, -1.8646 0.3551 1.851, -1.8602 0.357 0.5906, -1.8602 0.357 1.8513, -1.86 0.3571 1.8513, -1.8562 0.3601 0.5906, -1.8562 0.3601 1.8514, -1.8531 0.364 1.8513, -1.853 0.3642 0.5906, -1.8531 0.3642 1.8513, -1.8512 0.3685 1.851, -1.8511 0.3689 0.5906, -1.8511 0.3689 1.8509, -1.8511 0.3689 -1.221, -1.8511 0.3689 0.0787, -1.8512 0.3685 -1.221, -1.853 0.3642 0.0787, -1.8531 0.3642 -1.2214, -1.8531 0.364 -1.2214, -1.8562 0.3601 0.0787, -1.8562 0.3601 -1.2215, -1.86 0.3571 -1.2214, -1.8602 0.357 0.0787, -1.8602 0.357 -1.2214, -1.8646 0.3551 -1.221, -1.865 0.355 0.0787, -1.865 0.3551 -1.221, -2.8594 0.3551 -1.221, -2.8594 0.355 0.0787, -2.8598 0.3551 -1.221, -2.8642 0.357 0.0787, -2.8642 0.357 -1.2214, -2.8644 0.3571 -1.2214, -2.8682 0.3601 0.0787, -2.8682 0.3601 -1.2215, -2.8713 0.364 -1.2214, -2.8714 0.3642 0.0787, -2.8714 0.3642 -1.2214, -2.8732 0.3685 -1.221, -2.8733 0.3689 0.0787, -2.8733 0.3689 -1.221, -2.6524 0.5898 -1.221, -2.6524 0.5899 0.0787, -2.652 0.5898 -1.221, -2.6476 0.5879 0.0787, -2.6476 0.5879 -1.2214, -2.6474 0.5878 -1.2214, -2.6436 0.5848 0.0787, -2.6436 0.5848 -1.2215, -2.6405 0.5809 -1.2214, -2.6404 0.5807 0.0787, -2.6405 0.5807 -1.2214, -2.6386 0.5764 -1.221, -2.6385 0.576 0.0787, -2.6385 0.576 -1.221, -2.8733 0.576 -1.221, -2.8733 0.576 0.0787, -2.8732 0.5764 -1.221, -2.8714 0.5807 0.0787, -2.8714 0.5807 -1.2214, -2.8713 0.5809 -1.2214, -2.8682 0.5848 0.0787, -2.8682 0.5848 -1.2215, -2.8644 0.5878 -1.2214, -2.8642 0.5879 0.0787, -2.8642 0.5879 -1.2214, -2.8598 0.5898 -1.221, -2.8594 0.5899 0.0787, -2.8594 0.5898 -1.221, -2.8594 0.5898 1.8509, -2.8594 0.5899 0.5906, -2.8598 0.5898 1.851, -2.8642 0.5879 0.5906, -2.8642 0.5879 1.8513, -2.8644 0.5878 1.8513, -2.8682 0.5848 0.5906, -2.8682 0.5848 1.8514, -2.8713 0.5809 1.8513, -2.8714 0.5807 0.5906, -2.8714 0.5807 1.8513, -2.8732 0.5764 1.851, -2.8733 0.576 0.5906, -2.8733 0.576 1.8509, -2.6385 0.576 1.8509, -2.6385 0.576 0.5906, -2.6386 0.5764 1.851, -2.6404 0.5807 0.5906, -2.6405 0.5807 1.8513, -2.6405 0.5809 1.8513, -2.6436 0.5848 0.5906, -2.6436 0.5848 1.8514, -2.6474 0.5878 1.8513, -2.6476 0.5879 0.5906, -2.6476 0.5879 1.8513, -2.652 0.5898 1.851, -2.6524 0.5899 0.5906, -2.6524 0.5898 1.8509, -2.8733 0.3689 1.8509, -2.8733 0.3689 0.5906, -2.8732 0.3685 1.851, -2.8714 0.3642 0.5906, -2.8714 0.3642 1.8513, -2.8713 0.364 1.8513, -2.8682 0.3601 0.5906, -2.8682 0.3601 1.8514, -2.8644 0.3571 1.8513, -2.8642 0.357 0.5906, -2.8642 0.357 1.8513, -2.8598 0.3551 1.851, -2.8594 0.355 0.5906, -2.8594 0.3551 1.8509, -2.6524 0.3551 1.8509, -2.6524 0.355 0.5906, -2.652 0.3551 1.851, -2.6476 0.357 0.5906, -2.6476 0.357 1.8513, -2.6474 0.3571 1.8513, -2.6436 0.3601 0.5906, -2.6436 0.3601 1.8514, -2.6405 0.364 1.8513, -2.6404 0.3642 0.5906, -2.6405 0.3642 1.8513, -2.6386 0.3685 1.851, -2.6385 0.3689 0.5906, -2.6385 0.3689 1.8509, -2.6385 0.3689 -1.221, -2.6385 0.3689 0.0787, -2.6386 0.3685 -1.221, -2.6404 0.3642 0.0787, -2.6405 0.3642 -1.2214, -2.6405 0.364 -1.2214, -2.6436 0.3601 0.0787, -2.6436 0.3601 -1.2215, -2.6474 0.3571 -1.2214, -2.6476 0.357 0.0787, -2.6476 0.357 -1.2214, -2.652 0.3551 -1.221, -2.6524 0.355 0.0787, -2.6524 0.3551 -1.221
            ]
        }
        coordIndex [
            0,1,2,-1,1,3,2,-1,2,3,4,-1,2,4,5,-1,6,7,8,-1,9,10,1,-1,1,10,11,-1,1,11,3,-1,9,12,10,-1,10,12,13,-1,10,13,14,-1,2,15,0,-1,0,15,16,-1,0,16,17,-1,5,4,7,-1,7,4,18,-1,7,18,8,-1,19,20,21,-1,21,20,22,-1,15,23,16,-1,16,23,22,-1,16,22,24,-1,24,22,20,-1,25,26,27,-1,17,28,0,-1,0,28,27,-1,0,27,29,-1,29,27,26,-1,14,13,30,-1,30,13,31,-1,30,31,32,-1,8,33,6,-1,6,33,34,-1,6,34,35,-1,35,34,36,-1,19,21,37,-1,37,21,38,-1,37,38,39,-1,27,40,25,-1,25,40,41,-1,25,41,42,-1,42,41,43,-1,44,45,46,-1,46,45,47,-1,48,49,50,-1,50,49,51,-1,52,53,54,-1,54,53,55,-1,56,57,58,-1,58,57,59,-1,60,61,62,-1,62,61,63,-1,64,65,66,-1,66,65,67,-1,68,69,70,-1,70,69,71,-1,72,73,74,-1,74,73,75,-1,76,77,78,-1,78,77,79,-1,78,79,80,-1,81,82,83,-1,83,82,84,-1,77,85,79,-1,79,85,84,-1,79,84,86,-1,86,84,82,-1,87,88,89,-1,78,90,76,-1,76,90,91,-1,76,91,92,-1,93,94,80,-1,80,94,95,-1,80,95,78,-1,93,96,94,-1,94,96,97,-1,94,97,98,-1,90,99,91,-1,91,99,89,-1,91,89,100,-1,100,89,88,-1,101,102,103,-1,92,104,76,-1,76,104,103,-1,76,103,105,-1,105,103,102,-1,81,83,106,-1,106,83,107,-1,106,107,108,-1,98,97,109,-1,109,97,110,-1,109,110,111,-1,89,112,87,-1,87,112,113,-1,87,113,114,-1,114,113,115,-1,103,116,101,-1,101,116,117,-1,101,117,118,-1,118,117,119,-1,120,121,122,-1,123,124,125,-1,125,124,126,-1,125,126,120,-1,127,128,129,-1,120,126,121,-1,121,126,130,-1,121,130,131,-1,132,133,134,-1,126,135,130,-1,130,135,129,-1,130,129,136,-1,136,129,128,-1,137,138,139,-1,140,141,122,-1,122,141,142,-1,122,142,120,-1,140,143,141,-1,141,143,144,-1,141,144,145,-1,131,146,121,-1,121,146,139,-1,121,139,147,-1,147,139,138,-1,123,125,133,-1,133,125,148,-1,133,148,134,-1,129,149,127,-1,127,149,150,-1,127,150,151,-1,151,150,152,-1,145,144,153,-1,153,144,154,-1,153,154,155,-1,139,156,137,-1,137,156,157,-1,137,157,158,-1,158,157,159,-1,134,160,132,-1,132,160,161,-1,132,161,162,-1,162,161,163,-1,164,165,166,-1,166,165,167,-1,168,169,170,-1,170,169,171,-1,172,173,174,-1,174,173,175,-1,176,177,178,-1,178,177,179,-1,180,181,182,-1,182,181,183,-1,184,185,186,-1,186,185,187,-1,188,189,190,-1,190,189,191,-1,192,193,194,-1,194,193,195,-1,196,197,198,-1,198,197,199,-1,200,201,202,-1,196,203,197,-1,197,203,204,-1,197,204,205,-1,205,204,201,-1,201,204,206,-1,201,206,202,-1,207,198,208,-1,208,198,199,-1,208,199,209,-1,209,199,210,-1,211,212,207,-1,207,212,213,-1,207,213,198,-1,196,214,203,-1,203,214,215,-1,203,215,216,-1,216,215,217,-1,202,218,200,-1,200,218,219,-1,200,219,220,-1,220,219,221,-1,211,222,212,-1,212,222,223,-1,212,223,224,-1,224,223,225,-1,224,225,226,-1,226,225,227,-1,217,215,228,-1,228,215,229,-1,228,229,230,-1,230,229,231,-1,230,231,232,-1,199,233,210,-1,210,233,234,-1,210,234,235,-1,235,234,236,-1,235,236,237,-1,237,236,238,-1,237,238,239,-1,240,241,242,-1,242,241,243,-1,244,245,246,-1,246,245,247,-1,248,249,250,-1,251,252,253,-1,254,255,244,-1,244,255,256,-1,244,256,245,-1,254,257,255,-1,255,257,258,-1,255,258,259,-1,247,245,241,-1,241,245,260,-1,241,260,243,-1,247,261,246,-1,246,261,253,-1,246,253,262,-1,262,253,252,-1,263,264,265,-1,240,242,249,-1,249,242,266,-1,249,266,250,-1,260,267,243,-1,243,267,265,-1,243,265,268,-1,268,265,264,-1,259,258,269,-1,269,258,270,-1,269,270,271,-1,253,272,251,-1,251,272,273,-1,251,273,274,-1,274,273,275,-1,250,276,248,-1,248,276,277,-1,248,277,278,-1,278,277,279,-1,265,280,263,-1,263,280,281,-1,263,281,282,-1,282,281,283,-1,284,285,286,-1,286,285,287,-1,288,289,290,-1,290,289,291,-1,292,293,294,-1,294,293,295,-1,296,297,298,-1,298,297,299,-1,300,301,302,-1,302,301,303,-1,304,305,306,-1,306,305,307,-1,308,309,310,-1,310,309,311,-1,312,313,314,-1,314,313,315,-1,316,317,318,-1,319,320,321,-1,319,322,320,-1,320,322,323,-1,320,323,324,-1,325,326,327,-1,327,326,328,-1,327,328,329,-1,321,329,319,-1,319,329,328,-1,319,328,318,-1,318,328,330,-1,318,330,316,-1,316,330,331,-1,316,331,332,-1,333,334,335,-1,335,334,336,-1,317,337,318,-1,318,337,336,-1,318,336,338,-1,338,336,334,-1,323,339,324,-1,324,339,340,-1,324,340,341,-1,341,340,342,-1,333,335,343,-1,343,335,344,-1,343,344,345,-1,327,346,325,-1,325,346,347,-1,325,347,348,-1,348,347,349,-1,348,349,350,-1,350,349,351,-1,350,351,352,-1,353,354,355,-1,355,354,356,-1,355,356,357,-1,357,356,358,-1,357,358,332,-1,332,358,359,-1,332,359,316,-1,360,361,362,-1,363,364,365,-1,366,367,368,-1,368,367,369,-1,366,363,367,-1,367,363,365,-1,367,365,362,-1,362,365,370,-1,362,370,360,-1,364,371,365,-1,365,371,372,-1,365,372,373,-1,373,372,374,-1,375,376,361,-1,361,376,377,-1,361,377,362,-1,375,378,376,-1,376,378,379,-1,376,379,380,-1,381,382,370,-1,370,382,383,-1,370,383,360,-1,369,384,368,-1,368,384,385,-1,368,385,386,-1,386,385,387,-1,386,387,388,-1,388,387,389,-1,374,372,390,-1,390,372,391,-1,390,391,392,-1,392,391,393,-1,392,393,394,-1,380,379,395,-1,395,379,396,-1,395,396,397,-1,381,398,382,-1,382,398,399,-1,382,399,400,-1,400,399,401,-1,400,401,402,-1,402,401,403,-1,404,405,406,-1,406,405,407,-1,408,409,410,-1,410,409,411,-1,412,413,414,-1,414,413,415,-1,416,417,418,-1,418,417,419,-1,420,421,422,-1,422,421,423,-1,424,425,426,-1,426,425,427,-1,426,427,428,-1,429,430,431,-1,431,430,432,-1,433,434,435,-1,435,434,436,-1,435,436,437,-1,438,439,440,-1,441,442,443,-1,444,440,445,-1,445,440,439,-1,445,439,446,-1,444,447,440,-1,440,447,448,-1,440,448,449,-1,449,448,450,-1,440,451,438,-1,438,451,452,-1,438,452,453,-1,446,439,442,-1,442,439,454,-1,442,454,443,-1,455,456,451,-1,451,456,457,-1,451,457,452,-1,458,459,460,-1,460,459,461,-1,453,462,438,-1,438,462,461,-1,438,461,463,-1,463,461,459,-1,450,448,464,-1,464,448,465,-1,464,465,466,-1,466,465,467,-1,466,467,468,-1,443,469,441,-1,441,469,470,-1,441,470,471,-1,471,470,472,-1,455,473,456,-1,456,473,474,-1,456,474,475,-1,475,474,476,-1,475,476,477,-1,477,476,478,-1,458,460,479,-1,479,460,480,-1,479,480,481,-1,482,483,484,-1,485,486,487,-1,488,489,490,-1,490,489,491,-1,488,485,489,-1,489,485,487,-1,489,487,484,-1,484,487,492,-1,484,492,482,-1,493,494,495,-1,486,496,487,-1,487,496,497,-1,487,497,498,-1,498,497,499,-1,483,500,484,-1,484,500,495,-1,484,495,501,-1,501,495,494,-1,502,503,492,-1,492,503,504,-1,492,504,482,-1,491,505,490,-1,490,505,506,-1,490,506,507,-1,507,506,508,-1,507,508,509,-1,509,508,510,-1,499,497,511,-1,511,497,512,-1,511,512,513,-1,513,512,514,-1,513,514,515,-1,495,516,493,-1,493,516,517,-1,493,517,518,-1,518,517,519,-1,502,520,503,-1,503,520,521,-1,503,521,522,-1,522,521,523,-1,522,523,524,-1,524,523,525,-1,526,527,528,-1,528,527,529,-1,530,531,532,-1,532,531,533,-1,534,535,536,-1,536,535,537,-1,538,539,540,-1,540,539,541,-1,542,543,544,-1,544,543,545,-1,546,547,548,-1,548,547,549,-1,550,551,552,-1,552,551,553,-1,554,555,556,-1,556,555,557,-1,558,559,560,-1,560,559,561,-1,560,561,562,-1,563,564,559,-1,559,564,565,-1,559,565,561,-1,560,566,558,-1,558,566,567,-1,558,567,568,-1,562,569,560,-1,560,569,570,-1,560,570,571,-1,571,570,572,-1,573,574,566,-1,566,574,575,-1,566,575,567,-1,568,576,558,-1,558,576,577,-1,558,577,578,-1,578,577,579,-1,563,580,564,-1,564,580,581,-1,564,581,582,-1,582,581,583,-1,582,583,584,-1,584,583,585,-1,572,570,586,-1,586,570,587,-1,586,587,588,-1,588,587,589,-1,588,589,590,-1,573,591,574,-1,574,591,592,-1,574,592,593,-1,593,592,594,-1,593,594,595,-1,595,594,596,-1,579,577,597,-1,597,577,598,-1,597,598,599,-1,599,598,600,-1,599,600,601,-1,602,603,604,-1,605,606,607,-1,607,606,608,-1,605,609,606,-1,606,609,610,-1,606,610,611,-1,611,610,612,-1,608,606,604,-1,604,606,613,-1,604,613,602,-1,614,615,616,-1,617,618,608,-1,608,618,619,-1,608,619,607,-1,617,620,618,-1,618,620,621,-1,618,621,622,-1,603,623,604,-1,604,623,616,-1,604,616,624,-1,624,616,615,-1,625,626,613,-1,613,626,627,-1,613,627,602,-1,612,610,628,-1,628,610,629,-1,628,629,630,-1,630,629,631,-1,630,631,632,-1,622,621,633,-1,633,621,634,-1,633,634,635,-1,616,636,614,-1,614,636,637,-1,614,637,638,-1,638,637,639,-1,625,640,626,-1,626,640,641,-1,626,641,642,-1,642,641,643,-1,642,643,644,-1,644,643,645,-1,646,647,648,-1,648,647,649,-1,650,651,652,-1,652,651,653,-1,654,655,656,-1,656,655,657,-1,658,659,660,-1,660,659,661,-1,662,663,664,-1,664,663,665,-1,666,667,668,-1,668,667,669,-1,670,671,672,-1,672,671,673,-1,674,675,676,-1,676,675,677,-1,678,679,680,-1,680,679,681,-1,680,681,682,-1,682,683,680,-1,680,683,684,-1,680,684,685,-1,685,684,686,-1,680,687,678,-1,678,687,688,-1,678,688,689,-1,690,691,679,-1,679,691,692,-1,679,692,681,-1,693,694,687,-1,687,694,695,-1,687,695,688,-1,689,696,678,-1,678,696,697,-1,678,697,698,-1,698,697,699,-1,686,684,700,-1,700,684,701,-1,700,701,702,-1,702,701,703,-1,702,703,704,-1,690,705,691,-1,691,705,706,-1,691,706,707,-1,707,706,708,-1,707,708,709,-1,709,708,710,-1,693,711,694,-1,694,711,712,-1,694,712,713,-1,713,712,714,-1,713,714,715,-1,715,714,716,-1,699,697,717,-1,717,697,718,-1,717,718,719,-1,719,718,720,-1,719,720,721,-1,722,723,724,-1,725,726,727,-1,728,729,730,-1,730,729,731,-1,728,725,729,-1,729,725,727,-1,729,727,724,-1,724,727,732,-1,724,732,722,-1,733,734,735,-1,726,736,727,-1,727,736,737,-1,727,737,738,-1,738,737,739,-1,723,740,724,-1,724,740,735,-1,724,735,741,-1,741,735,734,-1,742,743,732,-1,732,743,744,-1,732,744,722,-1,731,745,730,-1,730,745,746,-1,730,746,747,-1,747,746,748,-1,747,748,749,-1,749,748,750,-1,739,737,751,-1,751,737,752,-1,751,752,753,-1,753,752,754,-1,753,754,755,-1,735,756,733,-1,733,756,757,-1,733,757,758,-1,758,757,759,-1,742,760,743,-1,743,760,761,-1,743,761,762,-1,762,761,763,-1,762,763,764,-1,764,763,765,-1,766,767,768,-1,768,767,769,-1,770,771,772,-1,772,771,773,-1,774,775,776,-1,776,775,777,-1,778,779,780,-1,780,779,781,-1,782,783,784,-1,784,783,785,-1,786,787,788,-1,788,787,789,-1,790,791,792,-1,792,791,793,-1,794,795,796,-1,796,795,797,-1,798,799,800,-1,800,799,801,-1,800,801,802,-1,803,804,799,-1,799,804,805,-1,799,805,801,-1,800,806,798,-1,798,806,807,-1,798,807,808,-1,802,809,800,-1,800,809,810,-1,800,810,811,-1,811,810,812,-1,813,814,806,-1,806,814,815,-1,806,815,807,-1,808,816,798,-1,798,816,817,-1,798,817,818,-1,818,817,819,-1,803,820,804,-1,804,820,821,-1,804,821,822,-1,822,821,823,-1,822,823,824,-1,824,823,825,-1,812,810,826,-1,826,810,827,-1,826,827,828,-1,828,827,829,-1,828,829,830,-1,813,831,814,-1,814,831,832,-1,814,832,833,-1,833,832,834,-1,833,834,835,-1,835,834,836,-1,819,817,837,-1,837,817,838,-1,837,838,839,-1,839,838,840,-1,839,840,841,-1,75,842,80,-1,75,80,74,-1,74,80,79,-1,74,79,843,-1,71,844,90,-1,71,90,70,-1,70,90,78,-1,70,78,845,-1,60,846,77,-1,60,77,61,-1,61,77,76,-1,61,76,847,-1,67,848,92,-1,67,92,66,-1,66,92,91,-1,66,91,849,-1,52,850,4,-1,52,4,53,-1,53,4,3,-1,53,3,851,-1,59,852,1,-1,59,1,58,-1,58,1,0,-1,58,0,853,-1,51,854,15,-1,51,15,50,-1,50,15,2,-1,50,2,855,-1,44,856,17,-1,44,17,45,-1,45,17,16,-1,45,16,857,-1,195,858,207,-1,195,207,194,-1,194,207,208,-1,194,208,859,-1,191,860,196,-1,191,196,190,-1,190,196,198,-1,190,198,861,-1,180,862,199,-1,180,199,181,-1,181,199,197,-1,181,197,863,-1,187,864,204,-1,187,204,186,-1,186,204,203,-1,186,203,865,-1,172,866,125,-1,172,125,173,-1,173,125,120,-1,173,120,867,-1,179,868,122,-1,179,122,178,-1,178,122,121,-1,178,121,869,-1,171,870,126,-1,171,126,170,-1,170,126,124,-1,170,124,871,-1,164,872,131,-1,164,131,165,-1,165,131,130,-1,165,130,873,-1,315,874,330,-1,315,330,314,-1,314,330,328,-1,314,328,875,-1,311,876,317,-1,311,317,310,-1,310,317,316,-1,310,316,877,-1,300,878,327,-1,300,327,301,-1,301,327,329,-1,301,329,879,-1,307,880,319,-1,307,319,306,-1,306,319,318,-1,306,318,881,-1,292,882,260,-1,292,260,293,-1,293,260,245,-1,293,245,883,-1,299,884,244,-1,299,244,298,-1,298,244,246,-1,298,246,885,-1,291,886,242,-1,291,242,290,-1,290,242,243,-1,290,243,887,-1,284,888,247,-1,284,247,285,-1,285,247,241,-1,285,241,889,-1,434,890,453,-1,434,453,436,-1,436,453,452,-1,436,452,891,-1,432,892,439,-1,432,439,431,-1,431,439,438,-1,431,438,893,-1,420,894,451,-1,420,451,421,-1,421,451,440,-1,421,440,895,-1,425,896,444,-1,425,444,427,-1,427,444,445,-1,427,445,897,-1,412,898,361,-1,412,361,413,-1,413,361,360,-1,413,360,899,-1,419,900,370,-1,419,370,418,-1,418,370,365,-1,418,365,901,-1,411,902,367,-1,411,367,410,-1,410,367,362,-1,410,362,903,-1,404,904,364,-1,404,364,405,-1,405,364,363,-1,405,363,905,-1,557,906,562,-1,557,562,556,-1,556,562,561,-1,556,561,907,-1,553,908,566,-1,553,566,552,-1,552,566,560,-1,552,560,909,-1,542,910,559,-1,542,559,543,-1,543,559,558,-1,543,558,911,-1,549,912,568,-1,549,568,548,-1,548,568,567,-1,548,567,913,-1,534,914,483,-1,534,483,535,-1,535,483,482,-1,535,482,915,-1,541,916,492,-1,541,492,540,-1,540,492,487,-1,540,487,917,-1,533,918,489,-1,533,489,532,-1,532,489,484,-1,532,484,919,-1,526,920,486,-1,526,486,527,-1,527,486,485,-1,527,485,921,-1,677,922,689,-1,677,689,676,-1,676,689,688,-1,676,688,923,-1,673,924,679,-1,673,679,672,-1,672,679,678,-1,672,678,925,-1,662,926,687,-1,662,687,663,-1,663,687,680,-1,663,680,927,-1,669,928,682,-1,669,682,668,-1,668,682,681,-1,668,681,929,-1,654,930,603,-1,654,603,655,-1,655,603,602,-1,655,602,931,-1,661,932,613,-1,661,613,660,-1,660,613,606,-1,660,606,933,-1,934,608,653,-1,653,608,604,-1,653,604,652,-1,652,604,935,-1,646,936,605,-1,646,605,647,-1,647,605,607,-1,647,607,937,-1,797,938,808,-1,797,808,796,-1,796,808,807,-1,796,807,939,-1,793,940,799,-1,793,799,792,-1,792,799,798,-1,792,798,941,-1,782,942,806,-1,782,806,783,-1,783,806,800,-1,783,800,943,-1,789,944,802,-1,789,802,788,-1,788,802,801,-1,788,801,945,-1,774,946,723,-1,774,723,775,-1,775,723,722,-1,775,722,947,-1,781,948,732,-1,781,732,780,-1,780,732,727,-1,780,727,949,-1,773,950,729,-1,773,729,772,-1,772,729,724,-1,772,724,951,-1,766,952,726,-1,766,726,767,-1,767,726,725,-1,767,725,953,-1,856,44,46,-1,856,46,954,-1,954,46,955,-1,954,955,956,-1,956,955,957,-1,956,957,958,-1,958,957,959,-1,959,957,960,-1,959,960,961,-1,961,960,962,-1,962,960,963,-1,962,963,964,-1,964,963,965,-1,965,963,966,-1,965,966,967,-1,56,58,966,-1,966,58,853,-1,966,853,967,-1,41,40,959,-1,959,40,958,-1,958,40,27,-1,958,27,956,-1,956,27,28,-1,956,28,954,-1,954,28,17,-1,954,17,856,-1,41,959,43,-1,43,959,961,-1,43,961,42,-1,42,961,962,-1,42,962,25,-1,965,29,26,-1,25,962,26,-1,26,962,964,-1,26,964,965,-1,29,965,0,-1,0,965,967,-1,0,967,853,-1,850,52,54,-1,850,54,968,-1,968,54,969,-1,968,969,970,-1,970,969,971,-1,970,971,972,-1,972,971,973,-1,973,971,974,-1,973,974,975,-1,975,974,976,-1,976,974,977,-1,976,977,978,-1,978,977,979,-1,979,977,980,-1,979,980,981,-1,48,50,980,-1,980,50,855,-1,980,855,981,-1,981,855,2,-1,981,2,979,-1,2,5,979,-1,979,5,7,-1,979,7,978,-1,978,7,976,-1,7,6,976,-1,976,6,35,-1,976,35,975,-1,975,35,36,-1,975,36,973,-1,36,34,973,-1,973,34,33,-1,973,33,972,-1,972,33,8,-1,972,8,970,-1,970,8,18,-1,970,18,968,-1,968,18,4,-1,968,4,850,-1,852,59,57,-1,852,57,982,-1,982,57,983,-1,982,983,984,-1,984,983,985,-1,984,985,986,-1,986,985,987,-1,987,985,988,-1,987,988,989,-1,989,988,990,-1,990,988,991,-1,990,991,992,-1,992,991,993,-1,993,991,994,-1,993,994,995,-1,55,53,994,-1,994,53,851,-1,994,851,995,-1,31,13,987,-1,987,13,986,-1,986,13,12,-1,986,12,984,-1,984,12,9,-1,984,9,982,-1,982,9,1,-1,982,1,852,-1,31,987,32,-1,32,987,989,-1,32,989,30,-1,30,989,990,-1,30,990,14,-1,993,11,10,-1,14,990,10,-1,10,990,992,-1,10,992,993,-1,11,993,3,-1,3,993,995,-1,3,995,851,-1,848,67,65,-1,848,65,996,-1,996,65,997,-1,996,997,998,-1,998,997,999,-1,998,999,1000,-1,1000,999,1001,-1,1001,999,1002,-1,1001,1002,1003,-1,1003,1002,1004,-1,1004,1002,1005,-1,1004,1005,1006,-1,1006,1005,1007,-1,1007,1005,1008,-1,1007,1008,1009,-1,63,61,1008,-1,1008,61,847,-1,1008,847,1009,-1,117,116,1001,-1,1001,116,1000,-1,1000,116,103,-1,1000,103,998,-1,998,103,104,-1,998,104,996,-1,996,104,92,-1,996,92,848,-1,117,1001,119,-1,119,1001,1003,-1,119,1003,118,-1,118,1003,1004,-1,118,1004,101,-1,1007,105,102,-1,101,1004,102,-1,102,1004,1006,-1,102,1006,1007,-1,105,1007,76,-1,76,1007,1009,-1,76,1009,847,-1,844,71,69,-1,844,69,1010,-1,1010,69,1011,-1,1010,1011,1012,-1,1012,1011,1013,-1,1012,1013,1014,-1,1014,1013,1015,-1,1015,1013,1016,-1,1015,1016,1017,-1,1017,1016,1018,-1,1018,1016,1019,-1,1018,1019,1020,-1,1020,1019,1021,-1,1021,1019,1022,-1,1021,1022,1023,-1,64,66,1022,-1,1022,66,849,-1,1022,849,1023,-1,1023,849,91,-1,1023,91,1021,-1,91,100,1021,-1,1021,100,88,-1,1021,88,1020,-1,1020,88,1018,-1,88,87,1018,-1,1018,87,114,-1,1018,114,1017,-1,1017,114,115,-1,1017,115,1015,-1,115,113,1015,-1,1015,113,112,-1,1015,112,1014,-1,1014,112,89,-1,1014,89,1012,-1,1012,89,99,-1,1012,99,1010,-1,1010,99,90,-1,1010,90,844,-1,846,60,62,-1,846,62,1024,-1,1024,62,1025,-1,1024,1025,1026,-1,1026,1025,1027,-1,1026,1027,1028,-1,1028,1027,1029,-1,1029,1027,1030,-1,1029,1030,1031,-1,1031,1030,1032,-1,1032,1030,1033,-1,1032,1033,1034,-1,1034,1033,1035,-1,1035,1033,1036,-1,1035,1036,1037,-1,72,74,1036,-1,1036,74,843,-1,1036,843,1037,-1,107,83,1029,-1,1029,83,1028,-1,1028,83,84,-1,1028,84,1026,-1,1026,84,85,-1,1026,85,1024,-1,1024,85,77,-1,1024,77,846,-1,107,1029,108,-1,108,1029,1031,-1,108,1031,106,-1,106,1031,1032,-1,106,1032,81,-1,1035,86,82,-1,81,1032,82,-1,82,1032,1034,-1,82,1034,1035,-1,86,1035,79,-1,79,1035,1037,-1,79,1037,843,-1,842,75,73,-1,842,73,1038,-1,1038,73,1039,-1,1038,1039,1040,-1,1040,1039,1041,-1,1040,1041,1042,-1,1042,1041,1043,-1,1043,1041,1044,-1,1043,1044,1045,-1,1045,1044,1046,-1,1046,1044,1047,-1,1046,1047,1048,-1,1048,1047,1049,-1,1049,1047,1050,-1,1049,1050,1051,-1,68,70,1050,-1,1050,70,845,-1,1050,845,1051,-1,1051,845,78,-1,1051,78,1049,-1,78,95,1049,-1,1049,95,94,-1,1049,94,1048,-1,1048,94,1046,-1,94,98,1046,-1,1046,98,109,-1,1046,109,1045,-1,1045,109,111,-1,1045,111,1043,-1,111,110,1043,-1,1043,110,97,-1,1043,97,1042,-1,1042,97,96,-1,1042,96,1040,-1,1040,96,93,-1,1040,93,1038,-1,1038,93,80,-1,1038,80,842,-1,854,51,49,-1,854,49,1052,-1,1052,49,1053,-1,1052,1053,1054,-1,1054,1053,1055,-1,1054,1055,1056,-1,1056,1055,1057,-1,1057,1055,1058,-1,1057,1058,1059,-1,1059,1058,1060,-1,1060,1058,1061,-1,1060,1061,1062,-1,1062,1061,1063,-1,1063,1061,1064,-1,1063,1064,1065,-1,47,45,1064,-1,1064,45,857,-1,1064,857,1065,-1,1065,857,16,-1,1065,16,1063,-1,16,24,1063,-1,1063,24,20,-1,1063,20,1062,-1,1062,20,1060,-1,20,19,1060,-1,1060,19,37,-1,1060,37,1059,-1,1059,37,39,-1,1059,39,1057,-1,39,38,1057,-1,1057,38,21,-1,1057,21,1056,-1,1056,21,22,-1,1056,22,1054,-1,1054,22,23,-1,1054,23,1052,-1,1052,23,15,-1,1052,15,854,-1,872,164,166,-1,872,166,1066,-1,1066,166,1067,-1,1066,1067,1068,-1,1068,1067,1069,-1,1068,1069,1070,-1,1070,1069,1071,-1,1071,1069,1072,-1,1071,1072,1073,-1,1073,1072,1074,-1,1074,1072,1075,-1,1074,1075,1076,-1,1076,1075,1077,-1,1077,1075,1078,-1,1077,1078,1079,-1,176,178,1078,-1,1078,178,869,-1,1078,869,1079,-1,157,156,1071,-1,1071,156,1070,-1,1070,156,139,-1,1070,139,1068,-1,1068,139,146,-1,1068,146,1066,-1,1066,146,131,-1,1066,131,872,-1,157,1071,159,-1,159,1071,1073,-1,159,1073,158,-1,158,1073,1074,-1,158,1074,137,-1,1077,147,138,-1,137,1074,138,-1,138,1074,1076,-1,138,1076,1077,-1,147,1077,121,-1,121,1077,1079,-1,121,1079,869,-1,866,172,174,-1,866,174,1080,-1,1080,174,1081,-1,1080,1081,1082,-1,1082,1081,1083,-1,1082,1083,1084,-1,1084,1083,1085,-1,1085,1083,1086,-1,1085,1086,1087,-1,1087,1086,1088,-1,1088,1086,1089,-1,1088,1089,1090,-1,1090,1089,1091,-1,1091,1089,1092,-1,1091,1092,1093,-1,168,170,1092,-1,1092,170,871,-1,1092,871,1093,-1,1093,871,124,-1,1093,124,1091,-1,124,123,1091,-1,1091,123,133,-1,1091,133,1090,-1,1090,133,1088,-1,133,132,1088,-1,1088,132,162,-1,1088,162,1087,-1,1087,162,163,-1,1087,163,1085,-1,163,161,1085,-1,1085,161,160,-1,1085,160,1084,-1,1084,160,134,-1,1084,134,1082,-1,1082,134,148,-1,1082,148,1080,-1,1080,148,125,-1,1080,125,866,-1,868,179,177,-1,868,177,1094,-1,1094,177,1095,-1,1094,1095,1096,-1,1096,1095,1097,-1,1096,1097,1098,-1,1098,1097,1099,-1,1099,1097,1100,-1,1099,1100,1101,-1,1101,1100,1102,-1,1102,1100,1103,-1,1102,1103,1104,-1,1104,1103,1105,-1,1105,1103,1106,-1,1105,1106,1107,-1,175,173,1106,-1,1106,173,867,-1,1106,867,1107,-1,154,144,1099,-1,1099,144,1098,-1,1098,144,143,-1,1098,143,1096,-1,1096,143,140,-1,1096,140,1094,-1,1094,140,122,-1,1094,122,868,-1,154,1099,155,-1,155,1099,1101,-1,155,1101,153,-1,153,1101,1102,-1,153,1102,145,-1,1105,142,141,-1,145,1102,141,-1,141,1102,1104,-1,141,1104,1105,-1,142,1105,120,-1,120,1105,1107,-1,120,1107,867,-1,864,187,185,-1,864,185,1108,-1,1108,185,1109,-1,1108,1109,1110,-1,1110,1109,1111,-1,1110,1111,1112,-1,1112,1111,1113,-1,1113,1111,1114,-1,1113,1114,1115,-1,1115,1114,1116,-1,1116,1114,1117,-1,1116,1117,1118,-1,1118,1117,1119,-1,1119,1117,1120,-1,1119,1120,1121,-1,183,181,1120,-1,1120,181,863,-1,1120,863,1121,-1,219,218,1113,-1,1113,218,1112,-1,1112,218,202,-1,1112,202,1110,-1,1110,202,206,-1,1110,206,1108,-1,1108,206,204,-1,1108,204,864,-1,219,1113,221,-1,221,1113,1115,-1,221,1115,220,-1,220,1115,1116,-1,220,1116,200,-1,1119,205,201,-1,200,1116,201,-1,201,1116,1118,-1,201,1118,1119,-1,205,1119,197,-1,197,1119,1121,-1,197,1121,863,-1,860,191,189,-1,860,189,1122,-1,1122,189,1123,-1,1122,1123,1124,-1,1124,1123,1125,-1,1124,1125,1126,-1,1126,1125,1127,-1,1127,1125,1128,-1,1127,1128,1129,-1,1129,1128,1130,-1,1130,1128,1131,-1,1130,1131,1132,-1,1132,1131,1133,-1,1133,1131,1134,-1,1133,1134,1135,-1,184,186,1134,-1,1134,186,865,-1,1134,865,1135,-1,1135,865,203,-1,1135,203,1133,-1,203,216,1133,-1,1133,216,217,-1,1133,217,1132,-1,1132,217,1130,-1,217,228,1130,-1,1130,228,230,-1,1130,230,1129,-1,1129,230,232,-1,1129,232,1127,-1,232,231,1127,-1,1127,231,229,-1,1127,229,1126,-1,1126,229,215,-1,1126,215,1124,-1,1124,215,214,-1,1124,214,1122,-1,1122,214,196,-1,1122,196,860,-1,862,180,182,-1,862,182,1136,-1,1136,182,1137,-1,1136,1137,1138,-1,1138,1137,1139,-1,1138,1139,1140,-1,1140,1139,1141,-1,1141,1139,1142,-1,1141,1142,1143,-1,1143,1142,1144,-1,1144,1142,1145,-1,1144,1145,1146,-1,1146,1145,1147,-1,1147,1145,1148,-1,1147,1148,1149,-1,192,194,1148,-1,1148,194,859,-1,1148,859,1149,-1,238,236,1141,-1,1141,236,1140,-1,1140,236,234,-1,1140,234,1138,-1,1138,234,233,-1,1138,233,1136,-1,1136,233,199,-1,1136,199,862,-1,238,1141,239,-1,239,1141,1143,-1,239,1143,237,-1,237,1143,1144,-1,237,1144,235,-1,1147,209,210,-1,235,1144,210,-1,210,1144,1146,-1,210,1146,1147,-1,209,1147,208,-1,208,1147,1149,-1,208,1149,859,-1,858,195,193,-1,858,193,1150,-1,1150,193,1151,-1,1150,1151,1152,-1,1152,1151,1153,-1,1152,1153,1154,-1,1154,1153,1155,-1,1155,1153,1156,-1,1155,1156,1157,-1,1157,1156,1158,-1,1158,1156,1159,-1,1158,1159,1160,-1,1160,1159,1161,-1,1161,1159,1162,-1,1161,1162,1163,-1,188,190,1162,-1,1162,190,861,-1,1162,861,1163,-1,1163,861,198,-1,1163,198,1161,-1,198,213,1161,-1,1161,213,212,-1,1161,212,1160,-1,1160,212,1158,-1,212,224,1158,-1,1158,224,226,-1,1158,226,1157,-1,1157,226,227,-1,1157,227,1155,-1,227,225,1155,-1,1155,225,223,-1,1155,223,1154,-1,1154,223,222,-1,1154,222,1152,-1,1152,222,211,-1,1152,211,1150,-1,1150,211,207,-1,1150,207,858,-1,870,171,169,-1,870,169,1164,-1,1164,169,1165,-1,1164,1165,1166,-1,1166,1165,1167,-1,1166,1167,1168,-1,1168,1167,1169,-1,1169,1167,1170,-1,1169,1170,1171,-1,1171,1170,1172,-1,1172,1170,1173,-1,1172,1173,1174,-1,1174,1173,1175,-1,1175,1173,1176,-1,1175,1176,1177,-1,167,165,1176,-1,1176,165,873,-1,1176,873,1177,-1,1177,873,130,-1,1177,130,1175,-1,130,136,1175,-1,1175,136,128,-1,1175,128,1174,-1,1174,128,1172,-1,128,127,1172,-1,1172,127,151,-1,1172,151,1171,-1,1171,151,152,-1,1171,152,1169,-1,152,150,1169,-1,1169,150,149,-1,1169,149,1168,-1,1168,149,129,-1,1168,129,1166,-1,1166,129,135,-1,1166,135,1164,-1,1164,135,126,-1,1164,126,870,-1,888,284,286,-1,888,286,1178,-1,1178,286,1179,-1,1178,1179,1180,-1,1180,1179,1181,-1,1180,1181,1182,-1,1182,1181,1183,-1,1183,1181,1184,-1,1183,1184,1185,-1,1185,1184,1186,-1,1186,1184,1187,-1,1186,1187,1188,-1,1188,1187,1189,-1,1189,1187,1190,-1,1189,1190,1191,-1,296,298,1190,-1,1190,298,885,-1,1190,885,1191,-1,273,272,1183,-1,1183,272,1182,-1,1182,272,253,-1,1182,253,1180,-1,1180,253,261,-1,1180,261,1178,-1,1178,261,247,-1,1178,247,888,-1,273,1183,275,-1,275,1183,1185,-1,275,1185,274,-1,274,1185,1186,-1,274,1186,251,-1,1189,262,252,-1,251,1186,252,-1,252,1186,1188,-1,252,1188,1189,-1,262,1189,246,-1,246,1189,1191,-1,246,1191,885,-1,882,292,294,-1,882,294,1192,-1,1192,294,1193,-1,1192,1193,1194,-1,1194,1193,1195,-1,1194,1195,1196,-1,1196,1195,1197,-1,1197,1195,1198,-1,1197,1198,1199,-1,1199,1198,1200,-1,1200,1198,1201,-1,1200,1201,1202,-1,1202,1201,1203,-1,1203,1201,1204,-1,1203,1204,1205,-1,288,290,1204,-1,1204,290,887,-1,1204,887,1205,-1,1205,887,243,-1,1205,243,1203,-1,243,268,1203,-1,1203,268,264,-1,1203,264,1202,-1,1202,264,1200,-1,264,263,1200,-1,1200,263,282,-1,1200,282,1199,-1,1199,282,283,-1,1199,283,1197,-1,283,281,1197,-1,1197,281,280,-1,1197,280,1196,-1,1196,280,265,-1,1196,265,1194,-1,1194,265,267,-1,1194,267,1192,-1,1192,267,260,-1,1192,260,882,-1,884,299,297,-1,884,297,1206,-1,1206,297,1207,-1,1206,1207,1208,-1,1208,1207,1209,-1,1208,1209,1210,-1,1210,1209,1211,-1,1211,1209,1212,-1,1211,1212,1213,-1,1213,1212,1214,-1,1214,1212,1215,-1,1214,1215,1216,-1,1216,1215,1217,-1,1217,1215,1218,-1,1217,1218,1219,-1,295,293,1218,-1,1218,293,883,-1,1218,883,1219,-1,270,258,1211,-1,1211,258,1210,-1,1210,258,257,-1,1210,257,1208,-1,1208,257,254,-1,1208,254,1206,-1,1206,254,244,-1,1206,244,884,-1,270,1211,271,-1,271,1211,1213,-1,271,1213,269,-1,269,1213,1214,-1,269,1214,259,-1,1217,256,255,-1,259,1214,255,-1,255,1214,1216,-1,255,1216,1217,-1,256,1217,245,-1,245,1217,1219,-1,245,1219,883,-1,880,307,305,-1,880,305,1220,-1,1220,305,1221,-1,1220,1221,1222,-1,1222,1221,1223,-1,1222,1223,1224,-1,1224,1223,1225,-1,1225,1223,1226,-1,1225,1226,1227,-1,1227,1226,1228,-1,1228,1226,1229,-1,1228,1229,1230,-1,1230,1229,1231,-1,1231,1229,1232,-1,1231,1232,1233,-1,303,301,1232,-1,1232,301,879,-1,1232,879,1233,-1,340,339,1225,-1,1225,339,1224,-1,1224,339,323,-1,1224,323,1222,-1,1222,323,322,-1,1222,322,1220,-1,1220,322,319,-1,1220,319,880,-1,340,1225,342,-1,342,1225,1227,-1,342,1227,341,-1,341,1227,1228,-1,341,1228,324,-1,1231,321,320,-1,324,1228,320,-1,320,1228,1230,-1,320,1230,1231,-1,321,1231,329,-1,329,1231,1233,-1,329,1233,879,-1,876,311,309,-1,876,309,1234,-1,1234,309,1235,-1,1234,1235,1236,-1,1236,1235,1237,-1,1236,1237,1238,-1,1238,1237,1239,-1,1239,1237,1240,-1,1239,1240,1241,-1,1241,1240,1242,-1,1242,1240,1243,-1,1242,1243,1244,-1,1244,1243,1245,-1,1245,1243,1246,-1,1245,1246,1247,-1,304,306,1246,-1,1246,306,881,-1,1246,881,1247,-1,1247,881,318,-1,1247,318,1245,-1,318,338,1245,-1,1245,338,334,-1,1245,334,1244,-1,1244,334,1242,-1,334,333,1242,-1,1242,333,343,-1,1242,343,1241,-1,1241,343,345,-1,1241,345,1239,-1,345,344,1239,-1,1239,344,335,-1,1239,335,1238,-1,1238,335,336,-1,1238,336,1236,-1,1236,336,337,-1,1236,337,1234,-1,1234,337,317,-1,1234,317,876,-1,878,300,302,-1,878,302,1248,-1,1248,302,1249,-1,1248,1249,1250,-1,1250,1249,1251,-1,1250,1251,1252,-1,1252,1251,1253,-1,1253,1251,1254,-1,1253,1254,1255,-1,1255,1254,1256,-1,1256,1254,1257,-1,1256,1257,1258,-1,1258,1257,1259,-1,1259,1257,1260,-1,1259,1260,1261,-1,312,314,1260,-1,1260,314,875,-1,1260,875,1261,-1,351,349,1253,-1,1253,349,1252,-1,1252,349,347,-1,1252,347,1250,-1,1250,347,346,-1,1250,346,1248,-1,1248,346,327,-1,1248,327,878,-1,351,1253,352,-1,352,1253,1255,-1,352,1255,350,-1,350,1255,1256,-1,350,1256,348,-1,1259,326,325,-1,348,1256,325,-1,325,1256,1258,-1,325,1258,1259,-1,326,1259,328,-1,328,1259,1261,-1,328,1261,875,-1,874,315,313,-1,874,313,1262,-1,1262,313,1263,-1,1262,1263,1264,-1,1264,1263,1265,-1,1264,1265,1266,-1,1266,1265,1267,-1,1267,1265,1268,-1,1267,1268,1269,-1,1269,1268,1270,-1,1270,1268,1271,-1,1270,1271,1272,-1,1272,1271,1273,-1,1273,1271,1274,-1,1273,1274,1275,-1,308,310,1274,-1,1274,310,877,-1,1274,877,1275,-1,1275,877,316,-1,1275,316,1273,-1,316,359,1273,-1,1273,359,358,-1,1273,358,1272,-1,1272,358,1270,-1,358,356,1270,-1,1270,356,354,-1,1270,354,1269,-1,1269,354,353,-1,1269,353,1267,-1,353,355,1267,-1,1267,355,357,-1,1267,357,1266,-1,1266,357,332,-1,1266,332,1264,-1,1264,332,331,-1,1264,331,1262,-1,1262,331,330,-1,1262,330,874,-1,886,291,289,-1,886,289,1276,-1,1276,289,1277,-1,1276,1277,1278,-1,1278,1277,1279,-1,1278,1279,1280,-1,1280,1279,1281,-1,1281,1279,1282,-1,1281,1282,1283,-1,1283,1282,1284,-1,1284,1282,1285,-1,1284,1285,1286,-1,1286,1285,1287,-1,1287,1285,1288,-1,1287,1288,1289,-1,287,285,1288,-1,1288,285,889,-1,1288,889,1289,-1,1289,889,241,-1,1289,241,1287,-1,241,240,1287,-1,1287,240,249,-1,1287,249,1286,-1,1286,249,1284,-1,249,248,1284,-1,1284,248,278,-1,1284,278,1283,-1,1283,278,279,-1,1283,279,1281,-1,279,277,1281,-1,1281,277,276,-1,1281,276,1280,-1,1280,276,250,-1,1280,250,1278,-1,1278,250,266,-1,1278,266,1276,-1,1276,266,242,-1,1276,242,886,-1,904,404,406,-1,904,406,1290,-1,1290,406,1291,-1,1290,1291,1292,-1,1292,1291,1293,-1,1292,1293,1294,-1,1294,1293,1295,-1,1295,1293,1296,-1,1295,1296,1297,-1,1297,1296,1298,-1,1298,1296,1299,-1,1298,1299,1300,-1,1300,1299,1301,-1,1301,1299,1302,-1,1301,1302,1303,-1,416,418,1302,-1,1302,418,901,-1,1302,901,1303,-1,393,391,1295,-1,1295,391,1294,-1,1294,391,372,-1,1294,372,1292,-1,1292,372,371,-1,1292,371,1290,-1,1290,371,364,-1,1290,364,904,-1,393,1295,394,-1,394,1295,1297,-1,394,1297,392,-1,392,1297,1298,-1,392,1298,390,-1,1301,373,374,-1,390,1298,374,-1,374,1298,1300,-1,374,1300,1301,-1,373,1301,365,-1,365,1301,1303,-1,365,1303,901,-1,898,412,414,-1,898,414,1304,-1,1304,414,1305,-1,1304,1305,1306,-1,1306,1305,1307,-1,1306,1307,1308,-1,1308,1307,1309,-1,1309,1307,1310,-1,1309,1310,1311,-1,1311,1310,1312,-1,1312,1310,1313,-1,1312,1313,1314,-1,1314,1313,1315,-1,1315,1313,1316,-1,1315,1316,1317,-1,408,410,1316,-1,1316,410,903,-1,1316,903,1317,-1,1317,903,362,-1,1317,362,1315,-1,362,377,1315,-1,1315,377,376,-1,1315,376,1314,-1,1314,376,1312,-1,376,380,1312,-1,1312,380,395,-1,1312,395,1311,-1,1311,395,397,-1,1311,397,1309,-1,397,396,1309,-1,1309,396,379,-1,1309,379,1308,-1,1308,379,378,-1,1308,378,1306,-1,1306,378,375,-1,1306,375,1304,-1,1304,375,361,-1,1304,361,898,-1,900,419,417,-1,900,417,1318,-1,1318,417,1319,-1,1318,1319,1320,-1,1320,1319,1321,-1,1320,1321,1322,-1,1322,1321,1323,-1,1323,1321,1324,-1,1323,1324,1325,-1,1325,1324,1326,-1,1326,1324,1327,-1,1326,1327,1328,-1,1328,1327,1329,-1,1329,1327,1330,-1,1329,1330,1331,-1,415,413,1330,-1,1330,413,899,-1,1330,899,1331,-1,401,399,1323,-1,1323,399,1322,-1,1322,399,398,-1,1322,398,1320,-1,1320,398,381,-1,1320,381,1318,-1,1318,381,370,-1,1318,370,900,-1,401,1323,403,-1,403,1323,1325,-1,403,1325,402,-1,402,1325,1326,-1,402,1326,400,-1,1329,383,382,-1,400,1326,382,-1,382,1326,1328,-1,382,1328,1329,-1,383,1329,360,-1,360,1329,1331,-1,360,1331,899,-1,896,425,424,-1,896,424,1332,-1,1332,424,1333,-1,1332,1333,1334,-1,1334,1333,1335,-1,1334,1335,1336,-1,1336,1335,1337,-1,1337,1335,1338,-1,1337,1338,1339,-1,1339,1338,1340,-1,1340,1338,1341,-1,1340,1341,1342,-1,1342,1341,1343,-1,1343,1341,1344,-1,1343,1344,1345,-1,423,421,1344,-1,1344,421,895,-1,1344,895,1345,-1,467,465,1337,-1,1337,465,1336,-1,1336,465,448,-1,1336,448,1334,-1,1334,448,447,-1,1334,447,1332,-1,1332,447,444,-1,1332,444,896,-1,467,1337,468,-1,468,1337,1339,-1,468,1339,466,-1,466,1339,1340,-1,466,1340,464,-1,1343,449,450,-1,464,1340,450,-1,450,1340,1342,-1,450,1342,1343,-1,449,1343,440,-1,440,1343,1345,-1,440,1345,895,-1,892,432,430,-1,892,430,1346,-1,1346,430,1347,-1,1346,1347,1348,-1,1348,1347,1349,-1,1348,1349,1350,-1,1350,1349,1351,-1,1351,1349,1352,-1,1351,1352,1353,-1,1353,1352,1354,-1,1354,1352,1355,-1,1354,1355,1356,-1,1356,1355,1357,-1,1357,1355,1358,-1,1357,1358,1359,-1,428,427,1358,-1,1358,427,897,-1,1358,897,1359,-1,1359,897,445,-1,1359,445,1357,-1,445,446,1357,-1,1357,446,442,-1,1357,442,1356,-1,1356,442,1354,-1,442,441,1354,-1,1354,441,471,-1,1354,471,1353,-1,1353,471,472,-1,1353,472,1351,-1,472,470,1351,-1,1351,470,469,-1,1351,469,1350,-1,1350,469,443,-1,1350,443,1348,-1,1348,443,454,-1,1348,454,1346,-1,1346,454,439,-1,1346,439,892,-1,894,420,422,-1,894,422,1360,-1,1360,422,1361,-1,1360,1361,1362,-1,1362,1361,1363,-1,1362,1363,1364,-1,1364,1363,1365,-1,1365,1363,1366,-1,1365,1366,1367,-1,1367,1366,1368,-1,1368,1366,1369,-1,1368,1369,1370,-1,1370,1369,1371,-1,1371,1369,1372,-1,1371,1372,1373,-1,437,436,1372,-1,1372,436,891,-1,1372,891,1373,-1,476,474,1365,-1,1365,474,1364,-1,1364,474,473,-1,1364,473,1362,-1,1362,473,455,-1,1362,455,1360,-1,1360,455,451,-1,1360,451,894,-1,476,1365,478,-1,478,1365,1367,-1,478,1367,477,-1,477,1367,1368,-1,477,1368,475,-1,1371,457,456,-1,475,1368,456,-1,456,1368,1370,-1,456,1370,1371,-1,457,1371,452,-1,452,1371,1373,-1,452,1373,891,-1,890,434,433,-1,890,433,1374,-1,1374,433,1375,-1,1374,1375,1376,-1,1376,1375,1377,-1,1376,1377,1378,-1,1378,1377,1379,-1,1379,1377,1380,-1,1379,1380,1381,-1,1381,1380,1382,-1,1382,1380,1383,-1,1382,1383,1384,-1,1384,1383,1385,-1,1385,1383,1386,-1,1385,1386,1387,-1,429,431,1386,-1,1386,431,893,-1,1386,893,1387,-1,1387,893,438,-1,1387,438,1385,-1,438,463,1385,-1,1385,463,459,-1,1385,459,1384,-1,1384,459,1382,-1,459,458,1382,-1,1382,458,479,-1,1382,479,1381,-1,1381,479,481,-1,1381,481,1379,-1,481,480,1379,-1,1379,480,460,-1,1379,460,1378,-1,1378,460,461,-1,1378,461,1376,-1,1376,461,462,-1,1376,462,1374,-1,1374,462,453,-1,1374,453,890,-1,902,411,409,-1,902,409,1388,-1,1388,409,1389,-1,1388,1389,1390,-1,1390,1389,1391,-1,1390,1391,1392,-1,1392,1391,1393,-1,1393,1391,1394,-1,1393,1394,1395,-1,1395,1394,1396,-1,1396,1394,1397,-1,1396,1397,1398,-1,1398,1397,1399,-1,1399,1397,1400,-1,1399,1400,1401,-1,407,405,1400,-1,1400,405,905,-1,1400,905,1401,-1,1401,905,363,-1,1401,363,1399,-1,363,366,1399,-1,1399,366,368,-1,1399,368,1398,-1,1398,368,1396,-1,368,386,1396,-1,1396,386,388,-1,1396,388,1395,-1,1395,388,389,-1,1395,389,1393,-1,389,387,1393,-1,1393,387,385,-1,1393,385,1392,-1,1392,385,384,-1,1392,384,1390,-1,1390,384,369,-1,1390,369,1388,-1,1388,369,367,-1,1388,367,902,-1,920,526,528,-1,920,528,1402,-1,1402,528,1403,-1,1402,1403,1404,-1,1404,1403,1405,-1,1404,1405,1406,-1,1406,1405,1407,-1,1407,1405,1408,-1,1407,1408,1409,-1,1409,1408,1410,-1,1410,1408,1411,-1,1410,1411,1412,-1,1412,1411,1413,-1,1413,1411,1414,-1,1413,1414,1415,-1,538,540,1414,-1,1414,540,917,-1,1414,917,1415,-1,514,512,1407,-1,1407,512,1406,-1,1406,512,497,-1,1406,497,1404,-1,1404,497,496,-1,1404,496,1402,-1,1402,496,486,-1,1402,486,920,-1,514,1407,515,-1,515,1407,1409,-1,515,1409,513,-1,513,1409,1410,-1,513,1410,511,-1,1413,498,499,-1,511,1410,499,-1,499,1410,1412,-1,499,1412,1413,-1,498,1413,487,-1,487,1413,1415,-1,487,1415,917,-1,914,534,536,-1,914,536,1416,-1,1416,536,1417,-1,1416,1417,1418,-1,1418,1417,1419,-1,1418,1419,1420,-1,1420,1419,1421,-1,1421,1419,1422,-1,1421,1422,1423,-1,1423,1422,1424,-1,1424,1422,1425,-1,1424,1425,1426,-1,1426,1425,1427,-1,1427,1425,1428,-1,1427,1428,1429,-1,530,532,1428,-1,1428,532,919,-1,1428,919,1429,-1,1429,919,484,-1,1429,484,1427,-1,484,501,1427,-1,1427,501,494,-1,1427,494,1426,-1,1426,494,1424,-1,494,493,1424,-1,1424,493,518,-1,1424,518,1423,-1,1423,518,519,-1,1423,519,1421,-1,519,517,1421,-1,1421,517,516,-1,1421,516,1420,-1,1420,516,495,-1,1420,495,1418,-1,1418,495,500,-1,1418,500,1416,-1,1416,500,483,-1,1416,483,914,-1,916,541,539,-1,916,539,1430,-1,1430,539,1431,-1,1430,1431,1432,-1,1432,1431,1433,-1,1432,1433,1434,-1,1434,1433,1435,-1,1435,1433,1436,-1,1435,1436,1437,-1,1437,1436,1438,-1,1438,1436,1439,-1,1438,1439,1440,-1,1440,1439,1441,-1,1441,1439,1442,-1,1441,1442,1443,-1,537,535,1442,-1,1442,535,915,-1,1442,915,1443,-1,523,521,1435,-1,1435,521,1434,-1,1434,521,520,-1,1434,520,1432,-1,1432,520,502,-1,1432,502,1430,-1,1430,502,492,-1,1430,492,916,-1,523,1435,525,-1,525,1435,1437,-1,525,1437,524,-1,524,1437,1438,-1,524,1438,522,-1,1441,504,503,-1,522,1438,503,-1,503,1438,1440,-1,503,1440,1441,-1,504,1441,482,-1,482,1441,1443,-1,482,1443,915,-1,912,549,547,-1,912,547,1444,-1,1444,547,1445,-1,1444,1445,1446,-1,1446,1445,1447,-1,1446,1447,1448,-1,1448,1447,1449,-1,1449,1447,1450,-1,1449,1450,1451,-1,1451,1450,1452,-1,1452,1450,1453,-1,1452,1453,1454,-1,1454,1453,1455,-1,1455,1453,1456,-1,1455,1456,1457,-1,545,543,1456,-1,1456,543,911,-1,1456,911,1457,-1,600,598,1449,-1,1449,598,1448,-1,1448,598,577,-1,1448,577,1446,-1,1446,577,576,-1,1446,576,1444,-1,1444,576,568,-1,1444,568,912,-1,600,1449,601,-1,601,1449,1451,-1,601,1451,599,-1,599,1451,1452,-1,599,1452,597,-1,1455,578,579,-1,597,1452,579,-1,579,1452,1454,-1,579,1454,1455,-1,578,1455,558,-1,558,1455,1457,-1,558,1457,911,-1,908,553,551,-1,908,551,1458,-1,1458,551,1459,-1,1458,1459,1460,-1,1460,1459,1461,-1,1460,1461,1462,-1,1462,1461,1463,-1,1463,1461,1464,-1,1463,1464,1465,-1,1465,1464,1466,-1,1466,1464,1467,-1,1466,1467,1468,-1,1468,1467,1469,-1,1469,1467,1470,-1,1469,1470,1471,-1,546,548,1470,-1,1470,548,913,-1,1470,913,1471,-1,1471,913,567,-1,1471,567,1469,-1,567,575,1469,-1,1469,575,574,-1,1469,574,1468,-1,1468,574,1466,-1,574,593,1466,-1,1466,593,595,-1,1466,595,1465,-1,1465,595,596,-1,1465,596,1463,-1,596,594,1463,-1,1463,594,592,-1,1463,592,1462,-1,1462,592,591,-1,1462,591,1460,-1,1460,591,573,-1,1460,573,1458,-1,1458,573,566,-1,1458,566,908,-1,910,542,544,-1,910,544,1472,-1,1472,544,1473,-1,1472,1473,1474,-1,1474,1473,1475,-1,1474,1475,1476,-1,1476,1475,1477,-1,1477,1475,1478,-1,1477,1478,1479,-1,1479,1478,1480,-1,1480,1478,1481,-1,1480,1481,1482,-1,1482,1481,1483,-1,1483,1481,1484,-1,1483,1484,1485,-1,554,556,1484,-1,1484,556,907,-1,1484,907,1485,-1,583,581,1477,-1,1477,581,1476,-1,1476,581,580,-1,1476,580,1474,-1,1474,580,563,-1,1474,563,1472,-1,1472,563,559,-1,1472,559,910,-1,583,1477,585,-1,585,1477,1479,-1,585,1479,584,-1,584,1479,1480,-1,584,1480,582,-1,1483,565,564,-1,582,1480,564,-1,564,1480,1482,-1,564,1482,1483,-1,565,1483,561,-1,561,1483,1485,-1,561,1485,907,-1,906,557,555,-1,906,555,1486,-1,1486,555,1487,-1,1486,1487,1488,-1,1488,1487,1489,-1,1488,1489,1490,-1,1490,1489,1491,-1,1491,1489,1492,-1,1491,1492,1493,-1,1493,1492,1494,-1,1494,1492,1495,-1,1494,1495,1496,-1,1496,1495,1497,-1,1497,1495,1498,-1,1497,1498,1499,-1,550,552,1498,-1,1498,552,909,-1,1498,909,1499,-1,1499,909,560,-1,1499,560,1497,-1,560,571,1497,-1,1497,571,572,-1,1497,572,1496,-1,1496,572,1494,-1,572,586,1494,-1,1494,586,588,-1,1494,588,1493,-1,1493,588,590,-1,1493,590,1491,-1,590,589,1491,-1,1491,589,587,-1,1491,587,1490,-1,1490,587,570,-1,1490,570,1488,-1,1488,570,569,-1,1488,569,1486,-1,1486,569,562,-1,1486,562,906,-1,918,533,531,-1,918,531,1500,-1,1500,531,1501,-1,1500,1501,1502,-1,1502,1501,1503,-1,1502,1503,1504,-1,1504,1503,1505,-1,1505,1503,1506,-1,1505,1506,1507,-1,1507,1506,1508,-1,1508,1506,1509,-1,1508,1509,1510,-1,1510,1509,1511,-1,1511,1509,1512,-1,1511,1512,1513,-1,529,527,1512,-1,1512,527,921,-1,1512,921,1513,-1,1513,921,485,-1,1513,485,1511,-1,485,488,1511,-1,1511,488,490,-1,1511,490,1510,-1,1510,490,1508,-1,490,507,1508,-1,1508,507,509,-1,1508,509,1507,-1,1507,509,510,-1,1507,510,1505,-1,510,508,1505,-1,1505,508,506,-1,1505,506,1504,-1,1504,506,505,-1,1504,505,1502,-1,1502,505,491,-1,1502,491,1500,-1,1500,491,489,-1,1500,489,918,-1,936,646,648,-1,936,648,1514,-1,1514,648,1515,-1,1514,1515,1516,-1,1516,1515,1517,-1,1516,1517,1518,-1,1518,1517,1519,-1,1519,1517,1520,-1,1519,1520,1521,-1,1521,1520,1522,-1,1522,1520,1523,-1,1522,1523,1524,-1,1524,1523,1525,-1,1525,1523,1526,-1,1525,1526,1527,-1,658,660,1526,-1,1526,660,933,-1,1526,933,1527,-1,631,629,1519,-1,1519,629,1518,-1,1518,629,610,-1,1518,610,1516,-1,1516,610,609,-1,1516,609,1514,-1,1514,609,605,-1,1514,605,936,-1,631,1519,632,-1,632,1519,1521,-1,632,1521,630,-1,630,1521,1522,-1,630,1522,628,-1,1525,611,612,-1,628,1522,612,-1,612,1522,1524,-1,612,1524,1525,-1,611,1525,606,-1,606,1525,1527,-1,606,1527,933,-1,930,654,656,-1,930,656,1528,-1,1528,656,1529,-1,1528,1529,1530,-1,1530,1529,1531,-1,1530,1531,1532,-1,1532,1531,1533,-1,1533,1531,1534,-1,1533,1534,1535,-1,1535,1534,1536,-1,1536,1534,1537,-1,1536,1537,1538,-1,1538,1537,1539,-1,1539,1537,1540,-1,1539,1540,1541,-1,650,652,1540,-1,1540,652,935,-1,1540,935,1541,-1,1541,935,604,-1,1541,604,1539,-1,604,624,1539,-1,1539,624,615,-1,1539,615,1538,-1,1538,615,1536,-1,615,614,1536,-1,1536,614,638,-1,1536,638,1535,-1,1535,638,639,-1,1535,639,1533,-1,639,637,1533,-1,1533,637,636,-1,1533,636,1532,-1,1532,636,616,-1,1532,616,1530,-1,1530,616,623,-1,1530,623,1528,-1,1528,623,603,-1,1528,603,930,-1,932,661,659,-1,932,659,1542,-1,1542,659,1543,-1,1542,1543,1544,-1,1544,1543,1545,-1,1544,1545,1546,-1,1546,1545,1547,-1,1547,1545,1548,-1,1547,1548,1549,-1,1549,1548,1550,-1,1550,1548,1551,-1,1550,1551,1552,-1,1552,1551,1553,-1,1553,1551,1554,-1,1553,1554,1555,-1,657,655,1554,-1,1554,655,931,-1,1554,931,1555,-1,643,641,1547,-1,1547,641,1546,-1,1546,641,640,-1,1546,640,1544,-1,1544,640,625,-1,1544,625,1542,-1,1542,625,613,-1,1542,613,932,-1,643,1547,645,-1,645,1547,1549,-1,645,1549,644,-1,644,1549,1550,-1,644,1550,642,-1,1553,627,626,-1,642,1550,626,-1,626,1550,1552,-1,626,1552,1553,-1,627,1553,602,-1,602,1553,1555,-1,602,1555,931,-1,928,669,667,-1,928,667,1556,-1,1556,667,1557,-1,1556,1557,1558,-1,1558,1557,1559,-1,1558,1559,1560,-1,1560,1559,1561,-1,1561,1559,1562,-1,1561,1562,1563,-1,1563,1562,1564,-1,1564,1562,1565,-1,1564,1565,1566,-1,1566,1565,1567,-1,1567,1565,1568,-1,1567,1568,1569,-1,665,663,1568,-1,1568,663,927,-1,1568,927,1569,-1,703,701,1561,-1,1561,701,1560,-1,1560,701,684,-1,1560,684,1558,-1,1558,684,683,-1,1558,683,1556,-1,1556,683,682,-1,1556,682,928,-1,703,1561,704,-1,704,1561,1563,-1,704,1563,702,-1,702,1563,1564,-1,702,1564,700,-1,1567,685,686,-1,700,1564,686,-1,686,1564,1566,-1,686,1566,1567,-1,685,1567,680,-1,680,1567,1569,-1,680,1569,927,-1,924,673,671,-1,924,671,1570,-1,1570,671,1571,-1,1570,1571,1572,-1,1572,1571,1573,-1,1572,1573,1574,-1,1574,1573,1575,-1,1575,1573,1576,-1,1575,1576,1577,-1,1577,1576,1578,-1,1578,1576,1579,-1,1578,1579,1580,-1,1580,1579,1581,-1,1581,1579,1582,-1,1581,1582,1583,-1,666,668,1582,-1,1582,668,929,-1,1582,929,1583,-1,1583,929,681,-1,1583,681,1581,-1,681,692,1581,-1,1581,692,691,-1,1581,691,1580,-1,1580,691,1578,-1,691,707,1578,-1,1578,707,709,-1,1578,709,1577,-1,1577,709,710,-1,1577,710,1575,-1,710,708,1575,-1,1575,708,706,-1,1575,706,1574,-1,1574,706,705,-1,1574,705,1572,-1,1572,705,690,-1,1572,690,1570,-1,1570,690,679,-1,1570,679,924,-1,926,662,664,-1,926,664,1584,-1,1584,664,1585,-1,1584,1585,1586,-1,1586,1585,1587,-1,1586,1587,1588,-1,1588,1587,1589,-1,1589,1587,1590,-1,1589,1590,1591,-1,1591,1590,1592,-1,1592,1590,1593,-1,1592,1593,1594,-1,1594,1593,1595,-1,1595,1593,1596,-1,1595,1596,1597,-1,674,676,1596,-1,1596,676,923,-1,1596,923,1597,-1,714,712,1589,-1,1589,712,1588,-1,1588,712,711,-1,1588,711,1586,-1,1586,711,693,-1,1586,693,1584,-1,1584,693,687,-1,1584,687,926,-1,714,1589,716,-1,716,1589,1591,-1,716,1591,715,-1,715,1591,1592,-1,715,1592,713,-1,1595,695,694,-1,713,1592,694,-1,694,1592,1594,-1,694,1594,1595,-1,695,1595,688,-1,688,1595,1597,-1,688,1597,923,-1,922,677,675,-1,922,675,1598,-1,1598,675,1599,-1,1598,1599,1600,-1,1600,1599,1601,-1,1600,1601,1602,-1,1602,1601,1603,-1,1603,1601,1604,-1,1603,1604,1605,-1,1605,1604,1606,-1,1606,1604,1607,-1,1606,1607,1608,-1,1608,1607,1609,-1,1609,1607,1610,-1,1609,1610,1611,-1,670,672,1610,-1,1610,672,925,-1,1610,925,1611,-1,1611,925,678,-1,1611,678,1609,-1,678,698,1609,-1,1609,698,699,-1,1609,699,1608,-1,1608,699,1606,-1,699,717,1606,-1,1606,717,719,-1,1606,719,1605,-1,1605,719,721,-1,1605,721,1603,-1,721,720,1603,-1,1603,720,718,-1,1603,718,1602,-1,1602,718,697,-1,1602,697,1600,-1,1600,697,696,-1,1600,696,1598,-1,1598,696,689,-1,1598,689,922,-1,934,653,651,-1,934,651,1612,-1,1612,651,1613,-1,1612,1613,1614,-1,1614,1613,1615,-1,1614,1615,1616,-1,1616,1615,1617,-1,1617,1615,1618,-1,1617,1618,1619,-1,1619,1618,1620,-1,1620,1618,1621,-1,1620,1621,1622,-1,1622,1621,1623,-1,1623,1621,1624,-1,1623,1624,1625,-1,649,647,1624,-1,1624,647,937,-1,1624,937,1625,-1,1625,937,607,-1,1625,607,1623,-1,607,619,1623,-1,1623,619,618,-1,1623,618,1622,-1,1622,618,1620,-1,618,622,1620,-1,1620,622,633,-1,1620,633,1619,-1,1619,633,635,-1,1619,635,1617,-1,635,634,1617,-1,1617,634,621,-1,1617,621,1616,-1,1616,621,620,-1,1616,620,1614,-1,1614,620,617,-1,1614,617,1612,-1,1612,617,608,-1,1612,608,934,-1,952,766,768,-1,952,768,1626,-1,1626,768,1627,-1,1626,1627,1628,-1,1628,1627,1629,-1,1628,1629,1630,-1,1630,1629,1631,-1,1631,1629,1632,-1,1631,1632,1633,-1,1633,1632,1634,-1,1634,1632,1635,-1,1634,1635,1636,-1,1636,1635,1637,-1,1637,1635,1638,-1,1637,1638,1639,-1,778,780,1638,-1,1638,780,949,-1,1638,949,1639,-1,754,752,1631,-1,1631,752,1630,-1,1630,752,737,-1,1630,737,1628,-1,1628,737,736,-1,1628,736,1626,-1,1626,736,726,-1,1626,726,952,-1,754,1631,755,-1,755,1631,1633,-1,755,1633,753,-1,753,1633,1634,-1,753,1634,751,-1,1637,738,739,-1,751,1634,739,-1,739,1634,1636,-1,739,1636,1637,-1,738,1637,727,-1,727,1637,1639,-1,727,1639,949,-1,946,774,776,-1,946,776,1640,-1,1640,776,1641,-1,1640,1641,1642,-1,1642,1641,1643,-1,1642,1643,1644,-1,1644,1643,1645,-1,1645,1643,1646,-1,1645,1646,1647,-1,1647,1646,1648,-1,1648,1646,1649,-1,1648,1649,1650,-1,1650,1649,1651,-1,1651,1649,1652,-1,1651,1652,1653,-1,770,772,1652,-1,1652,772,951,-1,1652,951,1653,-1,1653,951,724,-1,1653,724,1651,-1,724,741,1651,-1,1651,741,734,-1,1651,734,1650,-1,1650,734,1648,-1,734,733,1648,-1,1648,733,758,-1,1648,758,1647,-1,1647,758,759,-1,1647,759,1645,-1,759,757,1645,-1,1645,757,756,-1,1645,756,1644,-1,1644,756,735,-1,1644,735,1642,-1,1642,735,740,-1,1642,740,1640,-1,1640,740,723,-1,1640,723,946,-1,948,781,779,-1,948,779,1654,-1,1654,779,1655,-1,1654,1655,1656,-1,1656,1655,1657,-1,1656,1657,1658,-1,1658,1657,1659,-1,1659,1657,1660,-1,1659,1660,1661,-1,1661,1660,1662,-1,1662,1660,1663,-1,1662,1663,1664,-1,1664,1663,1665,-1,1665,1663,1666,-1,1665,1666,1667,-1,777,775,1666,-1,1666,775,947,-1,1666,947,1667,-1,763,761,1659,-1,1659,761,1658,-1,1658,761,760,-1,1658,760,1656,-1,1656,760,742,-1,1656,742,1654,-1,1654,742,732,-1,1654,732,948,-1,763,1659,765,-1,765,1659,1661,-1,765,1661,764,-1,764,1661,1662,-1,764,1662,762,-1,1665,744,743,-1,762,1662,743,-1,743,1662,1664,-1,743,1664,1665,-1,744,1665,722,-1,722,1665,1667,-1,722,1667,947,-1,944,789,787,-1,944,787,1668,-1,1668,787,1669,-1,1668,1669,1670,-1,1670,1669,1671,-1,1670,1671,1672,-1,1672,1671,1673,-1,1673,1671,1674,-1,1673,1674,1675,-1,1675,1674,1676,-1,1676,1674,1677,-1,1676,1677,1678,-1,1678,1677,1679,-1,1679,1677,1680,-1,1679,1680,1681,-1,785,783,1680,-1,1680,783,943,-1,1680,943,1681,-1,829,827,1673,-1,1673,827,1672,-1,1672,827,810,-1,1672,810,1670,-1,1670,810,809,-1,1670,809,1668,-1,1668,809,802,-1,1668,802,944,-1,829,1673,830,-1,830,1673,1675,-1,830,1675,828,-1,828,1675,1676,-1,828,1676,826,-1,1679,811,812,-1,826,1676,812,-1,812,1676,1678,-1,812,1678,1679,-1,811,1679,800,-1,800,1679,1681,-1,800,1681,943,-1,940,793,791,-1,940,791,1682,-1,1682,791,1683,-1,1682,1683,1684,-1,1684,1683,1685,-1,1684,1685,1686,-1,1686,1685,1687,-1,1687,1685,1688,-1,1687,1688,1689,-1,1689,1688,1690,-1,1690,1688,1691,-1,1690,1691,1692,-1,1692,1691,1693,-1,1693,1691,1694,-1,1693,1694,1695,-1,786,788,1694,-1,1694,788,945,-1,1694,945,1695,-1,1695,945,801,-1,1695,801,1693,-1,801,805,1693,-1,1693,805,804,-1,1693,804,1692,-1,1692,804,1690,-1,804,822,1690,-1,1690,822,824,-1,1690,824,1689,-1,1689,824,825,-1,1689,825,1687,-1,825,823,1687,-1,1687,823,821,-1,1687,821,1686,-1,1686,821,820,-1,1686,820,1684,-1,1684,820,803,-1,1684,803,1682,-1,1682,803,799,-1,1682,799,940,-1,942,782,784,-1,942,784,1696,-1,1696,784,1697,-1,1696,1697,1698,-1,1698,1697,1699,-1,1698,1699,1700,-1,1700,1699,1701,-1,1701,1699,1702,-1,1701,1702,1703,-1,1703,1702,1704,-1,1704,1702,1705,-1,1704,1705,1706,-1,1706,1705,1707,-1,1707,1705,1708,-1,1707,1708,1709,-1,794,796,1708,-1,1708,796,939,-1,1708,939,1709,-1,834,832,1701,-1,1701,832,1700,-1,1700,832,831,-1,1700,831,1698,-1,1698,831,813,-1,1698,813,1696,-1,1696,813,806,-1,1696,806,942,-1,834,1701,836,-1,836,1701,1703,-1,836,1703,835,-1,835,1703,1704,-1,835,1704,833,-1,1707,815,814,-1,833,1704,814,-1,814,1704,1706,-1,814,1706,1707,-1,815,1707,807,-1,807,1707,1709,-1,807,1709,939,-1,938,797,795,-1,938,795,1710,-1,1710,795,1711,-1,1710,1711,1712,-1,1712,1711,1713,-1,1712,1713,1714,-1,1714,1713,1715,-1,1715,1713,1716,-1,1715,1716,1717,-1,1717,1716,1718,-1,1718,1716,1719,-1,1718,1719,1720,-1,1720,1719,1721,-1,1721,1719,1722,-1,1721,1722,1723,-1,790,792,1722,-1,1722,792,941,-1,1722,941,1723,-1,1723,941,798,-1,1723,798,1721,-1,798,818,1721,-1,1721,818,819,-1,1721,819,1720,-1,1720,819,1718,-1,819,837,1718,-1,1718,837,839,-1,1718,839,1717,-1,1717,839,841,-1,1717,841,1715,-1,841,840,1715,-1,1715,840,838,-1,1715,838,1714,-1,1714,838,817,-1,1714,817,1712,-1,1712,817,816,-1,1712,816,1710,-1,1710,816,808,-1,1710,808,938,-1,950,773,771,-1,950,771,1724,-1,1724,771,1725,-1,1724,1725,1726,-1,1726,1725,1727,-1,1726,1727,1728,-1,1728,1727,1729,-1,1729,1727,1730,-1,1729,1730,1731,-1,1731,1730,1732,-1,1732,1730,1733,-1,1732,1733,1734,-1,1734,1733,1735,-1,1735,1733,1736,-1,1735,1736,1737,-1,769,767,1736,-1,1736,767,953,-1,1736,953,1737,-1,1737,953,725,-1,1737,725,1735,-1,725,728,1735,-1,1735,728,730,-1,1735,730,1734,-1,1734,730,1732,-1,730,747,1732,-1,1732,747,749,-1,1732,749,1731,-1,1731,749,750,-1,1731,750,1729,-1,750,748,1729,-1,1729,748,746,-1,1729,746,1728,-1,1728,746,745,-1,1728,745,1726,-1,1726,745,731,-1,1726,731,1724,-1,1724,731,729,-1,1724,729,950,-1,
        ]
    }
}
Shape{
    appearance Appearance {
        material  Material 	{
            diffuseColor 0.4392156862745098 0.4392156862745098 0.4392156862745098
            specularColor 0.2196078431372549 0.2196078431372549 0.2196078431372549
            ambientIntensity 0.4392
            transparency 0.0
            shininess 0.5
        }
    }
    geometry IndexedFaceSet {
        ccw TRUE
        solid FALSE
        coord DEF co Coordinate {
            point [
                0.2669 -0.0225 0.5866, 0.3284 -0.18 0.5866, 0.2669 -0.0225 0.5906, 0.3284 -0.18 0.5906, 0.3054 -0.18 0.5866, 0.3054 -0.18 0.5906, 0.2894 -0.1358 0.5866, 0.2894 -0.1358 0.5906, 0.2309 -0.1358 0.5906, 0.2244 -0.1358 0.5866, 0.2244 -0.1358 0.5906, 0.2093 -0.18 0.5866, 0.2093 -0.18 0.5906, 0.1863 -0.18 0.5866, 0.1863 -0.18 0.5906, 0.2309 -0.0619 0.5906, 0.2458 -0.0225 0.5866, 0.2458 -0.0225 0.5906, 0.2297 -0.1185 0.5866, 0.2823 -0.1185 0.5866, 0.2532 -0.0528 0.5866, 0.2547 -0.0473 0.5866, 0.2557 -0.0417 0.5866, 0.2562 -0.0417 0.5866, 0.2572 -0.0473 0.5866, 0.2586 -0.0528 0.5866, 0.2297 -0.1185 0.5906, 0.2823 -0.1185 0.5906, 0.2532 -0.0528 0.5906, 0.2547 -0.0473 0.5906, 0.2557 -0.0417 0.5906, 0.2562 -0.0417 0.5906, 0.2572 -0.0473 0.5906, 0.2586 -0.0528 0.5906, 0.0908 -0.18 0.5866, 0.048 -0.18 0.5866, 0.0908 -0.18 0.5906, 0.048 -0.18 0.5906, 0.048 -0.0225 0.5866, 0.048 -0.0225 0.5906, 0.0925 -0.0225 0.5866, 0.0925 -0.0225 0.5906, 0.1748 -0.0993 0.5866, 0.1748 -0.0993 0.5906, 0.1736 -0.0845 0.5906, 0.1736 -0.0845 0.5866, 0.1694 -0.0689 0.5906, 0.1694 -0.0689 0.5866, 0.1621 -0.0554 0.5906, 0.1621 -0.0554 0.5866, 0.1509 -0.0431 0.5906, 0.1509 -0.0431 0.5866, 0.1508 -0.0429 0.5906, 0.1508 -0.0429 0.5866, 0.1336 -0.0314 0.5906, 0.1336 -0.0314 0.5866, 0.1152 -0.025 0.5906, 0.1152 -0.025 0.5866, 0.1103 -0.1783 0.5906, 0.1103 -0.1783 0.5866, 0.1285 -0.1729 0.5906, 0.1285 -0.1729 0.5866, 0.1449 -0.1633 0.5906, 0.1449 -0.1633 0.5866, 0.1579 -0.1509 0.5906, 0.1579 -0.1509 0.5866, 0.1669 -0.1368 0.5906, 0.1669 -0.1368 0.5866, 0.1726 -0.1204 0.5906, 0.1726 -0.1204 0.5866, 0.1432 -0.0619 0.5866, 0.1355 -0.0538 0.5866, 0.124 -0.0463 0.5866, 0.111 -0.0418 0.5866, 0.0924 -0.0398 0.5866, 0.0691 -0.0398 0.5866, 0.0691 -0.1627 0.5866, 0.0915 -0.1627 0.5866, 0.1081 -0.1612 0.5866, 0.1214 -0.157 0.5866, 0.1321 -0.1507 0.5866, 0.1409 -0.1419 0.5866, 0.1476 -0.1311 0.5866, 0.1522 -0.1163 0.5866, 0.1536 -0.0997 0.5866, 0.1523 -0.0841 0.5866, 0.1486 -0.0716 0.5866, 0.0924 -0.0398 0.5906, 0.0691 -0.0398 0.5906, 0.111 -0.0418 0.5906, 0.124 -0.0463 0.5906, 0.1355 -0.0538 0.5906, 0.1432 -0.0619 0.5906, 0.1486 -0.0716 0.5906, 0.1523 -0.0841 0.5906, 0.1536 -0.0997 0.5906, 0.1522 -0.1163 0.5906, 0.1476 -0.1311 0.5906, 0.1409 -0.1419 0.5906, 0.1321 -0.1507 0.5906, 0.1214 -0.157 0.5906, 0.1081 -0.1612 0.5906, 0.0915 -0.1627 0.5906, 0.0691 -0.1627 0.5906, 0.0173 -0.1627 0.5866, 0.0173 -0.18 0.5866, 0.0173 -0.1627 0.5906, 0.0173 -0.18 0.5906, -0.0672 -0.18 0.5866, -0.0672 -0.18 0.5906, -0.0672 -0.0225 0.5866, -0.0672 -0.0225 0.5906, 0.0134 -0.0225 0.5866, 0.0134 -0.0225 0.5906, 0.0134 -0.0398 0.5866, 0.0134 -0.0398 0.5906, -0.0461 -0.0398 0.5866, -0.0461 -0.0398 0.5906, -0.0461 -0.0917 0.5866, -0.0461 -0.0917 0.5906, 0.0096 -0.0917 0.5866, 0.0096 -0.0917 0.5906, 0.0096 -0.1089 0.5866, 0.0096 -0.1089 0.5906, -0.0461 -0.1089 0.5866, -0.0461 -0.1089 0.5906, -0.0461 -0.1627 0.5866, -0.0461 -0.1627 0.5906, -0.0979 -0.1546 0.5866, -0.0979 -0.1718 0.5866, -0.0979 -0.1546 0.5906, -0.0979 -0.1718 0.5906, -0.1147 -0.1787 0.5866, -0.1413 -0.1819 0.5866, -0.1413 -0.1819 0.5906, -0.137 -0.1818 0.5906, -0.137 -0.1818 0.5866, -0.1306 -0.181 0.5906, -0.1147 -0.1787 0.5906, -0.2151 -0.1042 0.5866, -0.2151 -0.1042 0.5906, -0.2136 -0.1225 0.5906, -0.2136 -0.1225 0.5866, -0.2088 -0.1391 0.5906, -0.2088 -0.1391 0.5866, -0.2004 -0.1541 0.5906, -0.2004 -0.1541 0.5866, -0.1886 -0.1666 0.5906, -0.1886 -0.1666 0.5866, -0.1759 -0.1747 0.5906, -0.1759 -0.1747 0.5866, -0.1607 -0.1799 0.5906, -0.1607 -0.1799 0.5866, -0.1505 -0.181 0.5906, -0.135 -0.0206 0.5866, -0.135 -0.0206 0.5906, -0.1508 -0.0219 0.5906, -0.1508 -0.0219 0.5866, -0.1684 -0.027 0.5906, -0.1684 -0.027 0.5866, -0.1833 -0.0356 0.5906, -0.1833 -0.0356 0.5866, -0.1976 -0.0493 0.5906, -0.1976 -0.0493 0.5866, -0.2068 -0.064 0.5906, -0.2068 -0.064 0.5866, -0.2128 -0.0818 0.5906, -0.2128 -0.0818 0.5866, -0.0979 -0.0268 0.5866, -0.0979 -0.0268 0.5906, -0.1162 -0.0219 0.5906, -0.1162 -0.0219 0.5866, -0.0979 -0.048 0.5866, -0.0979 -0.048 0.5906, -0.1348 -0.0379 0.5866, -0.1348 -0.0379 0.5906, -0.1157 -0.0404 0.5906, -0.1157 -0.0404 0.5866, -0.194 -0.1029 0.5866, -0.194 -0.1029 0.5906, -0.1932 -0.0907 0.5906, -0.1932 -0.0907 0.5866, -0.189 -0.0738 0.5906, -0.189 -0.0738 0.5866, -0.1825 -0.0617 0.5906, -0.1825 -0.0617 0.5866, -0.173 -0.0512 0.5906, -0.173 -0.0512 0.5866, -0.1621 -0.0439 0.5906, -0.1621 -0.0439 0.5866, -0.1503 -0.0396 0.5906, -0.1503 -0.0396 0.5866, -0.1384 -0.1646 0.5866, -0.1384 -0.1646 0.5906, -0.1531 -0.163 0.5906, -0.1531 -0.163 0.5866, -0.1645 -0.1588 0.5906, -0.1645 -0.1588 0.5866, -0.1742 -0.1522 0.5906, -0.1742 -0.1522 0.5866, -0.1816 -0.1445 0.5906, -0.1816 -0.1445 0.5866, -0.1881 -0.1335 0.5906, -0.1881 -0.1335 0.5866, -0.1924 -0.12 0.5906, -0.1924 -0.12 0.5866, -0.1008 -0.1561 0.5906, -0.1008 -0.1561 0.5866, -0.1175 -0.1623 0.5906, -0.1175 -0.1623 0.5866, -0.2285 -0.1627 0.5866, -0.2285 -0.18 0.5866, -0.2285 -0.1627 0.5906, -0.2285 -0.18 0.5906, -0.3092 -0.18 0.5866, -0.3092 -0.18 0.5906, -0.3092 -0.0225 0.5866, -0.3092 -0.0225 0.5906, -0.2881 -0.0225 0.5866, -0.2881 -0.0225 0.5906, -0.2881 -0.1627 0.5866, -0.2881 -0.1627 0.5906
            ]
        }
        coordIndex [
            0,1,2,-1,2,1,3,-1,1,4,3,-1,3,4,5,-1,4,6,5,-1,5,6,7,-1,7,6,8,-1,8,6,9,-1,8,9,10,-1,9,11,10,-1,10,11,12,-1,11,13,12,-1,12,13,14,-1,14,13,15,-1,15,13,16,-1,15,16,17,-1,16,0,17,-1,17,0,2,-1,18,9,19,-1,19,9,6,-1,20,16,18,-1,18,16,13,-1,18,13,9,-1,9,13,11,-1,20,21,16,-1,16,21,22,-1,16,22,0,-1,0,22,23,-1,0,23,24,-1,24,25,0,-1,0,25,19,-1,0,19,1,-1,1,19,6,-1,1,6,4,-1,18,19,26,-1,26,19,27,-1,20,18,28,-1,28,18,26,-1,20,28,29,-1,20,29,21,-1,21,29,30,-1,21,30,22,-1,23,22,31,-1,31,22,30,-1,23,31,32,-1,23,32,24,-1,24,32,33,-1,24,33,25,-1,19,25,27,-1,27,25,33,-1,34,35,36,-1,36,35,37,-1,35,38,37,-1,37,38,39,-1,38,40,39,-1,39,40,41,-1,42,43,44,-1,42,44,45,-1,45,44,46,-1,45,46,47,-1,47,46,48,-1,47,48,49,-1,49,48,50,-1,49,50,51,-1,51,50,52,-1,51,52,53,-1,53,52,54,-1,53,54,55,-1,55,54,56,-1,55,56,57,-1,57,56,41,-1,57,41,40,-1,34,36,58,-1,34,58,59,-1,59,58,60,-1,59,60,61,-1,61,60,62,-1,61,62,63,-1,63,62,64,-1,63,64,65,-1,65,64,66,-1,65,66,67,-1,67,66,68,-1,67,68,69,-1,69,68,43,-1,69,43,42,-1,47,49,70,-1,70,49,51,-1,70,51,71,-1,71,51,53,-1,71,53,72,-1,72,53,55,-1,72,55,73,-1,73,55,57,-1,73,57,74,-1,74,57,40,-1,74,40,75,-1,75,40,38,-1,75,38,76,-1,76,38,35,-1,76,35,77,-1,77,35,34,-1,77,34,78,-1,78,34,59,-1,78,59,79,-1,79,59,61,-1,79,61,80,-1,80,61,63,-1,80,63,81,-1,81,63,65,-1,81,65,82,-1,82,65,67,-1,82,67,83,-1,83,67,69,-1,83,69,84,-1,84,69,42,-1,84,42,85,-1,85,42,45,-1,85,45,86,-1,86,45,47,-1,86,47,70,-1,74,75,87,-1,87,75,88,-1,74,87,89,-1,74,89,73,-1,73,89,90,-1,73,90,72,-1,72,90,91,-1,72,91,71,-1,71,91,92,-1,71,92,70,-1,70,92,93,-1,70,93,86,-1,86,93,94,-1,86,94,85,-1,85,94,95,-1,85,95,84,-1,84,95,96,-1,84,96,83,-1,83,96,97,-1,83,97,82,-1,82,97,98,-1,82,98,81,-1,81,98,99,-1,81,99,80,-1,80,99,100,-1,80,100,79,-1,79,100,101,-1,79,101,78,-1,78,101,102,-1,78,102,77,-1,76,77,103,-1,103,77,102,-1,75,76,88,-1,88,76,103,-1,104,105,106,-1,106,105,107,-1,105,108,107,-1,107,108,109,-1,108,110,109,-1,109,110,111,-1,110,112,111,-1,111,112,113,-1,112,114,113,-1,113,114,115,-1,114,116,115,-1,115,116,117,-1,116,118,117,-1,117,118,119,-1,118,120,119,-1,119,120,121,-1,120,122,121,-1,121,122,123,-1,122,124,123,-1,123,124,125,-1,124,126,125,-1,125,126,127,-1,126,104,127,-1,127,104,106,-1,108,105,104,-1,104,126,108,-1,108,126,124,-1,108,124,110,-1,114,112,116,-1,116,112,110,-1,116,110,118,-1,118,110,124,-1,118,124,120,-1,120,124,122,-1,128,129,130,-1,130,129,131,-1,131,129,132,-1,133,134,135,-1,133,135,136,-1,136,135,137,-1,136,137,132,-1,132,137,138,-1,132,138,131,-1,139,140,141,-1,139,141,142,-1,142,141,143,-1,142,143,144,-1,144,143,145,-1,144,145,146,-1,146,145,147,-1,146,147,148,-1,148,147,149,-1,148,149,150,-1,150,149,151,-1,150,151,152,-1,152,151,133,-1,133,151,153,-1,133,153,134,-1,154,155,156,-1,154,156,157,-1,157,156,158,-1,157,158,159,-1,159,158,160,-1,159,160,161,-1,161,160,162,-1,161,162,163,-1,163,162,164,-1,163,164,165,-1,165,164,166,-1,165,166,167,-1,167,166,140,-1,167,140,139,-1,168,169,170,-1,168,170,171,-1,171,170,155,-1,171,155,154,-1,168,172,169,-1,169,172,173,-1,174,175,176,-1,174,176,177,-1,177,176,173,-1,177,173,172,-1,178,179,180,-1,178,180,181,-1,181,180,182,-1,181,182,183,-1,183,182,184,-1,183,184,185,-1,185,184,186,-1,185,186,187,-1,187,186,188,-1,187,188,189,-1,189,188,190,-1,189,190,191,-1,191,190,175,-1,191,175,174,-1,192,193,194,-1,192,194,195,-1,195,194,196,-1,195,196,197,-1,197,196,198,-1,197,198,199,-1,199,198,200,-1,199,200,201,-1,201,200,202,-1,201,202,203,-1,203,202,204,-1,203,204,205,-1,205,204,179,-1,205,179,178,-1,128,130,206,-1,128,206,207,-1,207,206,208,-1,207,208,209,-1,209,208,193,-1,209,193,192,-1,195,133,192,-1,192,133,136,-1,192,136,209,-1,209,136,132,-1,209,132,207,-1,207,132,129,-1,207,129,128,-1,172,168,177,-1,177,168,171,-1,177,171,174,-1,174,171,154,-1,174,154,191,-1,191,154,157,-1,191,157,189,-1,189,157,159,-1,189,159,187,-1,187,159,161,-1,187,161,185,-1,185,161,163,-1,185,163,183,-1,183,163,165,-1,183,165,181,-1,181,165,167,-1,181,167,178,-1,178,167,139,-1,178,139,205,-1,205,139,142,-1,205,142,203,-1,203,142,144,-1,203,144,201,-1,201,144,146,-1,201,146,199,-1,199,146,148,-1,199,148,197,-1,197,148,150,-1,197,150,195,-1,195,150,152,-1,195,152,133,-1,210,211,212,-1,212,211,213,-1,211,214,213,-1,213,214,215,-1,214,216,215,-1,215,216,217,-1,216,218,217,-1,217,218,219,-1,218,220,219,-1,219,220,221,-1,220,210,221,-1,221,210,212,-1,218,216,220,-1,220,216,214,-1,220,214,210,-1,210,214,211,-1,
        ]
    }
}
Shape{
    appearance Appearance {
        material  Material 	{
            diffuseColor 1.0 1.0 1.0
            specularColor 0.30196078431372547 0.30196078431372547 0.30196078431372547
            ambientIntensity 1.0
            transparency 0.0
            shininess 0.5
        }
    }
    geometry IndexedFaceSet {
        ccw TRUE
        solid FALSE
        coord DEF co Coordinate {
            point [
                0.2297 -0.1185 0.5906, 0.2823 -0.1185 0.5906, 0.2532 -0.0528 0.5906, 0.2586 -0.0528 0.5906, 0.2547 -0.0473 0.5906, 0.2572 -0.0473 0.5906, 0.2557 -0.0417 0.5906, 0.2562 -0.0417 0.5906, 0.0691 -0.0398 0.5906, 0.0691 -0.1627 0.5906, 0.0924 -0.0398 0.5906, 0.0915 -0.1627 0.5906, 0.1081 -0.1612 0.5906, 0.1536 -0.0997 0.5906, 0.1523 -0.0841 0.5906, 0.1486 -0.0716 0.5906, 0.111 -0.0418 0.5906, 0.1214 -0.157 0.5906, 0.1321 -0.1507 0.5906, 0.1409 -0.1419 0.5906, 0.1476 -0.1311 0.5906, 0.1522 -0.1163 0.5906, 0.1432 -0.0619 0.5906, 0.1355 -0.0538 0.5906, 0.124 -0.0463 0.5906
            ]
        }
        coordIndex [
            0,1,2,-1,2,1,3,-1,2,3,4,-1,4,3,5,-1,4,5,6,-1,6,5,7,-1,8,9,10,-1,10,9,11,-1,10,11,12,-1,13,14,10,-1,10,14,15,-1,10,15,16,-1,12,17,10,-1,10,17,18,-1,10,18,19,-1,19,20,10,-1,10,20,21,-1,10,21,13,-1,22,23,15,-1,15,23,24,-1,15,24,16,-1,
        ]
    }
}