#VRML V2.0 utf8
# 3D model generated by easyeda2kicad.py (https://github.com/uPesy/easyeda2kicad.py)

Shape{
    appearance Appearance {
        material  Material 	{
            diffuseColor 0.5882352941176471 0.5725490196078431 0.5254901960784314
            specularColor 0.043137254901960784 0.0392156862745098 0.0392156862745098
            ambientIntensity 0.8167
            transparency 0.0
            shininess 0.5
        }
    }
    geometry IndexedFaceSet {
        ccw TRUE
        solid FALSE
        coord DEF co Coordinate {
            point [
                -0.036 -0.1009 0.2362, -0.036 0.0172 0.2362, -0.0245 0.0723 0.2362, -0.374 -0.126 0.2362, -0.374 0.0723 0.2362, -0.3102 0.0723 0.2362, -14.0197 0.2953 0.2362, -14.0 0.2953 0.2362, -14.0 0.0723 0.2362, -14.374 -0.126 0.2362, -14.0197 -0.2953 0.2362, -14.626 -0.126 0.2362, -14.8031 -0.2953 0.2362, -14.626 0.0723 0.2362, -14.8031 0.0723 0.2362, -14.626 0.126 0.2362, -14.8031 0.2953 0.2362, -14.374 0.126 0.2362, -14.374 0.0723 0.2362, -14.0 -0.2953 0.2362, -13.9803 -0.2953 0.2362, -13.0197 0.2953 0.2362, -13.0 0.2953 0.2362, -13.0 0.0723 0.2362, -13.374 0.0723 0.2362, -13.374 0.126 0.2362, -13.9803 0.2953 0.2362, -13.626 0.126 0.2362, -13.626 0.0723 0.2362, -13.626 -0.126 0.2362, -13.0197 -0.2953 0.2362, -13.374 -0.126 0.2362, -13.0 -0.2953 0.2362, -12.9803 -0.2953 0.2362, -12.0197 0.2953 0.2362, -12.0 0.2953 0.2362, -12.0 0.0723 0.2362, -12.374 0.0723 0.2362, -12.374 0.126 0.2362, -12.9803 0.2953 0.2362, -12.626 0.126 0.2362, -12.626 0.0723 0.2362, -12.626 -0.126 0.2362, -12.0197 -0.2953 0.2362, -12.374 -0.126 0.2362, -12.0 -0.2953 0.2362, -11.9803 -0.2953 0.2362, -11.0197 0.2953 0.2362, -11.0 0.2953 0.2362, -11.0 0.0723 0.2362, -11.374 0.0723 0.2362, -11.374 0.126 0.2362, -11.9803 0.2953 0.2362, -11.626 0.126 0.2362, -11.626 0.0723 0.2362, -11.626 -0.126 0.2362, -11.0197 -0.2953 0.2362, -11.374 -0.126 0.2362, -11.0 -0.2953 0.2362, -10.9803 -0.2953 0.2362, -10.0197 0.2953 0.2362, -10.0 0.2953 0.2362, -10.0 0.0723 0.2362, -10.374 0.0723 0.2362, -10.374 0.126 0.2362, -10.9803 0.2953 0.2362, -10.626 0.126 0.2362, -10.626 0.0723 0.2362, -10.626 -0.126 0.2362, -10.0197 -0.2953 0.2362, -10.374 -0.126 0.2362, -10.0 -0.2953 0.2362, -9.9803 -0.2953 0.2362, -9.0197 0.2953 0.2362, -9.0 0.2953 0.2362, -9.0 0.0723 0.2362, -9.374 0.0723 0.2362, -9.374 0.126 0.2362, -9.9803 0.2953 0.2362, -9.626 0.126 0.2362, -9.626 0.0723 0.2362, -9.626 -0.126 0.2362, -9.0197 -0.2953 0.2362, -9.374 -0.126 0.2362, -9.0 -0.2953 0.2362, -8.9803 -0.2953 0.2362, -7.9803 -0.2953 0.2362, -7.626 -0.126 0.2362, -7.0197 -0.2953 0.2362, -7.374 -0.126 0.2362, -7.0197 0.2953 0.2362, -7.0 0.2953 0.2362, -7.0 0.0723 0.2362, -7.374 0.0723 0.2362, -7.374 0.126 0.2362, -7.9803 0.2953 0.2362, -7.626 0.126 0.2362, -7.626 0.0723 0.2362, -8.374 0.0723 0.2362, -8.0197 0.2953 0.2362, -8.374 0.126 0.2362, -8.9803 0.2953 0.2362, -8.626 0.126 0.2362, -8.626 0.0723 0.2362, -8.626 -0.126 0.2362, -8.0197 -0.2953 0.2362, -8.374 -0.126 0.2362, -7.0 -0.2953 0.2362, -6.9803 -0.2953 0.2362, -6.0197 0.2953 0.2362, -6.0 0.2953 0.2362, -6.0 0.0723 0.2362, -6.374 0.0723 0.2362, -6.374 0.126 0.2362, -6.9803 0.2953 0.2362, -6.626 0.126 0.2362, -6.626 0.0723 0.2362, -6.626 -0.126 0.2362, -6.0197 -0.2953 0.2362, -6.374 -0.126 0.2362, -6.0 -0.2953 0.2362, -5.9803 -0.2953 0.2362, -5.0197 0.2953 0.2362, -5.0 0.2953 0.2362, -5.0 0.0723 0.2362, -5.374 0.0723 0.2362, -5.374 0.126 0.2362, -5.9803 0.2953 0.2362, -5.626 0.126 0.2362, -5.626 0.0723 0.2362, -5.626 -0.126 0.2362, -5.0197 -0.2953 0.2362, -5.374 -0.126 0.2362, -5.0 -0.2953 0.2362, -4.9803 -0.2953 0.2362, -4.0197 0.2953 0.2362, -4.0 0.2953 0.2362, -4.0 0.0723 0.2362, -4.374 0.0723 0.2362, -4.374 0.126 0.2362, -4.9803 0.2953 0.2362, -4.626 0.126 0.2362, -4.626 0.0723 0.2362, -4.626 -0.126 0.2362, -4.0197 -0.2953 0.2362, -4.374 -0.126 0.2362, -4.0 -0.2953 0.2362, -3.9803 -0.2953 0.2362, -3.0197 0.2953 0.2362, -3.0 0.2953 0.2362, -3.0 0.0723 0.2362, -3.374 0.0723 0.2362, -3.374 0.126 0.2362, -3.9803 0.2953 0.2362, -3.626 0.126 0.2362, -3.626 0.0723 0.2362, -3.626 -0.126 0.2362, -3.0197 -0.2953 0.2362, -3.374 -0.126 0.2362, -3.0 -0.2953 0.2362, -2.9803 -0.2953 0.2362, -2.0197 0.2953 0.2362, -2.0 0.2953 0.2362, -2.0 0.0723 0.2362, -2.374 0.0723 0.2362, -2.374 0.126 0.2362, -2.9803 0.2953 0.2362, -2.626 0.126 0.2362, -2.626 0.0723 0.2362, -2.626 -0.126 0.2362, -2.0197 -0.2953 0.2362, -2.374 -0.126 0.2362, -2.0 -0.2953 0.2362, -1.9803 -0.2953 0.2362, -1.0 0.0723 0.2362, -1.0 -0.2953 0.2362, -1.0197 -0.2953 0.2362, -1.374 0.0723 0.2362, -1.374 0.126 0.2362, -1.0197 0.2953 0.2362, -1.9803 0.2953 0.2362, -1.626 0.126 0.2362, -1.626 0.0723 0.2362, -1.626 -0.126 0.2362, -1.374 -0.126 0.2362, -0.626 0.0723 0.2362, -0.626 -0.126 0.2362, -0.9803 -0.2953 0.2362, -0.3102 -0.2953 0.2362, -0.9803 0.2953 0.2362, -0.3102 0.2953 0.2362, -0.374 0.126 0.2362, -1.0 0.2953 0.2362, -0.626 0.126 0.2362, 0.626 -0.126 0.2362, 0.9803 -0.2953 0.2362, 0.374 -0.126 0.2362, 0.303 -0.2953 0.2362, 0.374 0.0723 0.2362, 0.303 0.0723 0.2362, 0.9803 0.2953 0.2362, 1.0 0.2953 0.2362, 1.0 0.0723 0.2362, 0.626 0.0723 0.2362, 0.626 0.126 0.2362, 0.303 0.2953 0.2362, 0.374 0.126 0.2362, 1.0 -0.2953 0.2362, 1.0197 -0.2953 0.2362, 1.9803 0.2953 0.2362, 2.0 0.2953 0.2362, 2.0 0.0723 0.2362, 1.626 0.0723 0.2362, 1.626 0.126 0.2362, 1.0197 0.2953 0.2362, 1.374 0.126 0.2362, 1.374 0.0723 0.2362, 1.374 -0.126 0.2362, 1.9803 -0.2953 0.2362, 1.626 -0.126 0.2362, 2.0 -0.2953 0.2362, 2.0197 -0.2953 0.2362, 2.9803 0.2953 0.2362, 3.0 0.2953 0.2362, 3.0 0.0723 0.2362, 2.626 0.0723 0.2362, 2.626 0.126 0.2362, 2.0197 0.2953 0.2362, 2.374 0.126 0.2362, 2.374 0.0723 0.2362, 2.374 -0.126 0.2362, 2.9803 -0.2953 0.2362, 2.626 -0.126 0.2362, 3.0 -0.2953 0.2362, 3.0197 -0.2953 0.2362, 3.9803 0.2953 0.2362, 4.0 0.2953 0.2362, 4.0 0.0723 0.2362, 3.626 0.0723 0.2362, 3.626 0.126 0.2362, 3.0197 0.2953 0.2362, 3.374 0.126 0.2362, 3.374 0.0723 0.2362, 3.374 -0.126 0.2362, 3.9803 -0.2953 0.2362, 3.626 -0.126 0.2362, 4.0 -0.2953 0.2362, 4.0197 -0.2953 0.2362, 5.0197 -0.2953 0.2362, 5.374 -0.126 0.2362, 5.9803 -0.2953 0.2362, 5.626 -0.126 0.2362, 5.9803 0.2953 0.2362, 6.0 0.2953 0.2362, 6.0 0.0723 0.2362, 5.626 0.0723 0.2362, 5.626 0.126 0.2362, 5.0197 0.2953 0.2362, 5.374 0.126 0.2362, 5.374 0.0723 0.2362, 4.626 0.0723 0.2362, 4.9803 0.2953 0.2362, 4.626 0.126 0.2362, 4.0197 0.2953 0.2362, 4.374 0.126 0.2362, 4.374 0.0723 0.2362, 4.374 -0.126 0.2362, 4.9803 -0.2953 0.2362, 4.626 -0.126 0.2362, 6.0 -0.2953 0.2362, 6.0197 -0.2953 0.2362, 6.9803 0.2953 0.2362, 7.0 0.2953 0.2362, 7.0 0.0723 0.2362, 6.626 0.0723 0.2362, 6.626 0.126 0.2362, 6.0197 0.2953 0.2362, 6.374 0.126 0.2362, 6.374 0.0723 0.2362, 6.374 -0.126 0.2362, 6.9803 -0.2953 0.2362, 6.626 -0.126 0.2362, 7.0 -0.2953 0.2362, 7.0197 -0.2953 0.2362, 7.9803 0.2953 0.2362, 8.0 0.2953 0.2362, 8.0 0.0723 0.2362, 7.626 0.0723 0.2362, 7.626 0.126 0.2362, 7.0197 0.2953 0.2362, 7.374 0.126 0.2362, 7.374 0.0723 0.2362, 7.374 -0.126 0.2362, 7.9803 -0.2953 0.2362, 7.626 -0.126 0.2362, 8.0 -0.2953 0.2362, 8.0197 -0.2953 0.2362, 8.9803 0.2953 0.2362, 9.0 0.2953 0.2362, 9.0 0.0723 0.2362, 8.626 0.0723 0.2362, 8.626 0.126 0.2362, 8.0197 0.2953 0.2362, 8.374 0.126 0.2362, 8.374 0.0723 0.2362, 8.374 -0.126 0.2362, 8.9803 -0.2953 0.2362, 8.626 -0.126 0.2362, 9.0 -0.2953 0.2362, 9.0197 -0.2953 0.2362, 9.9803 0.2953 0.2362, 10.0 0.2953 0.2362, 10.0 0.0723 0.2362, 9.626 0.0723 0.2362, 9.626 0.126 0.2362, 9.0197 0.2953 0.2362, 9.374 0.126 0.2362, 9.374 0.0723 0.2362, 9.374 -0.126 0.2362, 9.9803 -0.2953 0.2362, 9.626 -0.126 0.2362, 10.0 -0.2953 0.2362, 10.0197 -0.2953 0.2362, 10.9803 0.2953 0.2362, 11.0 0.2953 0.2362, 11.0 0.0723 0.2362, 10.626 0.0723 0.2362, 10.626 0.126 0.2362, 10.0197 0.2953 0.2362, 10.374 0.126 0.2362, 10.374 0.0723 0.2362, 10.374 -0.126 0.2362, 10.9803 -0.2953 0.2362, 10.626 -0.126 0.2362, 11.0 -0.2953 0.2362, 11.0197 -0.2953 0.2362, 11.9803 0.2953 0.2362, 12.0 0.2953 0.2362, 12.0 0.0723 0.2362, 11.626 0.0723 0.2362, 11.626 0.126 0.2362, 11.0197 0.2953 0.2362, 11.374 0.126 0.2362, 11.374 0.0723 0.2362, 11.374 -0.126 0.2362, 11.9803 -0.2953 0.2362, 11.626 -0.126 0.2362, 12.0 -0.2953 0.2362, 12.0197 -0.2953 0.2362, 12.9803 0.2953 0.2362, 13.0 0.2953 0.2362, 13.0 0.0723 0.2362, 12.626 0.0723 0.2362, 12.626 0.126 0.2362, 12.0197 0.2953 0.2362, 12.374 0.126 0.2362, 12.374 0.0723 0.2362, 12.374 -0.126 0.2362, 12.9803 -0.2953 0.2362, 12.626 -0.126 0.2362, 13.0 -0.2953 0.2362, 13.0197 -0.2953 0.2362, 14.0197 -0.2953 0.2362, 14.374 -0.126 0.2362, 14.9803 -0.2953 0.2362, 14.626 -0.126 0.2362, 14.9803 0.0723 0.2362, 14.626 0.0723 0.2362, 14.9803 0.2953 0.2362, 14.626 0.126 0.2362, 14.0197 0.2953 0.2362, 14.374 0.126 0.2362, 14.374 0.0723 0.2362, 13.626 0.0723 0.2362, 13.9803 0.2953 0.2362, 13.626 0.126 0.2362, 13.0197 0.2953 0.2362, 13.374 0.126 0.2362, 13.374 0.0723 0.2362, 13.374 -0.126 0.2362, 13.9803 -0.2953 0.2362, 13.626 -0.126 0.2362, -14.9803 0.2953 0.2362, -14.9803 0.0723 0.2362, -14.9803 -0.2953 0.2362, -0.2463 -0.1009 0.2362, -0.2171 -0.0677 0.2362, -0.1683 -0.0677 0.2362, -0.229 -0.1009 0.2362, -0.157 -0.1009 0.2362, -0.1844 0.0172 0.2362, -0.2002 0.0172 0.2362, -0.0693 0.0172 0.2362, -0.0864 0.0154 0.2362, -0.1002 0.0106 0.2362, -0.1131 0.0019 0.2362, -0.1397 -0.1009 0.2362, -0.1252 -0.0685 0.2362, -0.1184 -0.0791 0.2362, -0.1087 -0.0884 0.2362, -0.0245 -0.2953 0.2362, -0.1132 0.0018 0.2362, -0.1216 -0.0074 0.2362, -0.127 -0.0176 0.2362, -0.0963 -0.0955 0.2362, -0.0827 -0.0996 0.2362, -0.0681 -0.1009 0.2362, -0.1302 -0.0292 0.2362, -0.1311 -0.0403 0.2362, -0.1294 -0.0561 0.2362, -0.0101 0.0172 0.2362, 0.0504 0.0172 0.2362, 0.0619 0.0723 0.2362, 0.0504 -0.1009 0.2362, -0.0101 0.0043 0.2362, 0.0346 0.0043 0.2362, 0.0346 -0.0346 0.2362, 0.0346 -0.0476 0.2362, 0.0346 -0.0879 0.2362, -0.0072 -0.0476 0.2362, -0.013 -0.0879 0.2362, -0.0072 -0.0346 0.2362, -0.0197 -0.2953 0.2362, -0.013 -0.1009 0.2362, 0.0197 0.2953 0.2362, -0.0197 0.2953 0.2362, -0.0245 0.2953 0.2362, 0.0735 -0.0818 0.2362, 0.0735 -0.0947 0.2362, 0.0619 -0.2953 0.2362, 0.0197 -0.2953 0.2362, 0.0871 0.0177 0.2362, 0.0735 0.014 0.2362, 0.0735 -0.0018 0.2362, 0.0868 0.0039 0.2362, 0.0756 -0.083 0.2362, 0.1011 0.0057 0.2362, 0.1127 0.0044 0.2362, 0.132 -0.0969 0.2362, 0.1415 -0.0908 0.2362, 0.1664 -0.2953 0.2362, 0.1205 -0.1008 0.2362, 0.1664 0.0723 0.2362, 0.1482 -0.0028 0.2362, 0.1375 0.0074 0.2362, 0.1216 0.0012 0.2362, 0.1298 -0.0042 0.2362, 0.1369 -0.0121 0.2362, 0.1455 -0.0431 0.2362, 0.1443 -0.0559 0.2362, 0.1411 -0.066 0.2362, 0.1148 -0.0881 0.2362, 0.1038 -0.0893 0.2362, 0.1234 -0.0849 0.2362, 0.1306 -0.0801 0.2362, 0.1362 -0.0742 0.2362, 0.0881 -0.0876 0.2362, 0.1613 -0.044 0.2362, 0.1596 -0.0273 0.2362, 0.1551 -0.0139 0.2362, 0.1418 -0.0212 0.2362, 0.1449 -0.0339 0.2362, 0.1503 -0.0815 0.2362, 0.1566 -0.0702 0.2362, 0.1602 -0.0577 0.2362, 0.1263 0.0139 0.2362, 0.1131 0.0177 0.2362, 0.1013 0.0187 0.2362, 0.086 -0.0999 0.2362, 0.1027 -0.1023 0.2362, 0.106 -0.1023 0.2362, 0.1714 -0.1009 0.2362, 0.2319 -0.1009 0.2362, 0.2319 0.0172 0.2362, 0.2161 0.0172 0.2362, 0.2161 -0.0879 0.2362, 0.1714 -0.0879 0.2362, 0.0619 0.2953 0.2362, 0.1664 0.2953 0.2362, -14.7835 -0.4921 0.9843, -14.2165 -0.4921 0.9843, -14.0197 -0.2953 0.9843, -14.626 0.126 0.9843, -14.9803 0.2953 0.9843, -14.626 -0.126 0.9843, -14.9803 -0.2953 0.9843, -14.374 -0.126 0.9843, -14.374 0.126 0.9843, -14.0197 0.2953 0.9843, -14.2165 0.4921 0.9843, -14.7835 0.4921 0.9843, -14.2165 -0.4921 0.0, -14.7835 -0.4921 0.0, -14.0197 -0.2953 0.0, -14.9803 -0.2953 0.0, -14.0197 0.2953 0.9803, -14.0197 -0.2953 0.9803, -14.2165 0.4921 0.0, -14.7835 0.4921 0.0, -14.9803 0.2106 0.2362, -14.9803 0.2953 0.0, -14.0197 0.2953 0.0
            ]
        }
        coordIndex [
            0,1,2,-1,3,4,5,-1,6,7,8,-1,9,10,11,-1,11,10,12,-1,11,12,13,-1,13,12,14,-1,13,14,15,-1,15,14,16,-1,15,16,17,-1,17,16,6,-1,17,6,18,-1,18,6,8,-1,9,18,10,-1,10,18,8,-1,10,8,19,-1,19,8,20,-1,21,22,23,-1,23,24,21,-1,21,24,25,-1,21,25,26,-1,26,25,27,-1,26,27,28,-1,7,26,8,-1,8,26,28,-1,8,28,20,-1,20,28,29,-1,20,29,30,-1,30,29,31,-1,31,24,30,-1,30,24,23,-1,30,23,32,-1,32,23,33,-1,34,35,36,-1,36,37,34,-1,34,37,38,-1,34,38,39,-1,39,38,40,-1,39,40,41,-1,22,39,23,-1,23,39,41,-1,23,41,33,-1,33,41,42,-1,33,42,43,-1,43,42,44,-1,44,37,43,-1,43,37,36,-1,43,36,45,-1,45,36,46,-1,47,48,49,-1,49,50,47,-1,47,50,51,-1,47,51,52,-1,52,51,53,-1,52,53,54,-1,35,52,36,-1,36,52,54,-1,36,54,46,-1,46,54,55,-1,46,55,56,-1,56,55,57,-1,57,50,56,-1,56,50,49,-1,56,49,58,-1,58,49,59,-1,60,61,62,-1,62,63,60,-1,60,63,64,-1,60,64,65,-1,65,64,66,-1,65,66,67,-1,48,65,49,-1,49,65,67,-1,49,67,59,-1,59,67,68,-1,59,68,69,-1,69,68,70,-1,70,63,69,-1,69,63,62,-1,69,62,71,-1,71,62,72,-1,73,74,75,-1,75,76,73,-1,73,76,77,-1,73,77,78,-1,78,77,79,-1,78,79,80,-1,61,78,62,-1,62,78,80,-1,62,80,72,-1,72,80,81,-1,72,81,82,-1,82,81,83,-1,83,76,82,-1,82,76,75,-1,82,75,84,-1,84,75,85,-1,86,87,88,-1,88,87,89,-1,90,91,92,-1,92,93,90,-1,90,93,94,-1,90,94,95,-1,95,94,96,-1,96,97,95,-1,95,97,98,-1,95,98,99,-1,99,98,100,-1,99,100,101,-1,101,100,102,-1,101,102,103,-1,74,101,75,-1,75,101,103,-1,75,103,85,-1,85,103,104,-1,85,104,105,-1,105,104,106,-1,105,106,86,-1,86,106,98,-1,86,98,87,-1,87,98,97,-1,89,93,88,-1,88,93,92,-1,88,92,107,-1,107,92,108,-1,109,110,111,-1,111,112,109,-1,109,112,113,-1,109,113,114,-1,114,113,115,-1,114,115,116,-1,91,114,92,-1,92,114,116,-1,92,116,108,-1,108,116,117,-1,108,117,118,-1,118,117,119,-1,119,112,118,-1,118,112,111,-1,118,111,120,-1,120,111,121,-1,122,123,124,-1,124,125,122,-1,122,125,126,-1,122,126,127,-1,127,126,128,-1,127,128,129,-1,110,127,111,-1,111,127,129,-1,111,129,121,-1,121,129,130,-1,121,130,131,-1,131,130,132,-1,132,125,131,-1,131,125,124,-1,131,124,133,-1,133,124,134,-1,135,136,137,-1,137,138,135,-1,135,138,139,-1,135,139,140,-1,140,139,141,-1,140,141,142,-1,123,140,124,-1,124,140,142,-1,124,142,134,-1,134,142,143,-1,134,143,144,-1,144,143,145,-1,145,138,144,-1,144,138,137,-1,144,137,146,-1,146,137,147,-1,148,149,150,-1,150,151,148,-1,148,151,152,-1,148,152,153,-1,153,152,154,-1,153,154,155,-1,136,153,137,-1,137,153,155,-1,137,155,147,-1,147,155,156,-1,147,156,157,-1,157,156,158,-1,158,151,157,-1,157,151,150,-1,157,150,159,-1,159,150,160,-1,161,162,163,-1,163,164,161,-1,161,164,165,-1,161,165,166,-1,166,165,167,-1,166,167,168,-1,149,166,150,-1,150,166,168,-1,150,168,160,-1,160,168,169,-1,160,169,170,-1,170,169,171,-1,171,164,170,-1,170,164,163,-1,170,163,172,-1,172,163,173,-1,174,175,176,-1,174,176,177,-1,177,178,179,-1,179,178,180,-1,180,178,181,-1,180,181,182,-1,162,180,163,-1,163,180,182,-1,163,182,173,-1,173,182,183,-1,173,183,176,-1,176,183,184,-1,176,184,177,-1,185,186,187,-1,187,186,188,-1,189,190,191,-1,177,179,174,-1,174,179,192,-1,174,192,189,-1,191,193,189,-1,189,193,185,-1,189,185,174,-1,174,185,187,-1,174,187,175,-1,194,195,196,-1,196,195,197,-1,196,197,198,-1,198,197,199,-1,200,201,202,-1,202,203,200,-1,200,203,204,-1,200,204,205,-1,205,204,206,-1,194,203,195,-1,195,203,202,-1,195,202,207,-1,207,202,208,-1,209,210,211,-1,211,212,209,-1,209,212,213,-1,209,213,214,-1,214,213,215,-1,214,215,216,-1,201,214,202,-1,202,214,216,-1,202,216,208,-1,208,216,217,-1,208,217,218,-1,218,217,219,-1,219,212,218,-1,218,212,211,-1,218,211,220,-1,220,211,221,-1,222,223,224,-1,224,225,222,-1,222,225,226,-1,222,226,227,-1,227,226,228,-1,227,228,229,-1,210,227,211,-1,211,227,229,-1,211,229,221,-1,221,229,230,-1,221,230,231,-1,231,230,232,-1,232,225,231,-1,231,225,224,-1,231,224,233,-1,233,224,234,-1,235,236,237,-1,237,238,235,-1,235,238,239,-1,235,239,240,-1,240,239,241,-1,240,241,242,-1,223,240,224,-1,224,240,242,-1,224,242,234,-1,234,242,243,-1,234,243,244,-1,244,243,245,-1,245,238,244,-1,244,238,237,-1,244,237,246,-1,246,237,247,-1,248,249,250,-1,250,249,251,-1,252,253,254,-1,254,255,252,-1,252,255,256,-1,252,256,257,-1,257,256,258,-1,258,259,257,-1,257,259,260,-1,257,260,261,-1,261,260,262,-1,261,262,263,-1,263,262,264,-1,263,264,265,-1,236,263,237,-1,237,263,265,-1,237,265,247,-1,247,265,266,-1,247,266,267,-1,267,266,268,-1,267,268,248,-1,248,268,260,-1,248,260,249,-1,249,260,259,-1,251,255,250,-1,250,255,254,-1,250,254,269,-1,269,254,270,-1,271,272,273,-1,273,274,271,-1,271,274,275,-1,271,275,276,-1,276,275,277,-1,276,277,278,-1,253,276,254,-1,254,276,278,-1,254,278,270,-1,270,278,279,-1,270,279,280,-1,280,279,281,-1,281,274,280,-1,280,274,273,-1,280,273,282,-1,282,273,283,-1,284,285,286,-1,286,287,284,-1,284,287,288,-1,284,288,289,-1,289,288,290,-1,289,290,291,-1,272,289,273,-1,273,289,291,-1,273,291,283,-1,283,291,292,-1,283,292,293,-1,293,292,294,-1,294,287,293,-1,293,287,286,-1,293,286,295,-1,295,286,296,-1,297,298,299,-1,299,300,297,-1,297,300,301,-1,297,301,302,-1,302,301,303,-1,302,303,304,-1,285,302,286,-1,286,302,304,-1,286,304,296,-1,296,304,305,-1,296,305,306,-1,306,305,307,-1,307,300,306,-1,306,300,299,-1,306,299,308,-1,308,299,309,-1,310,311,312,-1,312,313,310,-1,310,313,314,-1,310,314,315,-1,315,314,316,-1,315,316,317,-1,298,315,299,-1,299,315,317,-1,299,317,309,-1,309,317,318,-1,309,318,319,-1,319,318,320,-1,320,313,319,-1,319,313,312,-1,319,312,321,-1,321,312,322,-1,323,324,325,-1,325,326,323,-1,323,326,327,-1,323,327,328,-1,328,327,329,-1,328,329,330,-1,311,328,312,-1,312,328,330,-1,312,330,322,-1,322,330,331,-1,322,331,332,-1,332,331,333,-1,333,326,332,-1,332,326,325,-1,332,325,334,-1,334,325,335,-1,336,337,338,-1,338,339,336,-1,336,339,340,-1,336,340,341,-1,341,340,342,-1,341,342,343,-1,324,341,325,-1,325,341,343,-1,325,343,335,-1,335,343,344,-1,335,344,345,-1,345,344,346,-1,346,339,345,-1,345,339,338,-1,345,338,347,-1,347,338,348,-1,349,350,351,-1,351,352,349,-1,349,352,353,-1,349,353,354,-1,354,353,355,-1,354,355,356,-1,337,354,338,-1,338,354,356,-1,338,356,348,-1,348,356,357,-1,348,357,358,-1,358,357,359,-1,359,352,358,-1,358,352,351,-1,358,351,360,-1,360,351,361,-1,362,363,364,-1,364,363,365,-1,364,365,366,-1,366,365,367,-1,366,367,368,-1,368,367,369,-1,368,369,370,-1,370,369,371,-1,371,372,370,-1,370,372,373,-1,370,373,374,-1,374,373,375,-1,374,375,376,-1,376,375,377,-1,376,377,378,-1,350,376,351,-1,351,376,378,-1,351,378,361,-1,361,378,379,-1,361,379,380,-1,380,379,381,-1,380,381,362,-1,362,381,373,-1,362,373,363,-1,363,373,372,-1,382,16,383,-1,383,16,14,-1,383,14,384,-1,384,14,12,-1,186,3,188,-1,188,3,5,-1,188,5,385,-1,386,387,388,-1,388,387,389,-1,2,390,5,-1,5,390,391,-1,5,391,385,-1,1,392,2,-1,2,392,393,-1,2,393,390,-1,390,393,394,-1,390,394,395,-1,396,397,398,-1,398,399,396,-1,396,399,400,-1,396,400,389,-1,389,400,188,-1,389,188,388,-1,388,188,385,-1,395,401,390,-1,390,401,402,-1,390,402,403,-1,399,404,400,-1,400,404,405,-1,400,405,406,-1,403,407,390,-1,390,407,408,-1,390,408,396,-1,396,408,409,-1,396,409,397,-1,410,2,411,-1,411,2,412,-1,411,412,413,-1,406,0,400,-1,400,0,2,-1,400,2,414,-1,414,2,410,-1,414,415,416,-1,417,418,419,-1,419,418,420,-1,419,420,421,-1,413,422,423,-1,423,422,400,-1,423,400,420,-1,420,400,414,-1,420,414,421,-1,421,414,416,-1,424,412,425,-1,425,412,2,-1,425,2,426,-1,426,2,5,-1,426,5,190,-1,190,5,4,-1,190,4,191,-1,427,428,412,-1,412,428,429,-1,412,429,413,-1,413,429,430,-1,413,430,422,-1,431,432,412,-1,412,432,433,-1,412,433,427,-1,427,433,434,-1,427,434,435,-1,435,434,436,-1,435,436,437,-1,438,439,440,-1,438,440,441,-1,442,443,444,-1,437,445,435,-1,435,445,446,-1,435,446,447,-1,448,449,435,-1,435,449,450,-1,451,452,453,-1,453,452,454,-1,450,455,435,-1,435,455,454,-1,435,454,456,-1,456,454,452,-1,457,458,442,-1,442,458,459,-1,442,459,443,-1,447,460,435,-1,435,460,461,-1,435,461,448,-1,439,462,440,-1,440,462,463,-1,440,463,464,-1,444,465,442,-1,442,465,466,-1,442,466,412,-1,412,466,467,-1,412,467,431,-1,428,468,429,-1,429,468,469,-1,429,469,440,-1,440,469,470,-1,440,470,441,-1,440,471,197,-1,197,471,472,-1,197,472,199,-1,199,472,473,-1,199,473,442,-1,473,474,442,-1,442,474,475,-1,442,475,476,-1,464,457,440,-1,440,457,442,-1,440,442,471,-1,471,442,476,-1,424,477,412,-1,412,477,478,-1,412,478,442,-1,442,478,205,-1,442,205,199,-1,199,205,206,-1,199,206,198,-1,479,480,481,-1,482,483,484,-1,484,483,485,-1,484,485,486,-1,485,479,486,-1,486,479,481,-1,486,481,487,-1,487,481,488,-1,487,488,482,-1,482,488,489,-1,482,489,483,-1,483,489,490,-1,491,492,493,-1,493,492,494,-1,495,488,496,-1,496,488,481,-1,497,498,489,-1,489,498,490,-1,384,485,499,-1,499,485,483,-1,499,483,382,-1,492,491,479,-1,479,491,480,-1,498,497,500,-1,500,497,501,-1,479,485,492,-1,492,485,384,-1,492,384,494,-1,491,493,10,-1,491,10,480,-1,480,10,496,-1,480,496,481,-1,489,488,495,-1,489,495,497,-1,497,495,6,-1,497,6,501,-1,483,490,382,-1,382,490,498,-1,382,498,500,-1,10,493,12,-1,12,493,494,-1,12,494,384,-1,501,6,500,-1,500,6,16,-1,500,16,382,-1,
        ]
    }
}
Shape{
    appearance Appearance {
        material  Material 	{
            diffuseColor 0.8274509803921568 0.6666666666666666 0.12941176470588237
            specularColor 0.8274509803921568 0.6666666666666666 0.12941176470588237
            ambientIntensity 0.6535
            transparency 0.0
            shininess 0.5
        }
    }
    geometry IndexedFaceSet {
        ccw TRUE
        solid FALSE
        coord DEF co Coordinate {
            point [
                -14.5669 -0.0669 -1.1811, -14.5669 0.0669 -1.1811, -14.4331 -0.0669 -1.1811, -14.4331 0.0669 -1.1811, -14.626 -0.126 -0.9607, -14.626 -0.126 0.2362, -14.626 0.126 -0.9607, -14.626 0.126 0.2362, -14.374 0.126 -0.9607, -14.374 0.126 0.2362, -14.374 -0.126 -0.9607, -14.374 -0.126 0.2362, -14.626 -0.126 3.1261, -14.626 -0.126 0.9843, -14.374 -0.126 3.1261, -14.374 -0.126 0.9843, -14.374 0.126 3.1261, -14.374 0.126 0.9843, -14.626 0.126 3.1261, -14.626 0.126 0.9843, -14.5669 0.0669 3.3465, -14.5669 -0.0669 3.3465, -14.4331 0.0669 3.3465, -14.4331 -0.0669 3.3465
            ]
        }
        coordIndex [
            0,1,2,-1,2,1,3,-1,4,5,6,-1,6,5,7,-1,8,9,10,-1,10,9,11,-1,6,7,8,-1,8,7,9,-1,10,11,4,-1,4,11,5,-1,12,13,14,-1,14,13,15,-1,16,17,18,-1,18,17,19,-1,14,15,16,-1,16,15,17,-1,18,19,12,-1,12,19,13,-1,20,21,22,-1,22,21,23,-1,8,3,6,-1,6,3,1,-1,10,2,8,-1,8,2,3,-1,0,4,1,-1,1,4,6,-1,4,0,10,-1,10,0,2,-1,14,23,12,-1,12,23,21,-1,16,22,14,-1,14,22,23,-1,20,18,21,-1,21,18,12,-1,18,20,16,-1,16,20,22,-1,
        ]
    }
}
Shape{
    appearance Appearance {
        material  Material 	{
            diffuseColor 0.5882352941176471 0.5725490196078431 0.5254901960784314
            specularColor 0.043137254901960784 0.0392156862745098 0.0392156862745098
            ambientIntensity 0.8167
            transparency 0.0
            shininess 0.5
        }
    }
    geometry IndexedFaceSet {
        ccw TRUE
        solid FALSE
        coord DEF co Coordinate {
            point [
                -14.0197 0.2953 0.2362, -14.0197 0.2953 0.9803, -14.0 0.2953 0.2362, -13.9803 0.2953 0.9803, -13.9803 0.2953 0.2362, -13.9803 -0.2953 0.2362, -13.9803 -0.2953 0.9803, -14.0 -0.2953 0.2362, -14.0197 -0.2953 0.9803, -14.0197 -0.2953 0.2362, -13.7835 -0.4921 0.9843, -13.2165 -0.4921 0.9843, -13.0197 -0.2953 0.9843, -13.626 0.126 0.9843, -13.9803 0.2953 0.9843, -13.626 -0.126 0.9843, -13.9803 -0.2953 0.9843, -13.374 -0.126 0.9843, -13.374 0.126 0.9843, -13.0197 0.2953 0.9843, -13.2165 0.4921 0.9843, -13.7835 0.4921 0.9843, -13.2165 -0.4921 0.0, -13.7835 -0.4921 0.0, -13.0197 -0.2953 0.0, -13.9803 -0.2953 0.0, -13.0197 0.2953 0.9803, -13.0197 -0.2953 0.9803, -13.2165 0.4921 0.0, -13.7835 0.4921 0.0, -13.9803 0.2953 0.0, -13.0197 0.2953 0.0, -13.0197 -0.2953 0.2362, -13.0197 0.2953 0.2362
            ]
        }
        coordIndex [
            0,1,2,-1,2,1,3,-1,2,3,4,-1,5,6,7,-1,7,6,8,-1,7,8,9,-1,6,3,8,-1,8,3,1,-1,10,11,12,-1,13,14,15,-1,15,14,16,-1,15,16,17,-1,16,10,17,-1,17,10,12,-1,17,12,18,-1,18,12,19,-1,18,19,13,-1,13,19,20,-1,13,20,14,-1,14,20,21,-1,22,23,24,-1,24,23,25,-1,26,19,27,-1,27,19,12,-1,28,29,20,-1,20,29,21,-1,16,14,6,-1,6,14,3,-1,23,22,10,-1,10,22,11,-1,29,28,30,-1,30,28,31,-1,10,16,6,-1,10,6,23,-1,23,6,5,-1,23,5,25,-1,22,24,32,-1,22,32,11,-1,11,32,27,-1,11,27,12,-1,20,19,26,-1,20,26,28,-1,28,26,33,-1,28,33,31,-1,29,30,4,-1,29,4,21,-1,21,4,3,-1,21,3,14,-1,32,24,5,-1,5,24,25,-1,31,33,30,-1,30,33,4,-1,
        ]
    }
}
Shape{
    appearance Appearance {
        material  Material 	{
            diffuseColor 0.8274509803921568 0.6666666666666666 0.12941176470588237
            specularColor 0.8274509803921568 0.6666666666666666 0.12941176470588237
            ambientIntensity 0.6535
            transparency 0.0
            shininess 0.5
        }
    }
    geometry IndexedFaceSet {
        ccw TRUE
        solid FALSE
        coord DEF co Coordinate {
            point [
                -13.5669 -0.0669 -1.1811, -13.5669 0.0669 -1.1811, -13.4331 -0.0669 -1.1811, -13.4331 0.0669 -1.1811, -13.626 -0.126 -0.9607, -13.626 -0.126 0.2362, -13.626 0.126 -0.9607, -13.626 0.126 0.2362, -13.374 0.126 -0.9607, -13.374 0.126 0.2362, -13.374 -0.126 -0.9607, -13.374 -0.126 0.2362, -13.626 -0.126 3.1261, -13.626 -0.126 0.9843, -13.374 -0.126 3.1261, -13.374 -0.126 0.9843, -13.374 0.126 3.1261, -13.374 0.126 0.9843, -13.626 0.126 3.1261, -13.626 0.126 0.9843, -13.5669 0.0669 3.3465, -13.5669 -0.0669 3.3465, -13.4331 0.0669 3.3465, -13.4331 -0.0669 3.3465
            ]
        }
        coordIndex [
            0,1,2,-1,2,1,3,-1,4,5,6,-1,6,5,7,-1,8,9,10,-1,10,9,11,-1,6,7,8,-1,8,7,9,-1,10,11,4,-1,4,11,5,-1,12,13,14,-1,14,13,15,-1,16,17,18,-1,18,17,19,-1,14,15,16,-1,16,15,17,-1,18,19,12,-1,12,19,13,-1,20,21,22,-1,22,21,23,-1,8,3,6,-1,6,3,1,-1,10,2,8,-1,8,2,3,-1,0,4,1,-1,1,4,6,-1,4,0,10,-1,10,0,2,-1,14,23,12,-1,12,23,21,-1,16,22,14,-1,14,22,23,-1,20,18,21,-1,21,18,12,-1,18,20,16,-1,16,20,22,-1,
        ]
    }
}
Shape{
    appearance Appearance {
        material  Material 	{
            diffuseColor 0.5882352941176471 0.5725490196078431 0.5254901960784314
            specularColor 0.043137254901960784 0.0392156862745098 0.0392156862745098
            ambientIntensity 0.8167
            transparency 0.0
            shininess 0.5
        }
    }
    geometry IndexedFaceSet {
        ccw TRUE
        solid FALSE
        coord DEF co Coordinate {
            point [
                -13.0197 0.2953 0.2362, -13.0197 0.2953 0.9803, -13.0 0.2953 0.2362, -12.9803 0.2953 0.9803, -12.9803 0.2953 0.2362, -12.9803 -0.2953 0.2362, -12.9803 -0.2953 0.9803, -13.0 -0.2953 0.2362, -13.0197 -0.2953 0.9803, -13.0197 -0.2953 0.2362, -12.7835 -0.4921 0.9843, -12.2165 -0.4921 0.9843, -12.0197 -0.2953 0.9843, -12.626 0.126 0.9843, -12.9803 0.2953 0.9843, -12.626 -0.126 0.9843, -12.9803 -0.2953 0.9843, -12.374 -0.126 0.9843, -12.374 0.126 0.9843, -12.0197 0.2953 0.9843, -12.2165 0.4921 0.9843, -12.7835 0.4921 0.9843, -12.2165 -0.4921 0.0, -12.7835 -0.4921 0.0, -12.0197 -0.2953 0.0, -12.9803 -0.2953 0.0, -12.0197 0.2953 0.9803, -12.0197 -0.2953 0.9803, -12.2165 0.4921 0.0, -12.7835 0.4921 0.0, -12.9803 0.2953 0.0, -12.0197 0.2953 0.0, -12.0197 -0.2953 0.2362, -12.0197 0.2953 0.2362
            ]
        }
        coordIndex [
            0,1,2,-1,2,1,3,-1,2,3,4,-1,5,6,7,-1,7,6,8,-1,7,8,9,-1,6,3,8,-1,8,3,1,-1,10,11,12,-1,13,14,15,-1,15,14,16,-1,15,16,17,-1,16,10,17,-1,17,10,12,-1,17,12,18,-1,18,12,19,-1,18,19,13,-1,13,19,20,-1,13,20,14,-1,14,20,21,-1,22,23,24,-1,24,23,25,-1,26,19,27,-1,27,19,12,-1,28,29,20,-1,20,29,21,-1,16,14,6,-1,6,14,3,-1,23,22,10,-1,10,22,11,-1,29,28,30,-1,30,28,31,-1,10,16,6,-1,10,6,23,-1,23,6,5,-1,23,5,25,-1,22,24,32,-1,22,32,11,-1,11,32,27,-1,11,27,12,-1,20,19,26,-1,20,26,28,-1,28,26,33,-1,28,33,31,-1,29,30,4,-1,29,4,21,-1,21,4,3,-1,21,3,14,-1,32,24,5,-1,5,24,25,-1,31,33,30,-1,30,33,4,-1,
        ]
    }
}
Shape{
    appearance Appearance {
        material  Material 	{
            diffuseColor 0.8274509803921568 0.6666666666666666 0.12941176470588237
            specularColor 0.8274509803921568 0.6666666666666666 0.12941176470588237
            ambientIntensity 0.6535
            transparency 0.0
            shininess 0.5
        }
    }
    geometry IndexedFaceSet {
        ccw TRUE
        solid FALSE
        coord DEF co Coordinate {
            point [
                -12.5669 -0.0669 -1.1811, -12.5669 0.0669 -1.1811, -12.4331 -0.0669 -1.1811, -12.4331 0.0669 -1.1811, -12.626 -0.126 -0.9607, -12.626 -0.126 0.2362, -12.626 0.126 -0.9607, -12.626 0.126 0.2362, -12.374 0.126 -0.9607, -12.374 0.126 0.2362, -12.374 -0.126 -0.9607, -12.374 -0.126 0.2362, -12.626 -0.126 3.1261, -12.626 -0.126 0.9843, -12.374 -0.126 3.1261, -12.374 -0.126 0.9843, -12.374 0.126 3.1261, -12.374 0.126 0.9843, -12.626 0.126 3.1261, -12.626 0.126 0.9843, -12.5669 0.0669 3.3465, -12.5669 -0.0669 3.3465, -12.4331 0.0669 3.3465, -12.4331 -0.0669 3.3465
            ]
        }
        coordIndex [
            0,1,2,-1,2,1,3,-1,4,5,6,-1,6,5,7,-1,8,9,10,-1,10,9,11,-1,6,7,8,-1,8,7,9,-1,10,11,4,-1,4,11,5,-1,12,13,14,-1,14,13,15,-1,16,17,18,-1,18,17,19,-1,14,15,16,-1,16,15,17,-1,18,19,12,-1,12,19,13,-1,20,21,22,-1,22,21,23,-1,8,3,6,-1,6,3,1,-1,10,2,8,-1,8,2,3,-1,0,4,1,-1,1,4,6,-1,4,0,10,-1,10,0,2,-1,14,23,12,-1,12,23,21,-1,16,22,14,-1,14,22,23,-1,20,18,21,-1,21,18,12,-1,18,20,16,-1,16,20,22,-1,
        ]
    }
}
Shape{
    appearance Appearance {
        material  Material 	{
            diffuseColor 0.5882352941176471 0.5725490196078431 0.5254901960784314
            specularColor 0.043137254901960784 0.0392156862745098 0.0392156862745098
            ambientIntensity 0.8167
            transparency 0.0
            shininess 0.5
        }
    }
    geometry IndexedFaceSet {
        ccw TRUE
        solid FALSE
        coord DEF co Coordinate {
            point [
                -12.0197 0.2953 0.2362, -12.0197 0.2953 0.9803, -12.0 0.2953 0.2362, -11.9803 0.2953 0.9803, -11.9803 0.2953 0.2362, -11.9803 -0.2953 0.2362, -11.9803 -0.2953 0.9803, -12.0 -0.2953 0.2362, -12.0197 -0.2953 0.9803, -12.0197 -0.2953 0.2362, -11.7835 -0.4921 0.9843, -11.2165 -0.4921 0.9843, -11.0197 -0.2953 0.9843, -11.626 0.126 0.9843, -11.9803 0.2953 0.9843, -11.626 -0.126 0.9843, -11.9803 -0.2953 0.9843, -11.374 -0.126 0.9843, -11.374 0.126 0.9843, -11.0197 0.2953 0.9843, -11.2165 0.4921 0.9843, -11.7835 0.4921 0.9843, -11.2165 -0.4921 0.0, -11.7835 -0.4921 0.0, -11.0197 -0.2953 0.0, -11.9803 -0.2953 0.0, -11.0197 0.2953 0.9803, -11.0197 -0.2953 0.9803, -11.2165 0.4921 0.0, -11.7835 0.4921 0.0, -11.9803 0.2953 0.0, -11.0197 0.2953 0.0, -11.0197 -0.2953 0.2362, -11.0197 0.2953 0.2362
            ]
        }
        coordIndex [
            0,1,2,-1,2,1,3,-1,2,3,4,-1,5,6,7,-1,7,6,8,-1,7,8,9,-1,6,3,8,-1,8,3,1,-1,10,11,12,-1,13,14,15,-1,15,14,16,-1,15,16,17,-1,16,10,17,-1,17,10,12,-1,17,12,18,-1,18,12,19,-1,18,19,13,-1,13,19,20,-1,13,20,14,-1,14,20,21,-1,22,23,24,-1,24,23,25,-1,26,19,27,-1,27,19,12,-1,28,29,20,-1,20,29,21,-1,16,14,6,-1,6,14,3,-1,23,22,10,-1,10,22,11,-1,29,28,30,-1,30,28,31,-1,10,16,6,-1,10,6,23,-1,23,6,5,-1,23,5,25,-1,22,24,32,-1,22,32,11,-1,11,32,27,-1,11,27,12,-1,20,19,26,-1,20,26,28,-1,28,26,33,-1,28,33,31,-1,29,30,4,-1,29,4,21,-1,21,4,3,-1,21,3,14,-1,32,24,5,-1,5,24,25,-1,31,33,30,-1,30,33,4,-1,
        ]
    }
}
Shape{
    appearance Appearance {
        material  Material 	{
            diffuseColor 0.8274509803921568 0.6666666666666666 0.12941176470588237
            specularColor 0.8274509803921568 0.6666666666666666 0.12941176470588237
            ambientIntensity 0.6535
            transparency 0.0
            shininess 0.5
        }
    }
    geometry IndexedFaceSet {
        ccw TRUE
        solid FALSE
        coord DEF co Coordinate {
            point [
                -11.5669 -0.0669 -1.1811, -11.5669 0.0669 -1.1811, -11.4331 -0.0669 -1.1811, -11.4331 0.0669 -1.1811, -11.626 -0.126 -0.9607, -11.626 -0.126 0.2362, -11.626 0.126 -0.9607, -11.626 0.126 0.2362, -11.374 0.126 -0.9607, -11.374 0.126 0.2362, -11.374 -0.126 -0.9607, -11.374 -0.126 0.2362, -11.626 -0.126 3.1261, -11.626 -0.126 0.9843, -11.374 -0.126 3.1261, -11.374 -0.126 0.9843, -11.374 0.126 3.1261, -11.374 0.126 0.9843, -11.626 0.126 3.1261, -11.626 0.126 0.9843, -11.5669 0.0669 3.3465, -11.5669 -0.0669 3.3465, -11.4331 0.0669 3.3465, -11.4331 -0.0669 3.3465
            ]
        }
        coordIndex [
            0,1,2,-1,2,1,3,-1,4,5,6,-1,6,5,7,-1,8,9,10,-1,10,9,11,-1,6,7,8,-1,8,7,9,-1,10,11,4,-1,4,11,5,-1,12,13,14,-1,14,13,15,-1,16,17,18,-1,18,17,19,-1,14,15,16,-1,16,15,17,-1,18,19,12,-1,12,19,13,-1,20,21,22,-1,22,21,23,-1,8,3,6,-1,6,3,1,-1,10,2,8,-1,8,2,3,-1,0,4,1,-1,1,4,6,-1,4,0,10,-1,10,0,2,-1,14,23,12,-1,12,23,21,-1,16,22,14,-1,14,22,23,-1,20,18,21,-1,21,18,12,-1,18,20,16,-1,16,20,22,-1,
        ]
    }
}
Shape{
    appearance Appearance {
        material  Material 	{
            diffuseColor 0.5882352941176471 0.5725490196078431 0.5254901960784314
            specularColor 0.043137254901960784 0.0392156862745098 0.0392156862745098
            ambientIntensity 0.8167
            transparency 0.0
            shininess 0.5
        }
    }
    geometry IndexedFaceSet {
        ccw TRUE
        solid FALSE
        coord DEF co Coordinate {
            point [
                -11.0197 0.2953 0.2362, -11.0197 0.2953 0.9803, -11.0 0.2953 0.2362, -10.9803 0.2953 0.9803, -10.9803 0.2953 0.2362, -10.9803 -0.2953 0.2362, -10.9803 -0.2953 0.9803, -11.0 -0.2953 0.2362, -11.0197 -0.2953 0.9803, -11.0197 -0.2953 0.2362, -10.7835 -0.4921 0.9843, -10.2165 -0.4921 0.9843, -10.0197 -0.2953 0.9843, -10.626 0.126 0.9843, -10.9803 0.2953 0.9843, -10.626 -0.126 0.9843, -10.9803 -0.2953 0.9843, -10.374 -0.126 0.9843, -10.374 0.126 0.9843, -10.0197 0.2953 0.9843, -10.2165 0.4921 0.9843, -10.7835 0.4921 0.9843, -10.2165 -0.4921 0.0, -10.7835 -0.4921 0.0, -10.0197 -0.2953 0.0, -10.9803 -0.2953 0.0, -10.0197 0.2953 0.9803, -10.0197 -0.2953 0.9803, -10.2165 0.4921 0.0, -10.7835 0.4921 0.0, -10.9803 0.2953 0.0, -10.0197 0.2953 0.0, -10.0197 -0.2953 0.2362, -10.0197 0.2953 0.2362
            ]
        }
        coordIndex [
            0,1,2,-1,2,1,3,-1,2,3,4,-1,5,6,7,-1,7,6,8,-1,7,8,9,-1,6,3,8,-1,8,3,1,-1,10,11,12,-1,13,14,15,-1,15,14,16,-1,15,16,17,-1,16,10,17,-1,17,10,12,-1,17,12,18,-1,18,12,19,-1,18,19,13,-1,13,19,20,-1,13,20,14,-1,14,20,21,-1,22,23,24,-1,24,23,25,-1,26,19,27,-1,27,19,12,-1,28,29,20,-1,20,29,21,-1,16,14,6,-1,6,14,3,-1,23,22,10,-1,10,22,11,-1,29,28,30,-1,30,28,31,-1,10,16,6,-1,10,6,23,-1,23,6,5,-1,23,5,25,-1,22,24,32,-1,22,32,11,-1,11,32,27,-1,11,27,12,-1,20,19,26,-1,20,26,28,-1,28,26,33,-1,28,33,31,-1,29,30,4,-1,29,4,21,-1,21,4,3,-1,21,3,14,-1,32,24,5,-1,5,24,25,-1,31,33,30,-1,30,33,4,-1,
        ]
    }
}
Shape{
    appearance Appearance {
        material  Material 	{
            diffuseColor 0.8274509803921568 0.6666666666666666 0.12941176470588237
            specularColor 0.8274509803921568 0.6666666666666666 0.12941176470588237
            ambientIntensity 0.6535
            transparency 0.0
            shininess 0.5
        }
    }
    geometry IndexedFaceSet {
        ccw TRUE
        solid FALSE
        coord DEF co Coordinate {
            point [
                -10.5669 -0.0669 -1.1811, -10.5669 0.0669 -1.1811, -10.4331 -0.0669 -1.1811, -10.4331 0.0669 -1.1811, -10.626 -0.126 -0.9607, -10.626 -0.126 0.2362, -10.626 0.126 -0.9607, -10.626 0.126 0.2362, -10.374 0.126 -0.9607, -10.374 0.126 0.2362, -10.374 -0.126 -0.9607, -10.374 -0.126 0.2362, -10.626 -0.126 3.1261, -10.626 -0.126 0.9843, -10.374 -0.126 3.1261, -10.374 -0.126 0.9843, -10.374 0.126 3.1261, -10.374 0.126 0.9843, -10.626 0.126 3.1261, -10.626 0.126 0.9843, -10.5669 0.0669 3.3465, -10.5669 -0.0669 3.3465, -10.4331 0.0669 3.3465, -10.4331 -0.0669 3.3465
            ]
        }
        coordIndex [
            0,1,2,-1,2,1,3,-1,4,5,6,-1,6,5,7,-1,8,9,10,-1,10,9,11,-1,6,7,8,-1,8,7,9,-1,10,11,4,-1,4,11,5,-1,12,13,14,-1,14,13,15,-1,16,17,18,-1,18,17,19,-1,14,15,16,-1,16,15,17,-1,18,19,12,-1,12,19,13,-1,20,21,22,-1,22,21,23,-1,8,3,6,-1,6,3,1,-1,10,2,8,-1,8,2,3,-1,0,4,1,-1,1,4,6,-1,4,0,10,-1,10,0,2,-1,14,23,12,-1,12,23,21,-1,16,22,14,-1,14,22,23,-1,20,18,21,-1,21,18,12,-1,18,20,16,-1,16,20,22,-1,
        ]
    }
}
Shape{
    appearance Appearance {
        material  Material 	{
            diffuseColor 0.5882352941176471 0.5725490196078431 0.5254901960784314
            specularColor 0.043137254901960784 0.0392156862745098 0.0392156862745098
            ambientIntensity 0.8167
            transparency 0.0
            shininess 0.5
        }
    }
    geometry IndexedFaceSet {
        ccw TRUE
        solid FALSE
        coord DEF co Coordinate {
            point [
                -10.0197 0.2953 0.2362, -10.0197 0.2953 0.9803, -10.0 0.2953 0.2362, -9.9803 0.2953 0.9803, -9.9803 0.2953 0.2362, -9.9803 -0.2953 0.2362, -9.9803 -0.2953 0.9803, -10.0 -0.2953 0.2362, -10.0197 -0.2953 0.9803, -10.0197 -0.2953 0.2362, -9.7835 -0.4921 0.9843, -9.2165 -0.4921 0.9843, -9.0197 -0.2953 0.9843, -9.626 0.126 0.9843, -9.9803 0.2953 0.9843, -9.626 -0.126 0.9843, -9.9803 -0.2953 0.9843, -9.374 -0.126 0.9843, -9.374 0.126 0.9843, -9.0197 0.2953 0.9843, -9.2165 0.4921 0.9843, -9.7835 0.4921 0.9843, -9.2165 -0.4921 0.0, -9.7835 -0.4921 0.0, -9.0197 -0.2953 0.0, -9.9803 -0.2953 0.0, -9.0197 0.2953 0.9803, -9.0197 -0.2953 0.9803, -9.2165 0.4921 0.0, -9.7835 0.4921 0.0, -9.9803 0.2953 0.0, -9.0197 0.2953 0.0, -9.0197 -0.2953 0.2362, -9.0197 0.2953 0.2362
            ]
        }
        coordIndex [
            0,1,2,-1,2,1,3,-1,2,3,4,-1,5,6,7,-1,7,6,8,-1,7,8,9,-1,6,3,8,-1,8,3,1,-1,10,11,12,-1,13,14,15,-1,15,14,16,-1,15,16,17,-1,16,10,17,-1,17,10,12,-1,17,12,18,-1,18,12,19,-1,18,19,13,-1,13,19,20,-1,13,20,14,-1,14,20,21,-1,22,23,24,-1,24,23,25,-1,26,19,27,-1,27,19,12,-1,28,29,20,-1,20,29,21,-1,16,14,6,-1,6,14,3,-1,23,22,10,-1,10,22,11,-1,29,28,30,-1,30,28,31,-1,10,16,6,-1,10,6,23,-1,23,6,5,-1,23,5,25,-1,22,24,32,-1,22,32,11,-1,11,32,27,-1,11,27,12,-1,20,19,26,-1,20,26,28,-1,28,26,33,-1,28,33,31,-1,29,30,4,-1,29,4,21,-1,21,4,3,-1,21,3,14,-1,32,24,5,-1,5,24,25,-1,31,33,30,-1,30,33,4,-1,
        ]
    }
}
Shape{
    appearance Appearance {
        material  Material 	{
            diffuseColor 0.8274509803921568 0.6666666666666666 0.12941176470588237
            specularColor 0.8274509803921568 0.6666666666666666 0.12941176470588237
            ambientIntensity 0.6535
            transparency 0.0
            shininess 0.5
        }
    }
    geometry IndexedFaceSet {
        ccw TRUE
        solid FALSE
        coord DEF co Coordinate {
            point [
                -9.5669 -0.0669 -1.1811, -9.5669 0.0669 -1.1811, -9.4331 -0.0669 -1.1811, -9.4331 0.0669 -1.1811, -9.626 -0.126 -0.9607, -9.626 -0.126 0.2362, -9.626 0.126 -0.9607, -9.626 0.126 0.2362, -9.374 0.126 -0.9607, -9.374 0.126 0.2362, -9.374 -0.126 -0.9607, -9.374 -0.126 0.2362, -9.626 -0.126 3.1261, -9.626 -0.126 0.9843, -9.374 -0.126 3.1261, -9.374 -0.126 0.9843, -9.374 0.126 3.1261, -9.374 0.126 0.9843, -9.626 0.126 3.1261, -9.626 0.126 0.9843, -9.5669 0.0669 3.3465, -9.5669 -0.0669 3.3465, -9.4331 0.0669 3.3465, -9.4331 -0.0669 3.3465
            ]
        }
        coordIndex [
            0,1,2,-1,2,1,3,-1,4,5,6,-1,6,5,7,-1,8,9,10,-1,10,9,11,-1,6,7,8,-1,8,7,9,-1,10,11,4,-1,4,11,5,-1,12,13,14,-1,14,13,15,-1,16,17,18,-1,18,17,19,-1,14,15,16,-1,16,15,17,-1,18,19,12,-1,12,19,13,-1,20,21,22,-1,22,21,23,-1,8,3,6,-1,6,3,1,-1,10,2,8,-1,8,2,3,-1,0,4,1,-1,1,4,6,-1,4,0,10,-1,10,0,2,-1,14,23,12,-1,12,23,21,-1,16,22,14,-1,14,22,23,-1,20,18,21,-1,21,18,12,-1,18,20,16,-1,16,20,22,-1,
        ]
    }
}
Shape{
    appearance Appearance {
        material  Material 	{
            diffuseColor 0.5882352941176471 0.5725490196078431 0.5254901960784314
            specularColor 0.043137254901960784 0.0392156862745098 0.0392156862745098
            ambientIntensity 0.8167
            transparency 0.0
            shininess 0.5
        }
    }
    geometry IndexedFaceSet {
        ccw TRUE
        solid FALSE
        coord DEF co Coordinate {
            point [
                -9.0197 0.2953 0.9803, -8.9803 0.2953 0.9803, -9.0197 0.2953 0.2362, -8.9803 0.2953 0.2362, -8.9803 -0.2953 0.9803, -9.0197 -0.2953 0.9803, -8.9803 -0.2953 0.2362, -9.0197 -0.2953 0.2362, -8.7835 -0.4921 0.9843, -8.2165 -0.4921 0.9843, -8.0197 -0.2953 0.9843, -8.626 0.126 0.9843, -8.9803 0.2953 0.9843, -8.626 -0.126 0.9843, -8.9803 -0.2953 0.9843, -8.374 -0.126 0.9843, -8.374 0.126 0.9843, -8.0197 0.2953 0.9843, -8.2165 0.4921 0.9843, -8.7835 0.4921 0.9843, -8.2165 -0.4921 0.0, -8.7835 -0.4921 0.0, -8.0197 -0.2953 0.0, -8.9803 -0.2953 0.0, -8.0197 0.2953 0.9803, -8.0197 -0.2953 0.9803, -8.2165 0.4921 0.0, -8.7835 0.4921 0.0, -8.9803 0.2953 0.0, -8.0197 0.2953 0.0, -8.0197 -0.2953 0.2362, -8.0197 0.2953 0.2362
            ]
        }
        coordIndex [
            0,1,2,-1,2,1,3,-1,4,5,6,-1,6,5,7,-1,4,1,5,-1,5,1,0,-1,8,9,10,-1,11,12,13,-1,13,12,14,-1,13,14,15,-1,14,8,15,-1,15,8,10,-1,15,10,16,-1,16,10,17,-1,16,17,11,-1,11,17,18,-1,11,18,12,-1,12,18,19,-1,20,21,22,-1,22,21,23,-1,24,17,25,-1,25,17,10,-1,26,27,18,-1,18,27,19,-1,14,12,4,-1,4,12,1,-1,21,20,8,-1,8,20,9,-1,27,26,28,-1,28,26,29,-1,8,14,4,-1,8,4,21,-1,21,4,6,-1,21,6,23,-1,20,22,30,-1,20,30,9,-1,9,30,25,-1,9,25,10,-1,18,17,24,-1,18,24,26,-1,26,24,31,-1,26,31,29,-1,1,12,19,-1,1,19,3,-1,3,19,27,-1,3,27,28,-1,30,22,6,-1,6,22,23,-1,29,31,28,-1,28,31,3,-1,
        ]
    }
}
Shape{
    appearance Appearance {
        material  Material 	{
            diffuseColor 0.8274509803921568 0.6666666666666666 0.12941176470588237
            specularColor 0.8274509803921568 0.6666666666666666 0.12941176470588237
            ambientIntensity 0.6535
            transparency 0.0
            shininess 0.5
        }
    }
    geometry IndexedFaceSet {
        ccw TRUE
        solid FALSE
        coord DEF co Coordinate {
            point [
                -8.5669 -0.0669 -1.1811, -8.5669 0.0669 -1.1811, -8.4331 -0.0669 -1.1811, -8.4331 0.0669 -1.1811, -8.626 -0.126 -0.9607, -8.626 -0.126 0.2362, -8.626 0.126 -0.9607, -8.626 0.126 0.2362, -8.374 0.126 -0.9607, -8.374 0.126 0.2362, -8.374 -0.126 -0.9607, -8.374 -0.126 0.2362, -8.626 -0.126 3.1261, -8.626 -0.126 0.9843, -8.374 -0.126 3.1261, -8.374 -0.126 0.9843, -8.374 0.126 3.1261, -8.374 0.126 0.9843, -8.626 0.126 3.1261, -8.626 0.126 0.9843, -8.5669 0.0669 3.3465, -8.5669 -0.0669 3.3465, -8.4331 0.0669 3.3465, -8.4331 -0.0669 3.3465
            ]
        }
        coordIndex [
            0,1,2,-1,2,1,3,-1,4,5,6,-1,6,5,7,-1,8,9,10,-1,10,9,11,-1,6,7,8,-1,8,7,9,-1,10,11,4,-1,4,11,5,-1,12,13,14,-1,14,13,15,-1,16,17,18,-1,18,17,19,-1,14,15,16,-1,16,15,17,-1,18,19,12,-1,12,19,13,-1,20,21,22,-1,22,21,23,-1,8,3,6,-1,6,3,1,-1,10,2,8,-1,8,2,3,-1,0,4,1,-1,1,4,6,-1,4,0,10,-1,10,0,2,-1,14,23,12,-1,12,23,21,-1,16,22,14,-1,14,22,23,-1,20,18,21,-1,21,18,12,-1,18,20,16,-1,16,20,22,-1,
        ]
    }
}
Shape{
    appearance Appearance {
        material  Material 	{
            diffuseColor 0.5882352941176471 0.5725490196078431 0.5254901960784314
            specularColor 0.043137254901960784 0.0392156862745098 0.0392156862745098
            ambientIntensity 0.8167
            transparency 0.0
            shininess 0.5
        }
    }
    geometry IndexedFaceSet {
        ccw TRUE
        solid FALSE
        coord DEF co Coordinate {
            point [
                -8.0197 0.2953 0.2362, -8.0197 0.2953 0.9803, -8.0 0.2953 0.2362, -7.9803 0.2953 0.9803, -7.9803 0.2953 0.2362, -7.9803 -0.2953 0.2362, -7.9803 -0.2953 0.9803, -8.0 -0.2953 0.2362, -8.0197 -0.2953 0.9803, -8.0197 -0.2953 0.2362, -7.7835 -0.4921 0.9843, -7.2165 -0.4921 0.9843, -7.0197 -0.2953 0.9843, -7.626 0.126 0.9843, -7.9803 0.2953 0.9843, -7.626 -0.126 0.9843, -7.9803 -0.2953 0.9843, -7.374 -0.126 0.9843, -7.374 0.126 0.9843, -7.0197 0.2953 0.9843, -7.2165 0.4921 0.9843, -7.7835 0.4921 0.9843, -7.2165 -0.4921 0.0, -7.7835 -0.4921 0.0, -7.0197 -0.2953 0.0, -7.9803 -0.2953 0.0, -7.0197 0.2953 0.9803, -7.0197 -0.2953 0.9803, -7.2165 0.4921 0.0, -7.7835 0.4921 0.0, -7.9803 0.2953 0.0, -7.0197 0.2953 0.0, -7.0197 -0.2953 0.2362, -7.0197 0.2953 0.2362
            ]
        }
        coordIndex [
            0,1,2,-1,2,1,3,-1,2,3,4,-1,5,6,7,-1,7,6,8,-1,7,8,9,-1,6,3,8,-1,8,3,1,-1,10,11,12,-1,13,14,15,-1,15,14,16,-1,15,16,17,-1,16,10,17,-1,17,10,12,-1,17,12,18,-1,18,12,19,-1,18,19,13,-1,13,19,20,-1,13,20,14,-1,14,20,21,-1,22,23,24,-1,24,23,25,-1,26,19,27,-1,27,19,12,-1,28,29,20,-1,20,29,21,-1,16,14,6,-1,6,14,3,-1,23,22,10,-1,10,22,11,-1,29,28,30,-1,30,28,31,-1,10,16,6,-1,10,6,23,-1,23,6,5,-1,23,5,25,-1,22,24,32,-1,22,32,11,-1,11,32,27,-1,11,27,12,-1,20,19,26,-1,20,26,28,-1,28,26,33,-1,28,33,31,-1,29,30,4,-1,29,4,21,-1,21,4,3,-1,21,3,14,-1,32,24,5,-1,5,24,25,-1,31,33,30,-1,30,33,4,-1,
        ]
    }
}
Shape{
    appearance Appearance {
        material  Material 	{
            diffuseColor 0.8274509803921568 0.6666666666666666 0.12941176470588237
            specularColor 0.8274509803921568 0.6666666666666666 0.12941176470588237
            ambientIntensity 0.6535
            transparency 0.0
            shininess 0.5
        }
    }
    geometry IndexedFaceSet {
        ccw TRUE
        solid FALSE
        coord DEF co Coordinate {
            point [
                -7.5669 -0.0669 -1.1811, -7.5669 0.0669 -1.1811, -7.4331 -0.0669 -1.1811, -7.4331 0.0669 -1.1811, -7.626 -0.126 -0.9607, -7.626 -0.126 0.2362, -7.626 0.126 -0.9607, -7.626 0.126 0.2362, -7.374 0.126 -0.9607, -7.374 0.126 0.2362, -7.374 -0.126 -0.9607, -7.374 -0.126 0.2362, -7.626 -0.126 3.1261, -7.626 -0.126 0.9843, -7.374 -0.126 3.1261, -7.374 -0.126 0.9843, -7.374 0.126 3.1261, -7.374 0.126 0.9843, -7.626 0.126 3.1261, -7.626 0.126 0.9843, -7.5669 0.0669 3.3465, -7.5669 -0.0669 3.3465, -7.4331 0.0669 3.3465, -7.4331 -0.0669 3.3465
            ]
        }
        coordIndex [
            0,1,2,-1,2,1,3,-1,4,5,6,-1,6,5,7,-1,8,9,10,-1,10,9,11,-1,6,7,8,-1,8,7,9,-1,10,11,4,-1,4,11,5,-1,12,13,14,-1,14,13,15,-1,16,17,18,-1,18,17,19,-1,14,15,16,-1,16,15,17,-1,18,19,12,-1,12,19,13,-1,20,21,22,-1,22,21,23,-1,8,3,6,-1,6,3,1,-1,10,2,8,-1,8,2,3,-1,0,4,1,-1,1,4,6,-1,4,0,10,-1,10,0,2,-1,14,23,12,-1,12,23,21,-1,16,22,14,-1,14,22,23,-1,20,18,21,-1,21,18,12,-1,18,20,16,-1,16,20,22,-1,
        ]
    }
}
Shape{
    appearance Appearance {
        material  Material 	{
            diffuseColor 0.5882352941176471 0.5725490196078431 0.5254901960784314
            specularColor 0.043137254901960784 0.0392156862745098 0.0392156862745098
            ambientIntensity 0.8167
            transparency 0.0
            shininess 0.5
        }
    }
    geometry IndexedFaceSet {
        ccw TRUE
        solid FALSE
        coord DEF co Coordinate {
            point [
                -7.0197 0.2953 0.2362, -7.0197 0.2953 0.9803, -7.0 0.2953 0.2362, -6.9803 0.2953 0.9803, -6.9803 0.2953 0.2362, -6.9803 -0.2953 0.2362, -6.9803 -0.2953 0.9803, -7.0 -0.2953 0.2362, -7.0197 -0.2953 0.9803, -7.0197 -0.2953 0.2362, -6.7835 -0.4921 0.9843, -6.2165 -0.4921 0.9843, -6.0197 -0.2953 0.9843, -6.626 0.126 0.9843, -6.9803 0.2953 0.9843, -6.626 -0.126 0.9843, -6.9803 -0.2953 0.9843, -6.374 -0.126 0.9843, -6.374 0.126 0.9843, -6.0197 0.2953 0.9843, -6.2165 0.4921 0.9843, -6.7835 0.4921 0.9843, -6.2165 -0.4921 0.0, -6.7835 -0.4921 0.0, -6.0197 -0.2953 0.0, -6.9803 -0.2953 0.0, -6.0197 0.2953 0.9803, -6.0197 -0.2953 0.9803, -6.2165 0.4921 0.0, -6.7835 0.4921 0.0, -6.9803 0.2953 0.0, -6.0197 0.2953 0.0, -6.0197 -0.2953 0.2362, -6.0197 0.2953 0.2362
            ]
        }
        coordIndex [
            0,1,2,-1,2,1,3,-1,2,3,4,-1,5,6,7,-1,7,6,8,-1,7,8,9,-1,6,3,8,-1,8,3,1,-1,10,11,12,-1,13,14,15,-1,15,14,16,-1,15,16,17,-1,16,10,17,-1,17,10,12,-1,17,12,18,-1,18,12,19,-1,18,19,13,-1,13,19,20,-1,13,20,14,-1,14,20,21,-1,22,23,24,-1,24,23,25,-1,26,19,27,-1,27,19,12,-1,28,29,20,-1,20,29,21,-1,16,14,6,-1,6,14,3,-1,23,22,10,-1,10,22,11,-1,29,28,30,-1,30,28,31,-1,10,16,6,-1,10,6,23,-1,23,6,5,-1,23,5,25,-1,22,24,32,-1,22,32,11,-1,11,32,27,-1,11,27,12,-1,20,19,26,-1,20,26,28,-1,28,26,33,-1,28,33,31,-1,29,30,4,-1,29,4,21,-1,21,4,3,-1,21,3,14,-1,32,24,5,-1,5,24,25,-1,31,33,30,-1,30,33,4,-1,
        ]
    }
}
Shape{
    appearance Appearance {
        material  Material 	{
            diffuseColor 0.8274509803921568 0.6666666666666666 0.12941176470588237
            specularColor 0.8274509803921568 0.6666666666666666 0.12941176470588237
            ambientIntensity 0.6535
            transparency 0.0
            shininess 0.5
        }
    }
    geometry IndexedFaceSet {
        ccw TRUE
        solid FALSE
        coord DEF co Coordinate {
            point [
                -6.5669 -0.0669 -1.1811, -6.5669 0.0669 -1.1811, -6.4331 -0.0669 -1.1811, -6.4331 0.0669 -1.1811, -6.626 -0.126 -0.9607, -6.626 -0.126 0.2362, -6.626 0.126 -0.9607, -6.626 0.126 0.2362, -6.374 0.126 -0.9607, -6.374 0.126 0.2362, -6.374 -0.126 -0.9607, -6.374 -0.126 0.2362, -6.626 -0.126 3.1261, -6.626 -0.126 0.9843, -6.374 -0.126 3.1261, -6.374 -0.126 0.9843, -6.374 0.126 3.1261, -6.374 0.126 0.9843, -6.626 0.126 3.1261, -6.626 0.126 0.9843, -6.5669 0.0669 3.3465, -6.5669 -0.0669 3.3465, -6.4331 0.0669 3.3465, -6.4331 -0.0669 3.3465
            ]
        }
        coordIndex [
            0,1,2,-1,2,1,3,-1,4,5,6,-1,6,5,7,-1,8,9,10,-1,10,9,11,-1,6,7,8,-1,8,7,9,-1,10,11,4,-1,4,11,5,-1,12,13,14,-1,14,13,15,-1,16,17,18,-1,18,17,19,-1,14,15,16,-1,16,15,17,-1,18,19,12,-1,12,19,13,-1,20,21,22,-1,22,21,23,-1,8,3,6,-1,6,3,1,-1,10,2,8,-1,8,2,3,-1,0,4,1,-1,1,4,6,-1,4,0,10,-1,10,0,2,-1,14,23,12,-1,12,23,21,-1,16,22,14,-1,14,22,23,-1,20,18,21,-1,21,18,12,-1,18,20,16,-1,16,20,22,-1,
        ]
    }
}
Shape{
    appearance Appearance {
        material  Material 	{
            diffuseColor 0.5882352941176471 0.5725490196078431 0.5254901960784314
            specularColor 0.043137254901960784 0.0392156862745098 0.0392156862745098
            ambientIntensity 0.8167
            transparency 0.0
            shininess 0.5
        }
    }
    geometry IndexedFaceSet {
        ccw TRUE
        solid FALSE
        coord DEF co Coordinate {
            point [
                -6.0197 0.2953 0.2362, -6.0197 0.2953 0.9803, -6.0 0.2953 0.2362, -5.9803 0.2953 0.9803, -5.9803 0.2953 0.2362, -5.9803 -0.2953 0.2362, -5.9803 -0.2953 0.9803, -6.0 -0.2953 0.2362, -6.0197 -0.2953 0.9803, -6.0197 -0.2953 0.2362, -5.7835 -0.4921 0.9843, -5.2165 -0.4921 0.9843, -5.0197 -0.2953 0.9843, -5.626 0.126 0.9843, -5.9803 0.2953 0.9843, -5.626 -0.126 0.9843, -5.9803 -0.2953 0.9843, -5.374 -0.126 0.9843, -5.374 0.126 0.9843, -5.0197 0.2953 0.9843, -5.2165 0.4921 0.9843, -5.7835 0.4921 0.9843, -5.2165 -0.4921 0.0, -5.7835 -0.4921 0.0, -5.0197 -0.2953 0.0, -5.9803 -0.2953 0.0, -5.0197 0.2953 0.9803, -5.0197 -0.2953 0.9803, -5.2165 0.4921 0.0, -5.7835 0.4921 0.0, -5.9803 0.2953 0.0, -5.0197 0.2953 0.0, -5.0197 -0.2953 0.2362, -5.0197 0.2953 0.2362
            ]
        }
        coordIndex [
            0,1,2,-1,2,1,3,-1,2,3,4,-1,5,6,7,-1,7,6,8,-1,7,8,9,-1,6,3,8,-1,8,3,1,-1,10,11,12,-1,13,14,15,-1,15,14,16,-1,15,16,17,-1,16,10,17,-1,17,10,12,-1,17,12,18,-1,18,12,19,-1,18,19,13,-1,13,19,20,-1,13,20,14,-1,14,20,21,-1,22,23,24,-1,24,23,25,-1,26,19,27,-1,27,19,12,-1,28,29,20,-1,20,29,21,-1,16,14,6,-1,6,14,3,-1,23,22,10,-1,10,22,11,-1,29,28,30,-1,30,28,31,-1,10,16,6,-1,10,6,23,-1,23,6,5,-1,23,5,25,-1,22,24,32,-1,22,32,11,-1,11,32,27,-1,11,27,12,-1,20,19,26,-1,20,26,28,-1,28,26,33,-1,28,33,31,-1,29,30,4,-1,29,4,21,-1,21,4,3,-1,21,3,14,-1,32,24,5,-1,5,24,25,-1,31,33,30,-1,30,33,4,-1,
        ]
    }
}
Shape{
    appearance Appearance {
        material  Material 	{
            diffuseColor 0.8274509803921568 0.6666666666666666 0.12941176470588237
            specularColor 0.8274509803921568 0.6666666666666666 0.12941176470588237
            ambientIntensity 0.6535
            transparency 0.0
            shininess 0.5
        }
    }
    geometry IndexedFaceSet {
        ccw TRUE
        solid FALSE
        coord DEF co Coordinate {
            point [
                -5.5669 -0.0669 -1.1811, -5.5669 0.0669 -1.1811, -5.4331 -0.0669 -1.1811, -5.4331 0.0669 -1.1811, -5.626 -0.126 -0.9607, -5.626 -0.126 0.2362, -5.626 0.126 -0.9607, -5.626 0.126 0.2362, -5.374 0.126 -0.9607, -5.374 0.126 0.2362, -5.374 -0.126 -0.9607, -5.374 -0.126 0.2362, -5.626 -0.126 3.1261, -5.626 -0.126 0.9843, -5.374 -0.126 3.1261, -5.374 -0.126 0.9843, -5.374 0.126 3.1261, -5.374 0.126 0.9843, -5.626 0.126 3.1261, -5.626 0.126 0.9843, -5.5669 0.0669 3.3465, -5.5669 -0.0669 3.3465, -5.4331 0.0669 3.3465, -5.4331 -0.0669 3.3465
            ]
        }
        coordIndex [
            0,1,2,-1,2,1,3,-1,4,5,6,-1,6,5,7,-1,8,9,10,-1,10,9,11,-1,6,7,8,-1,8,7,9,-1,10,11,4,-1,4,11,5,-1,12,13,14,-1,14,13,15,-1,16,17,18,-1,18,17,19,-1,14,15,16,-1,16,15,17,-1,18,19,12,-1,12,19,13,-1,20,21,22,-1,22,21,23,-1,8,3,6,-1,6,3,1,-1,10,2,8,-1,8,2,3,-1,0,4,1,-1,1,4,6,-1,4,0,10,-1,10,0,2,-1,14,23,12,-1,12,23,21,-1,16,22,14,-1,14,22,23,-1,20,18,21,-1,21,18,12,-1,18,20,16,-1,16,20,22,-1,
        ]
    }
}
Shape{
    appearance Appearance {
        material  Material 	{
            diffuseColor 0.5882352941176471 0.5725490196078431 0.5254901960784314
            specularColor 0.043137254901960784 0.0392156862745098 0.0392156862745098
            ambientIntensity 0.8167
            transparency 0.0
            shininess 0.5
        }
    }
    geometry IndexedFaceSet {
        ccw TRUE
        solid FALSE
        coord DEF co Coordinate {
            point [
                -5.0197 0.2953 0.2362, -5.0197 0.2953 0.9803, -5.0 0.2953 0.2362, -4.9803 0.2953 0.9803, -4.9803 0.2953 0.2362, -4.9803 -0.2953 0.2362, -4.9803 -0.2953 0.9803, -5.0 -0.2953 0.2362, -5.0197 -0.2953 0.9803, -5.0197 -0.2953 0.2362, -4.7835 -0.4921 0.9843, -4.2165 -0.4921 0.9843, -4.0197 -0.2953 0.9843, -4.626 0.126 0.9843, -4.9803 0.2953 0.9843, -4.626 -0.126 0.9843, -4.9803 -0.2953 0.9843, -4.374 -0.126 0.9843, -4.374 0.126 0.9843, -4.0197 0.2953 0.9843, -4.2165 0.4921 0.9843, -4.7835 0.4921 0.9843, -4.2165 -0.4921 0.0, -4.7835 -0.4921 0.0, -4.0197 -0.2953 0.0, -4.9803 -0.2953 0.0, -4.0197 0.2953 0.9803, -4.0197 -0.2953 0.9803, -4.2165 0.4921 0.0, -4.7835 0.4921 0.0, -4.9803 0.2953 0.0, -4.0197 0.2953 0.0, -4.0197 -0.2953 0.2362, -4.0197 0.2953 0.2362
            ]
        }
        coordIndex [
            0,1,2,-1,2,1,3,-1,2,3,4,-1,5,6,7,-1,7,6,8,-1,7,8,9,-1,6,3,8,-1,8,3,1,-1,10,11,12,-1,13,14,15,-1,15,14,16,-1,15,16,17,-1,16,10,17,-1,17,10,12,-1,17,12,18,-1,18,12,19,-1,18,19,13,-1,13,19,20,-1,13,20,14,-1,14,20,21,-1,22,23,24,-1,24,23,25,-1,26,19,27,-1,27,19,12,-1,28,29,20,-1,20,29,21,-1,16,14,6,-1,6,14,3,-1,23,22,10,-1,10,22,11,-1,29,28,30,-1,30,28,31,-1,10,16,6,-1,10,6,23,-1,23,6,5,-1,23,5,25,-1,22,24,32,-1,22,32,11,-1,11,32,27,-1,11,27,12,-1,20,19,26,-1,20,26,28,-1,28,26,33,-1,28,33,31,-1,29,30,4,-1,29,4,21,-1,21,4,3,-1,21,3,14,-1,32,24,5,-1,5,24,25,-1,31,33,30,-1,30,33,4,-1,
        ]
    }
}
Shape{
    appearance Appearance {
        material  Material 	{
            diffuseColor 0.8274509803921568 0.6666666666666666 0.12941176470588237
            specularColor 0.8274509803921568 0.6666666666666666 0.12941176470588237
            ambientIntensity 0.6535
            transparency 0.0
            shininess 0.5
        }
    }
    geometry IndexedFaceSet {
        ccw TRUE
        solid FALSE
        coord DEF co Coordinate {
            point [
                -4.5669 -0.0669 -1.1811, -4.5669 0.0669 -1.1811, -4.4331 -0.0669 -1.1811, -4.4331 0.0669 -1.1811, -4.626 -0.126 -0.9607, -4.626 -0.126 0.2362, -4.626 0.126 -0.9607, -4.626 0.126 0.2362, -4.374 0.126 -0.9607, -4.374 0.126 0.2362, -4.374 -0.126 -0.9607, -4.374 -0.126 0.2362, -4.626 -0.126 3.1261, -4.626 -0.126 0.9843, -4.374 -0.126 3.1261, -4.374 -0.126 0.9843, -4.374 0.126 3.1261, -4.374 0.126 0.9843, -4.626 0.126 3.1261, -4.626 0.126 0.9843, -4.5669 0.0669 3.3465, -4.5669 -0.0669 3.3465, -4.4331 0.0669 3.3465, -4.4331 -0.0669 3.3465
            ]
        }
        coordIndex [
            0,1,2,-1,2,1,3,-1,4,5,6,-1,6,5,7,-1,8,9,10,-1,10,9,11,-1,6,7,8,-1,8,7,9,-1,10,11,4,-1,4,11,5,-1,12,13,14,-1,14,13,15,-1,16,17,18,-1,18,17,19,-1,14,15,16,-1,16,15,17,-1,18,19,12,-1,12,19,13,-1,20,21,22,-1,22,21,23,-1,8,3,6,-1,6,3,1,-1,10,2,8,-1,8,2,3,-1,0,4,1,-1,1,4,6,-1,4,0,10,-1,10,0,2,-1,14,23,12,-1,12,23,21,-1,16,22,14,-1,14,22,23,-1,20,18,21,-1,21,18,12,-1,18,20,16,-1,16,20,22,-1,
        ]
    }
}
Shape{
    appearance Appearance {
        material  Material 	{
            diffuseColor 0.5882352941176471 0.5725490196078431 0.5254901960784314
            specularColor 0.043137254901960784 0.0392156862745098 0.0392156862745098
            ambientIntensity 0.8167
            transparency 0.0
            shininess 0.5
        }
    }
    geometry IndexedFaceSet {
        ccw TRUE
        solid FALSE
        coord DEF co Coordinate {
            point [
                -4.0197 0.2953 0.2362, -4.0197 0.2953 0.9803, -4.0 0.2953 0.2362, -3.9803 0.2953 0.9803, -3.9803 0.2953 0.2362, -3.9803 -0.2953 0.2362, -3.9803 -0.2953 0.9803, -4.0 -0.2953 0.2362, -4.0197 -0.2953 0.9803, -4.0197 -0.2953 0.2362, -3.7835 -0.4921 0.9843, -3.2165 -0.4921 0.9843, -3.0197 -0.2953 0.9843, -3.626 0.126 0.9843, -3.9803 0.2953 0.9843, -3.626 -0.126 0.9843, -3.9803 -0.2953 0.9843, -3.374 -0.126 0.9843, -3.374 0.126 0.9843, -3.0197 0.2953 0.9843, -3.2165 0.4921 0.9843, -3.7835 0.4921 0.9843, -3.2165 -0.4921 0.0, -3.7835 -0.4921 0.0, -3.0197 -0.2953 0.0, -3.9803 -0.2953 0.0, -3.0197 0.2953 0.9803, -3.0197 -0.2953 0.9803, -3.2165 0.4921 0.0, -3.7835 0.4921 0.0, -3.9803 0.2953 0.0, -3.0197 0.2953 0.0, -3.0197 -0.2953 0.2362, -3.0197 0.2953 0.2362
            ]
        }
        coordIndex [
            0,1,2,-1,2,1,3,-1,2,3,4,-1,5,6,7,-1,7,6,8,-1,7,8,9,-1,6,3,8,-1,8,3,1,-1,10,11,12,-1,13,14,15,-1,15,14,16,-1,15,16,17,-1,16,10,17,-1,17,10,12,-1,17,12,18,-1,18,12,19,-1,18,19,13,-1,13,19,20,-1,13,20,14,-1,14,20,21,-1,22,23,24,-1,24,23,25,-1,26,19,27,-1,27,19,12,-1,28,29,20,-1,20,29,21,-1,16,14,6,-1,6,14,3,-1,23,22,10,-1,10,22,11,-1,29,28,30,-1,30,28,31,-1,10,16,6,-1,10,6,23,-1,23,6,5,-1,23,5,25,-1,22,24,32,-1,22,32,11,-1,11,32,27,-1,11,27,12,-1,20,19,26,-1,20,26,28,-1,28,26,33,-1,28,33,31,-1,29,30,4,-1,29,4,21,-1,21,4,3,-1,21,3,14,-1,32,24,5,-1,5,24,25,-1,31,33,30,-1,30,33,4,-1,
        ]
    }
}
Shape{
    appearance Appearance {
        material  Material 	{
            diffuseColor 0.8274509803921568 0.6666666666666666 0.12941176470588237
            specularColor 0.8274509803921568 0.6666666666666666 0.12941176470588237
            ambientIntensity 0.6535
            transparency 0.0
            shininess 0.5
        }
    }
    geometry IndexedFaceSet {
        ccw TRUE
        solid FALSE
        coord DEF co Coordinate {
            point [
                -3.5669 -0.0669 -1.1811, -3.5669 0.0669 -1.1811, -3.4331 -0.0669 -1.1811, -3.4331 0.0669 -1.1811, -3.626 -0.126 -0.9607, -3.626 -0.126 0.2362, -3.626 0.126 -0.9607, -3.626 0.126 0.2362, -3.374 0.126 -0.9607, -3.374 0.126 0.2362, -3.374 -0.126 -0.9607, -3.374 -0.126 0.2362, -3.626 -0.126 3.1261, -3.626 -0.126 0.9843, -3.374 -0.126 3.1261, -3.374 -0.126 0.9843, -3.374 0.126 3.1261, -3.374 0.126 0.9843, -3.626 0.126 3.1261, -3.626 0.126 0.9843, -3.5669 0.0669 3.3465, -3.5669 -0.0669 3.3465, -3.4331 0.0669 3.3465, -3.4331 -0.0669 3.3465
            ]
        }
        coordIndex [
            0,1,2,-1,2,1,3,-1,4,5,6,-1,6,5,7,-1,8,9,10,-1,10,9,11,-1,6,7,8,-1,8,7,9,-1,10,11,4,-1,4,11,5,-1,12,13,14,-1,14,13,15,-1,16,17,18,-1,18,17,19,-1,14,15,16,-1,16,15,17,-1,18,19,12,-1,12,19,13,-1,20,21,22,-1,22,21,23,-1,8,3,6,-1,6,3,1,-1,10,2,8,-1,8,2,3,-1,0,4,1,-1,1,4,6,-1,4,0,10,-1,10,0,2,-1,14,23,12,-1,12,23,21,-1,16,22,14,-1,14,22,23,-1,20,18,21,-1,21,18,12,-1,18,20,16,-1,16,20,22,-1,
        ]
    }
}
Shape{
    appearance Appearance {
        material  Material 	{
            diffuseColor 0.5882352941176471 0.5725490196078431 0.5254901960784314
            specularColor 0.043137254901960784 0.0392156862745098 0.0392156862745098
            ambientIntensity 0.8167
            transparency 0.0
            shininess 0.5
        }
    }
    geometry IndexedFaceSet {
        ccw TRUE
        solid FALSE
        coord DEF co Coordinate {
            point [
                -3.0197 0.2953 0.2362, -3.0197 0.2953 0.9803, -3.0 0.2953 0.2362, -2.9803 0.2953 0.9803, -2.9803 0.2953 0.2362, -2.9803 -0.2953 0.2362, -2.9803 -0.2953 0.9803, -3.0 -0.2953 0.2362, -3.0197 -0.2953 0.9803, -3.0197 -0.2953 0.2362, -2.7835 -0.4921 0.9843, -2.2165 -0.4921 0.9843, -2.0197 -0.2953 0.9843, -2.626 0.126 0.9843, -2.9803 0.2953 0.9843, -2.626 -0.126 0.9843, -2.9803 -0.2953 0.9843, -2.374 -0.126 0.9843, -2.374 0.126 0.9843, -2.0197 0.2953 0.9843, -2.2165 0.4921 0.9843, -2.7835 0.4921 0.9843, -2.2165 -0.4921 0.0, -2.7835 -0.4921 0.0, -2.0197 -0.2953 0.0, -2.9803 -0.2953 0.0, -2.0197 0.2953 0.9803, -2.0197 -0.2953 0.9803, -2.2165 0.4921 0.0, -2.7835 0.4921 0.0, -2.9803 0.2953 0.0, -2.0197 0.2953 0.0, -2.0197 -0.2953 0.2362, -2.0197 0.2953 0.2362
            ]
        }
        coordIndex [
            0,1,2,-1,2,1,3,-1,2,3,4,-1,5,6,7,-1,7,6,8,-1,7,8,9,-1,6,3,8,-1,8,3,1,-1,10,11,12,-1,13,14,15,-1,15,14,16,-1,15,16,17,-1,16,10,17,-1,17,10,12,-1,17,12,18,-1,18,12,19,-1,18,19,13,-1,13,19,20,-1,13,20,14,-1,14,20,21,-1,22,23,24,-1,24,23,25,-1,26,19,27,-1,27,19,12,-1,28,29,20,-1,20,29,21,-1,16,14,6,-1,6,14,3,-1,23,22,10,-1,10,22,11,-1,29,28,30,-1,30,28,31,-1,10,16,6,-1,10,6,23,-1,23,6,5,-1,23,5,25,-1,22,24,32,-1,22,32,11,-1,11,32,27,-1,11,27,12,-1,20,19,26,-1,20,26,28,-1,28,26,33,-1,28,33,31,-1,3,14,21,-1,3,21,4,-1,4,21,29,-1,4,29,30,-1,32,24,5,-1,5,24,25,-1,31,33,30,-1,30,33,4,-1,
        ]
    }
}
Shape{
    appearance Appearance {
        material  Material 	{
            diffuseColor 0.8274509803921568 0.6666666666666666 0.12941176470588237
            specularColor 0.8274509803921568 0.6666666666666666 0.12941176470588237
            ambientIntensity 0.6535
            transparency 0.0
            shininess 0.5
        }
    }
    geometry IndexedFaceSet {
        ccw TRUE
        solid FALSE
        coord DEF co Coordinate {
            point [
                -2.5669 -0.0669 -1.1811, -2.5669 0.0669 -1.1811, -2.4331 -0.0669 -1.1811, -2.4331 0.0669 -1.1811, -2.626 -0.126 -0.9607, -2.626 -0.126 0.2362, -2.626 0.126 -0.9607, -2.626 0.126 0.2362, -2.374 0.126 -0.9607, -2.374 0.126 0.2362, -2.374 -0.126 -0.9607, -2.374 -0.126 0.2362, -2.626 -0.126 3.1261, -2.626 -0.126 0.9843, -2.374 -0.126 3.1261, -2.374 -0.126 0.9843, -2.374 0.126 3.1261, -2.374 0.126 0.9843, -2.626 0.126 3.1261, -2.626 0.126 0.9843, -2.5669 0.0669 3.3465, -2.5669 -0.0669 3.3465, -2.4331 0.0669 3.3465, -2.4331 -0.0669 3.3465
            ]
        }
        coordIndex [
            0,1,2,-1,2,1,3,-1,4,5,6,-1,6,5,7,-1,8,9,10,-1,10,9,11,-1,6,7,8,-1,8,7,9,-1,10,11,4,-1,4,11,5,-1,12,13,14,-1,14,13,15,-1,16,17,18,-1,18,17,19,-1,14,15,16,-1,16,15,17,-1,18,19,12,-1,12,19,13,-1,20,21,22,-1,22,21,23,-1,8,3,6,-1,6,3,1,-1,10,2,8,-1,8,2,3,-1,0,4,1,-1,1,4,6,-1,4,0,10,-1,10,0,2,-1,14,23,12,-1,12,23,21,-1,16,22,14,-1,14,22,23,-1,20,18,21,-1,21,18,12,-1,18,20,16,-1,16,20,22,-1,
        ]
    }
}
Shape{
    appearance Appearance {
        material  Material 	{
            diffuseColor 0.5882352941176471 0.5725490196078431 0.5254901960784314
            specularColor 0.043137254901960784 0.0392156862745098 0.0392156862745098
            ambientIntensity 0.8167
            transparency 0.0
            shininess 0.5
        }
    }
    geometry IndexedFaceSet {
        ccw TRUE
        solid FALSE
        coord DEF co Coordinate {
            point [
                -2.0197 0.2953 0.2362, -2.0197 0.2953 0.9803, -2.0 0.2953 0.2362, -1.9803 0.2953 0.9803, -1.9803 0.2953 0.2362, -1.9803 -0.2953 0.2362, -1.9803 -0.2953 0.9803, -2.0 -0.2953 0.2362, -2.0197 -0.2953 0.9803, -2.0197 -0.2953 0.2362, -1.7835 -0.4921 0.9843, -1.2165 -0.4921 0.9843, -1.0197 -0.2953 0.9843, -1.626 0.126 0.9843, -1.9803 0.2953 0.9843, -1.626 -0.126 0.9843, -1.9803 -0.2953 0.9843, -1.374 -0.126 0.9843, -1.374 0.126 0.9843, -1.0197 0.2953 0.9843, -1.2165 0.4921 0.9843, -1.7835 0.4921 0.9843, -1.2165 -0.4921 0.0, -1.7835 -0.4921 0.0, -1.0197 -0.2953 0.0, -1.9803 -0.2953 0.0, -1.0197 0.2953 0.9803, -1.0197 -0.2953 0.9803, -1.2165 0.4921 0.0, -1.7835 0.4921 0.0, -1.9803 0.2953 0.0, -1.0197 0.2953 0.0, -1.0197 -0.2953 0.2362, -1.0197 0.2953 0.2362
            ]
        }
        coordIndex [
            0,1,2,-1,2,1,3,-1,2,3,4,-1,5,6,7,-1,7,6,8,-1,7,8,9,-1,6,3,8,-1,8,3,1,-1,10,11,12,-1,13,14,15,-1,15,14,16,-1,15,16,17,-1,16,10,17,-1,17,10,12,-1,17,12,18,-1,18,12,19,-1,18,19,13,-1,13,19,20,-1,13,20,14,-1,14,20,21,-1,22,23,24,-1,24,23,25,-1,26,19,27,-1,27,19,12,-1,28,29,20,-1,20,29,21,-1,16,14,6,-1,6,14,3,-1,23,22,10,-1,10,22,11,-1,29,28,30,-1,30,28,31,-1,10,16,6,-1,10,6,23,-1,23,6,5,-1,23,5,25,-1,22,24,32,-1,22,32,11,-1,11,32,27,-1,11,27,12,-1,20,19,26,-1,20,26,28,-1,28,26,33,-1,28,33,31,-1,29,30,4,-1,29,4,21,-1,21,4,3,-1,21,3,14,-1,32,24,5,-1,5,24,25,-1,31,33,30,-1,30,33,4,-1,
        ]
    }
}
Shape{
    appearance Appearance {
        material  Material 	{
            diffuseColor 0.8274509803921568 0.6666666666666666 0.12941176470588237
            specularColor 0.8274509803921568 0.6666666666666666 0.12941176470588237
            ambientIntensity 0.6535
            transparency 0.0
            shininess 0.5
        }
    }
    geometry IndexedFaceSet {
        ccw TRUE
        solid FALSE
        coord DEF co Coordinate {
            point [
                -1.5669 -0.0669 -1.1811, -1.5669 0.0669 -1.1811, -1.4331 -0.0669 -1.1811, -1.4331 0.0669 -1.1811, -1.626 -0.126 -0.9607, -1.626 -0.126 0.2362, -1.626 0.126 -0.9607, -1.626 0.126 0.2362, -1.374 0.126 -0.9607, -1.374 0.126 0.2362, -1.374 -0.126 -0.9607, -1.374 -0.126 0.2362, -1.626 -0.126 3.1261, -1.626 -0.126 0.9843, -1.374 -0.126 3.1261, -1.374 -0.126 0.9843, -1.374 0.126 3.1261, -1.374 0.126 0.9843, -1.626 0.126 3.1261, -1.626 0.126 0.9843, -1.5669 0.0669 3.3465, -1.5669 -0.0669 3.3465, -1.4331 0.0669 3.3465, -1.4331 -0.0669 3.3465
            ]
        }
        coordIndex [
            0,1,2,-1,2,1,3,-1,4,5,6,-1,6,5,7,-1,8,9,10,-1,10,9,11,-1,6,7,8,-1,8,7,9,-1,10,11,4,-1,4,11,5,-1,12,13,14,-1,14,13,15,-1,16,17,18,-1,18,17,19,-1,14,15,16,-1,16,15,17,-1,18,19,12,-1,12,19,13,-1,20,21,22,-1,22,21,23,-1,8,3,6,-1,6,3,1,-1,10,2,8,-1,8,2,3,-1,0,4,1,-1,1,4,6,-1,4,0,10,-1,10,0,2,-1,14,23,12,-1,12,23,21,-1,16,22,14,-1,14,22,23,-1,20,18,21,-1,21,18,12,-1,18,20,16,-1,16,20,22,-1,
        ]
    }
}
Shape{
    appearance Appearance {
        material  Material 	{
            diffuseColor 0.5882352941176471 0.5725490196078431 0.5254901960784314
            specularColor 0.043137254901960784 0.0392156862745098 0.0392156862745098
            ambientIntensity 0.8167
            transparency 0.0
            shininess 0.5
        }
    }
    geometry IndexedFaceSet {
        ccw TRUE
        solid FALSE
        coord DEF co Coordinate {
            point [
                -1.0197 0.2953 0.9803, -0.9803 0.2953 0.9803, -1.0197 0.2953 0.2362, -0.9803 0.2953 0.2362, -0.9803 -0.2953 0.9803, -1.0197 -0.2953 0.9803, -0.9803 -0.2953 0.2362, -1.0197 -0.2953 0.2362, -0.7835 -0.4921 0.9843, -0.2165 -0.4921 0.9843, -0.0197 -0.2953 0.9843, -0.626 0.126 0.9843, -0.9803 0.2953 0.9843, -0.626 -0.126 0.9843, -0.9803 -0.2953 0.9843, -0.374 -0.126 0.9843, -0.374 0.126 0.9843, -0.0197 0.2953 0.9843, -0.2165 0.4921 0.9843, -0.7835 0.4921 0.9843, -0.2165 -0.4921 0.0, -0.7835 -0.4921 0.0, -0.0197 -0.2953 0.0, -0.9803 -0.2953 0.0, -0.0197 0.2953 0.9803, -0.0197 -0.2953 0.9803, -0.2165 0.4921 0.0, -0.7835 0.4921 0.0, -0.9803 0.2953 0.0, -0.0197 0.2953 0.0, -0.0197 -0.2953 0.2362, -0.0197 0.2953 0.2362
            ]
        }
        coordIndex [
            0,1,2,-1,2,1,3,-1,4,5,6,-1,6,5,7,-1,4,1,5,-1,5,1,0,-1,8,9,10,-1,11,12,13,-1,13,12,14,-1,13,14,15,-1,14,8,15,-1,15,8,10,-1,15,10,16,-1,16,10,17,-1,16,17,11,-1,11,17,18,-1,11,18,12,-1,12,18,19,-1,20,21,22,-1,22,21,23,-1,24,17,25,-1,25,17,10,-1,26,27,18,-1,18,27,19,-1,14,12,4,-1,4,12,1,-1,21,20,8,-1,8,20,9,-1,27,26,28,-1,28,26,29,-1,8,14,4,-1,8,4,21,-1,21,4,6,-1,21,6,23,-1,20,22,30,-1,20,30,9,-1,9,30,25,-1,9,25,10,-1,18,17,24,-1,18,24,26,-1,26,24,31,-1,26,31,29,-1,27,28,3,-1,27,3,19,-1,19,3,1,-1,19,1,12,-1,30,22,6,-1,6,22,23,-1,29,31,28,-1,28,31,3,-1,
        ]
    }
}
Shape{
    appearance Appearance {
        material  Material 	{
            diffuseColor 0.8274509803921568 0.6666666666666666 0.12941176470588237
            specularColor 0.8274509803921568 0.6666666666666666 0.12941176470588237
            ambientIntensity 0.6535
            transparency 0.0
            shininess 0.5
        }
    }
    geometry IndexedFaceSet {
        ccw TRUE
        solid FALSE
        coord DEF co Coordinate {
            point [
                -0.5669 -0.0669 -1.1811, -0.5669 0.0669 -1.1811, -0.4331 -0.0669 -1.1811, -0.4331 0.0669 -1.1811, -0.626 -0.126 -0.9607, -0.626 -0.126 0.2362, -0.626 0.126 -0.9607, -0.626 0.126 0.2362, -0.374 0.126 -0.9607, -0.374 0.126 0.2362, -0.374 -0.126 -0.9607, -0.374 -0.126 0.2362, -0.626 -0.126 3.1261, -0.626 -0.126 0.9843, -0.374 -0.126 3.1261, -0.374 -0.126 0.9843, -0.374 0.126 3.1261, -0.374 0.126 0.9843, -0.626 0.126 3.1261, -0.626 0.126 0.9843, -0.5669 0.0669 3.3465, -0.5669 -0.0669 3.3465, -0.4331 0.0669 3.3465, -0.4331 -0.0669 3.3465
            ]
        }
        coordIndex [
            0,1,2,-1,2,1,3,-1,4,5,6,-1,6,5,7,-1,8,9,10,-1,10,9,11,-1,6,7,8,-1,8,7,9,-1,10,11,4,-1,4,11,5,-1,12,13,14,-1,14,13,15,-1,16,17,18,-1,18,17,19,-1,14,15,16,-1,16,15,17,-1,18,19,12,-1,12,19,13,-1,20,21,22,-1,22,21,23,-1,8,3,6,-1,6,3,1,-1,10,2,8,-1,8,2,3,-1,0,4,1,-1,1,4,6,-1,4,0,10,-1,10,0,2,-1,14,23,12,-1,12,23,21,-1,16,22,14,-1,14,22,23,-1,20,18,21,-1,21,18,12,-1,18,20,16,-1,16,20,22,-1,
        ]
    }
}
Shape{
    appearance Appearance {
        material  Material 	{
            diffuseColor 0.5882352941176471 0.5725490196078431 0.5254901960784314
            specularColor 0.043137254901960784 0.0392156862745098 0.0392156862745098
            ambientIntensity 0.8167
            transparency 0.0
            shininess 0.5
        }
    }
    geometry IndexedFaceSet {
        ccw TRUE
        solid FALSE
        coord DEF co Coordinate {
            point [
                -0.0197 0.2953 0.2362, -0.0197 0.2953 0.9803, 0.0 0.2953 0.2362, 0.0197 0.2953 0.9803, 0.0197 0.2953 0.2362, 0.0197 -0.2953 0.2362, 0.0197 -0.2953 0.9803, 0.0 -0.2953 0.2362, -0.0197 -0.2953 0.9803, -0.0197 -0.2953 0.2362, 0.2165 -0.4921 0.9843, 0.7835 -0.4921 0.9843, 0.9803 -0.2953 0.9843, 0.374 0.126 0.9843, 0.0197 0.2953 0.9843, 0.374 -0.126 0.9843, 0.0197 -0.2953 0.9843, 0.626 -0.126 0.9843, 0.626 0.126 0.9843, 0.9803 0.2953 0.9843, 0.7835 0.4921 0.9843, 0.2165 0.4921 0.9843, 0.7835 -0.4921 0.0, 0.2165 -0.4921 0.0, 0.9803 -0.2953 0.0, 0.0197 -0.2953 0.0, 0.9803 0.2953 0.9803, 0.9803 -0.2953 0.9803, 0.7835 0.4921 0.0, 0.2165 0.4921 0.0, 0.0197 0.2953 0.0, 0.9803 0.2953 0.0, 0.9803 -0.2953 0.2362, 0.9803 0.2953 0.2362
            ]
        }
        coordIndex [
            0,1,2,-1,2,1,3,-1,2,3,4,-1,5,6,7,-1,7,6,8,-1,7,8,9,-1,6,3,8,-1,8,3,1,-1,10,11,12,-1,13,14,15,-1,15,14,16,-1,15,16,17,-1,16,10,17,-1,17,10,12,-1,17,12,18,-1,18,12,19,-1,18,19,13,-1,13,19,20,-1,13,20,14,-1,14,20,21,-1,22,23,24,-1,24,23,25,-1,26,19,27,-1,27,19,12,-1,28,29,20,-1,20,29,21,-1,16,14,6,-1,6,14,3,-1,23,22,10,-1,10,22,11,-1,29,28,30,-1,30,28,31,-1,10,16,6,-1,10,6,23,-1,23,6,5,-1,23,5,25,-1,22,24,32,-1,22,32,11,-1,11,32,27,-1,11,27,12,-1,20,19,26,-1,20,26,28,-1,28,26,33,-1,28,33,31,-1,3,14,21,-1,3,21,4,-1,4,21,29,-1,4,29,30,-1,32,24,5,-1,5,24,25,-1,31,33,30,-1,30,33,4,-1,
        ]
    }
}
Shape{
    appearance Appearance {
        material  Material 	{
            diffuseColor 0.8274509803921568 0.6666666666666666 0.12941176470588237
            specularColor 0.8274509803921568 0.6666666666666666 0.12941176470588237
            ambientIntensity 0.6535
            transparency 0.0
            shininess 0.5
        }
    }
    geometry IndexedFaceSet {
        ccw TRUE
        solid FALSE
        coord DEF co Coordinate {
            point [
                0.4331 -0.0669 -1.1811, 0.4331 0.0669 -1.1811, 0.5669 -0.0669 -1.1811, 0.5669 0.0669 -1.1811, 0.374 -0.126 -0.9607, 0.374 -0.126 0.2362, 0.374 0.126 -0.9607, 0.374 0.126 0.2362, 0.626 0.126 -0.9607, 0.626 0.126 0.2362, 0.626 -0.126 -0.9607, 0.626 -0.126 0.2362, 0.374 -0.126 3.1261, 0.374 -0.126 0.9843, 0.626 -0.126 3.1261, 0.626 -0.126 0.9843, 0.626 0.126 3.1261, 0.626 0.126 0.9843, 0.374 0.126 3.1261, 0.374 0.126 0.9843, 0.4331 0.0669 3.3465, 0.4331 -0.0669 3.3465, 0.5669 0.0669 3.3465, 0.5669 -0.0669 3.3465
            ]
        }
        coordIndex [
            0,1,2,-1,2,1,3,-1,4,5,6,-1,6,5,7,-1,8,9,10,-1,10,9,11,-1,6,7,8,-1,8,7,9,-1,10,11,4,-1,4,11,5,-1,12,13,14,-1,14,13,15,-1,16,17,18,-1,18,17,19,-1,14,15,16,-1,16,15,17,-1,18,19,12,-1,12,19,13,-1,20,21,22,-1,22,21,23,-1,8,3,6,-1,6,3,1,-1,10,2,8,-1,8,2,3,-1,0,4,1,-1,1,4,6,-1,4,0,10,-1,10,0,2,-1,14,23,12,-1,12,23,21,-1,16,22,14,-1,14,22,23,-1,20,18,21,-1,21,18,12,-1,18,20,16,-1,16,20,22,-1,
        ]
    }
}
Shape{
    appearance Appearance {
        material  Material 	{
            diffuseColor 0.5882352941176471 0.5725490196078431 0.5254901960784314
            specularColor 0.043137254901960784 0.0392156862745098 0.0392156862745098
            ambientIntensity 0.8167
            transparency 0.0
            shininess 0.5
        }
    }
    geometry IndexedFaceSet {
        ccw TRUE
        solid FALSE
        coord DEF co Coordinate {
            point [
                0.9803 0.2953 0.2362, 0.9803 0.2953 0.9803, 1.0 0.2953 0.2362, 1.0197 0.2953 0.9803, 1.0197 0.2953 0.2362, 1.0197 -0.2953 0.2362, 1.0197 -0.2953 0.9803, 1.0 -0.2953 0.2362, 0.9803 -0.2953 0.9803, 0.9803 -0.2953 0.2362, 1.2165 -0.4921 0.9843, 1.7835 -0.4921 0.9843, 1.9803 -0.2953 0.9843, 1.374 0.126 0.9843, 1.0197 0.2953 0.9843, 1.374 -0.126 0.9843, 1.0197 -0.2953 0.9843, 1.626 -0.126 0.9843, 1.626 0.126 0.9843, 1.9803 0.2953 0.9843, 1.7835 0.4921 0.9843, 1.2165 0.4921 0.9843, 1.7835 -0.4921 0.0, 1.2165 -0.4921 0.0, 1.9803 -0.2953 0.0, 1.0197 -0.2953 0.0, 1.9803 0.2953 0.9803, 1.9803 -0.2953 0.9803, 1.7835 0.4921 0.0, 1.2165 0.4921 0.0, 1.0197 0.2953 0.0, 1.9803 0.2953 0.0, 1.9803 -0.2953 0.2362, 1.9803 0.2953 0.2362
            ]
        }
        coordIndex [
            0,1,2,-1,2,1,3,-1,2,3,4,-1,5,6,7,-1,7,6,8,-1,7,8,9,-1,6,3,8,-1,8,3,1,-1,10,11,12,-1,13,14,15,-1,15,14,16,-1,15,16,17,-1,16,10,17,-1,17,10,12,-1,17,12,18,-1,18,12,19,-1,18,19,13,-1,13,19,20,-1,13,20,14,-1,14,20,21,-1,22,23,24,-1,24,23,25,-1,26,19,27,-1,27,19,12,-1,28,29,20,-1,20,29,21,-1,16,14,6,-1,6,14,3,-1,23,22,10,-1,10,22,11,-1,29,28,30,-1,30,28,31,-1,10,16,6,-1,10,6,23,-1,23,6,5,-1,23,5,25,-1,22,24,32,-1,22,32,11,-1,11,32,27,-1,11,27,12,-1,20,19,26,-1,20,26,28,-1,28,26,33,-1,28,33,31,-1,29,30,4,-1,29,4,21,-1,21,4,3,-1,21,3,14,-1,32,24,5,-1,5,24,25,-1,31,33,30,-1,30,33,4,-1,
        ]
    }
}
Shape{
    appearance Appearance {
        material  Material 	{
            diffuseColor 0.8274509803921568 0.6666666666666666 0.12941176470588237
            specularColor 0.8274509803921568 0.6666666666666666 0.12941176470588237
            ambientIntensity 0.6535
            transparency 0.0
            shininess 0.5
        }
    }
    geometry IndexedFaceSet {
        ccw TRUE
        solid FALSE
        coord DEF co Coordinate {
            point [
                1.4331 -0.0669 -1.1811, 1.4331 0.0669 -1.1811, 1.5669 -0.0669 -1.1811, 1.5669 0.0669 -1.1811, 1.374 -0.126 -0.9607, 1.374 -0.126 0.2362, 1.374 0.126 -0.9607, 1.374 0.126 0.2362, 1.626 0.126 -0.9607, 1.626 0.126 0.2362, 1.626 -0.126 -0.9607, 1.626 -0.126 0.2362, 1.374 -0.126 3.1261, 1.374 -0.126 0.9843, 1.626 -0.126 3.1261, 1.626 -0.126 0.9843, 1.626 0.126 3.1261, 1.626 0.126 0.9843, 1.374 0.126 3.1261, 1.374 0.126 0.9843, 1.4331 0.0669 3.3465, 1.4331 -0.0669 3.3465, 1.5669 0.0669 3.3465, 1.5669 -0.0669 3.3465
            ]
        }
        coordIndex [
            0,1,2,-1,2,1,3,-1,4,5,6,-1,6,5,7,-1,8,9,10,-1,10,9,11,-1,6,7,8,-1,8,7,9,-1,10,11,4,-1,4,11,5,-1,12,13,14,-1,14,13,15,-1,16,17,18,-1,18,17,19,-1,14,15,16,-1,16,15,17,-1,18,19,12,-1,12,19,13,-1,20,21,22,-1,22,21,23,-1,8,3,6,-1,6,3,1,-1,10,2,8,-1,8,2,3,-1,0,4,1,-1,1,4,6,-1,4,0,10,-1,10,0,2,-1,14,23,12,-1,12,23,21,-1,16,22,14,-1,14,22,23,-1,20,18,21,-1,21,18,12,-1,18,20,16,-1,16,20,22,-1,
        ]
    }
}
Shape{
    appearance Appearance {
        material  Material 	{
            diffuseColor 0.5882352941176471 0.5725490196078431 0.5254901960784314
            specularColor 0.043137254901960784 0.0392156862745098 0.0392156862745098
            ambientIntensity 0.8167
            transparency 0.0
            shininess 0.5
        }
    }
    geometry IndexedFaceSet {
        ccw TRUE
        solid FALSE
        coord DEF co Coordinate {
            point [
                1.9803 0.2953 0.2362, 1.9803 0.2953 0.9803, 2.0 0.2953 0.2362, 2.0197 0.2953 0.9803, 2.0197 0.2953 0.2362, 2.0197 -0.2953 0.2362, 2.0197 -0.2953 0.9803, 2.0 -0.2953 0.2362, 1.9803 -0.2953 0.9803, 1.9803 -0.2953 0.2362, 2.2165 -0.4921 0.9843, 2.7835 -0.4921 0.9843, 2.9803 -0.2953 0.9843, 2.374 0.126 0.9843, 2.0197 0.2953 0.9843, 2.374 -0.126 0.9843, 2.0197 -0.2953 0.9843, 2.626 -0.126 0.9843, 2.626 0.126 0.9843, 2.9803 0.2953 0.9843, 2.7835 0.4921 0.9843, 2.2165 0.4921 0.9843, 2.7835 -0.4921 0.0, 2.2165 -0.4921 0.0, 2.9803 -0.2953 0.0, 2.0197 -0.2953 0.0, 2.9803 0.2953 0.9803, 2.9803 -0.2953 0.9803, 2.7835 0.4921 0.0, 2.2165 0.4921 0.0, 2.0197 0.2953 0.0, 2.9803 0.2953 0.0, 2.9803 -0.2953 0.2362, 2.9803 0.2953 0.2362
            ]
        }
        coordIndex [
            0,1,2,-1,2,1,3,-1,2,3,4,-1,5,6,7,-1,7,6,8,-1,7,8,9,-1,6,3,8,-1,8,3,1,-1,10,11,12,-1,13,14,15,-1,15,14,16,-1,15,16,17,-1,16,10,17,-1,17,10,12,-1,17,12,18,-1,18,12,19,-1,18,19,13,-1,13,19,20,-1,13,20,14,-1,14,20,21,-1,22,23,24,-1,24,23,25,-1,26,19,27,-1,27,19,12,-1,28,29,20,-1,20,29,21,-1,16,14,6,-1,6,14,3,-1,23,22,10,-1,10,22,11,-1,29,28,30,-1,30,28,31,-1,10,16,6,-1,10,6,23,-1,23,6,5,-1,23,5,25,-1,22,24,32,-1,22,32,11,-1,11,32,27,-1,11,27,12,-1,20,19,26,-1,20,26,28,-1,28,26,33,-1,28,33,31,-1,29,30,4,-1,29,4,21,-1,21,4,3,-1,21,3,14,-1,32,24,5,-1,5,24,25,-1,31,33,30,-1,30,33,4,-1,
        ]
    }
}
Shape{
    appearance Appearance {
        material  Material 	{
            diffuseColor 0.8274509803921568 0.6666666666666666 0.12941176470588237
            specularColor 0.8274509803921568 0.6666666666666666 0.12941176470588237
            ambientIntensity 0.6535
            transparency 0.0
            shininess 0.5
        }
    }
    geometry IndexedFaceSet {
        ccw TRUE
        solid FALSE
        coord DEF co Coordinate {
            point [
                2.4331 -0.0669 -1.1811, 2.4331 0.0669 -1.1811, 2.5669 -0.0669 -1.1811, 2.5669 0.0669 -1.1811, 2.374 -0.126 -0.9607, 2.374 -0.126 0.2362, 2.374 0.126 -0.9607, 2.374 0.126 0.2362, 2.626 0.126 -0.9607, 2.626 0.126 0.2362, 2.626 -0.126 -0.9607, 2.626 -0.126 0.2362, 2.374 -0.126 3.1261, 2.374 -0.126 0.9843, 2.626 -0.126 3.1261, 2.626 -0.126 0.9843, 2.626 0.126 3.1261, 2.626 0.126 0.9843, 2.374 0.126 3.1261, 2.374 0.126 0.9843, 2.4331 0.0669 3.3465, 2.4331 -0.0669 3.3465, 2.5669 0.0669 3.3465, 2.5669 -0.0669 3.3465
            ]
        }
        coordIndex [
            0,1,2,-1,2,1,3,-1,4,5,6,-1,6,5,7,-1,8,9,10,-1,10,9,11,-1,6,7,8,-1,8,7,9,-1,10,11,4,-1,4,11,5,-1,12,13,14,-1,14,13,15,-1,16,17,18,-1,18,17,19,-1,14,15,16,-1,16,15,17,-1,18,19,12,-1,12,19,13,-1,20,21,22,-1,22,21,23,-1,8,3,6,-1,6,3,1,-1,10,2,8,-1,8,2,3,-1,0,4,1,-1,1,4,6,-1,4,0,10,-1,10,0,2,-1,14,23,12,-1,12,23,21,-1,16,22,14,-1,14,22,23,-1,20,18,21,-1,21,18,12,-1,18,20,16,-1,16,20,22,-1,
        ]
    }
}
Shape{
    appearance Appearance {
        material  Material 	{
            diffuseColor 0.5882352941176471 0.5725490196078431 0.5254901960784314
            specularColor 0.043137254901960784 0.0392156862745098 0.0392156862745098
            ambientIntensity 0.8167
            transparency 0.0
            shininess 0.5
        }
    }
    geometry IndexedFaceSet {
        ccw TRUE
        solid FALSE
        coord DEF co Coordinate {
            point [
                2.9803 0.2953 0.2362, 2.9803 0.2953 0.9803, 3.0 0.2953 0.2362, 3.0197 0.2953 0.9803, 3.0197 0.2953 0.2362, 3.0197 -0.2953 0.2362, 3.0197 -0.2953 0.9803, 3.0 -0.2953 0.2362, 2.9803 -0.2953 0.9803, 2.9803 -0.2953 0.2362, 3.2165 -0.4921 0.9843, 3.7835 -0.4921 0.9843, 3.9803 -0.2953 0.9843, 3.374 0.126 0.9843, 3.0197 0.2953 0.9843, 3.374 -0.126 0.9843, 3.0197 -0.2953 0.9843, 3.626 -0.126 0.9843, 3.626 0.126 0.9843, 3.9803 0.2953 0.9843, 3.7835 0.4921 0.9843, 3.2165 0.4921 0.9843, 3.7835 -0.4921 0.0, 3.2165 -0.4921 0.0, 3.9803 -0.2953 0.0, 3.0197 -0.2953 0.0, 3.9803 0.2953 0.9803, 3.9803 -0.2953 0.9803, 3.7835 0.4921 0.0, 3.2165 0.4921 0.0, 3.0197 0.2953 0.0, 3.9803 0.2953 0.0, 3.9803 -0.2953 0.2362, 3.9803 0.2953 0.2362
            ]
        }
        coordIndex [
            0,1,2,-1,2,1,3,-1,2,3,4,-1,5,6,7,-1,7,6,8,-1,7,8,9,-1,6,3,8,-1,8,3,1,-1,10,11,12,-1,13,14,15,-1,15,14,16,-1,15,16,17,-1,16,10,17,-1,17,10,12,-1,17,12,18,-1,18,12,19,-1,18,19,13,-1,13,19,20,-1,13,20,14,-1,14,20,21,-1,22,23,24,-1,24,23,25,-1,26,19,27,-1,27,19,12,-1,28,29,20,-1,20,29,21,-1,16,14,6,-1,6,14,3,-1,23,22,10,-1,10,22,11,-1,29,28,30,-1,30,28,31,-1,10,16,6,-1,10,6,23,-1,23,6,5,-1,23,5,25,-1,22,24,32,-1,22,32,11,-1,11,32,27,-1,11,27,12,-1,20,19,26,-1,20,26,28,-1,28,26,33,-1,28,33,31,-1,29,30,4,-1,29,4,21,-1,21,4,3,-1,21,3,14,-1,32,24,5,-1,5,24,25,-1,31,33,30,-1,30,33,4,-1,
        ]
    }
}
Shape{
    appearance Appearance {
        material  Material 	{
            diffuseColor 0.8274509803921568 0.6666666666666666 0.12941176470588237
            specularColor 0.8274509803921568 0.6666666666666666 0.12941176470588237
            ambientIntensity 0.6535
            transparency 0.0
            shininess 0.5
        }
    }
    geometry IndexedFaceSet {
        ccw TRUE
        solid FALSE
        coord DEF co Coordinate {
            point [
                3.4331 -0.0669 -1.1811, 3.4331 0.0669 -1.1811, 3.5669 -0.0669 -1.1811, 3.5669 0.0669 -1.1811, 3.374 -0.126 -0.9607, 3.374 -0.126 0.2362, 3.374 0.126 -0.9607, 3.374 0.126 0.2362, 3.626 0.126 -0.9607, 3.626 0.126 0.2362, 3.626 -0.126 -0.9607, 3.626 -0.126 0.2362, 3.374 -0.126 3.1261, 3.374 -0.126 0.9843, 3.626 -0.126 3.1261, 3.626 -0.126 0.9843, 3.626 0.126 3.1261, 3.626 0.126 0.9843, 3.374 0.126 3.1261, 3.374 0.126 0.9843, 3.4331 0.0669 3.3465, 3.4331 -0.0669 3.3465, 3.5669 0.0669 3.3465, 3.5669 -0.0669 3.3465
            ]
        }
        coordIndex [
            0,1,2,-1,2,1,3,-1,4,5,6,-1,6,5,7,-1,8,9,10,-1,10,9,11,-1,6,7,8,-1,8,7,9,-1,10,11,4,-1,4,11,5,-1,12,13,14,-1,14,13,15,-1,16,17,18,-1,18,17,19,-1,14,15,16,-1,16,15,17,-1,18,19,12,-1,12,19,13,-1,20,21,22,-1,22,21,23,-1,8,3,6,-1,6,3,1,-1,10,2,8,-1,8,2,3,-1,0,4,1,-1,1,4,6,-1,4,0,10,-1,10,0,2,-1,14,23,12,-1,12,23,21,-1,16,22,14,-1,14,22,23,-1,20,18,21,-1,21,18,12,-1,18,20,16,-1,16,20,22,-1,
        ]
    }
}
Shape{
    appearance Appearance {
        material  Material 	{
            diffuseColor 0.5882352941176471 0.5725490196078431 0.5254901960784314
            specularColor 0.043137254901960784 0.0392156862745098 0.0392156862745098
            ambientIntensity 0.8167
            transparency 0.0
            shininess 0.5
        }
    }
    geometry IndexedFaceSet {
        ccw TRUE
        solid FALSE
        coord DEF co Coordinate {
            point [
                3.9803 0.2953 0.2362, 3.9803 0.2953 0.9803, 4.0 0.2953 0.2362, 4.0197 0.2953 0.9803, 4.0197 0.2953 0.2362, 4.0197 -0.2953 0.2362, 4.0197 -0.2953 0.9803, 4.0 -0.2953 0.2362, 3.9803 -0.2953 0.9803, 3.9803 -0.2953 0.2362, 4.2165 -0.4921 0.9843, 4.7835 -0.4921 0.9843, 4.9803 -0.2953 0.9843, 4.374 0.126 0.9843, 4.0197 0.2953 0.9843, 4.374 -0.126 0.9843, 4.0197 -0.2953 0.9843, 4.626 -0.126 0.9843, 4.626 0.126 0.9843, 4.9803 0.2953 0.9843, 4.7835 0.4921 0.9843, 4.2165 0.4921 0.9843, 4.7835 -0.4921 0.0, 4.2165 -0.4921 0.0, 4.9803 -0.2953 0.0, 4.0197 -0.2953 0.0, 4.9803 0.2953 0.9803, 4.9803 -0.2953 0.9803, 4.7835 0.4921 0.0, 4.2165 0.4921 0.0, 4.0197 0.2953 0.0, 4.9803 0.2953 0.0, 4.9803 -0.2953 0.2362, 4.9803 0.2953 0.2362
            ]
        }
        coordIndex [
            0,1,2,-1,2,1,3,-1,2,3,4,-1,5,6,7,-1,7,6,8,-1,7,8,9,-1,6,3,8,-1,8,3,1,-1,10,11,12,-1,13,14,15,-1,15,14,16,-1,15,16,17,-1,16,10,17,-1,17,10,12,-1,17,12,18,-1,18,12,19,-1,18,19,13,-1,13,19,20,-1,13,20,14,-1,14,20,21,-1,22,23,24,-1,24,23,25,-1,26,19,27,-1,27,19,12,-1,28,29,20,-1,20,29,21,-1,16,14,6,-1,6,14,3,-1,23,22,10,-1,10,22,11,-1,29,28,30,-1,30,28,31,-1,10,16,6,-1,10,6,23,-1,23,6,5,-1,23,5,25,-1,22,24,32,-1,22,32,11,-1,11,32,27,-1,11,27,12,-1,20,19,26,-1,20,26,28,-1,28,26,33,-1,28,33,31,-1,29,30,4,-1,29,4,21,-1,21,4,3,-1,21,3,14,-1,32,24,5,-1,5,24,25,-1,31,33,30,-1,30,33,4,-1,
        ]
    }
}
Shape{
    appearance Appearance {
        material  Material 	{
            diffuseColor 0.8274509803921568 0.6666666666666666 0.12941176470588237
            specularColor 0.8274509803921568 0.6666666666666666 0.12941176470588237
            ambientIntensity 0.6535
            transparency 0.0
            shininess 0.5
        }
    }
    geometry IndexedFaceSet {
        ccw TRUE
        solid FALSE
        coord DEF co Coordinate {
            point [
                4.4331 -0.0669 -1.1811, 4.4331 0.0669 -1.1811, 4.5669 -0.0669 -1.1811, 4.5669 0.0669 -1.1811, 4.374 -0.126 -0.9607, 4.374 -0.126 0.2362, 4.374 0.126 -0.9607, 4.374 0.126 0.2362, 4.626 0.126 -0.9607, 4.626 0.126 0.2362, 4.626 -0.126 -0.9607, 4.626 -0.126 0.2362, 4.374 -0.126 3.1261, 4.374 -0.126 0.9843, 4.626 -0.126 3.1261, 4.626 -0.126 0.9843, 4.626 0.126 3.1261, 4.626 0.126 0.9843, 4.374 0.126 3.1261, 4.374 0.126 0.9843, 4.4331 0.0669 3.3465, 4.4331 -0.0669 3.3465, 4.5669 0.0669 3.3465, 4.5669 -0.0669 3.3465
            ]
        }
        coordIndex [
            0,1,2,-1,2,1,3,-1,4,5,6,-1,6,5,7,-1,8,9,10,-1,10,9,11,-1,6,7,8,-1,8,7,9,-1,10,11,4,-1,4,11,5,-1,12,13,14,-1,14,13,15,-1,16,17,18,-1,18,17,19,-1,14,15,16,-1,16,15,17,-1,18,19,12,-1,12,19,13,-1,20,21,22,-1,22,21,23,-1,8,3,6,-1,6,3,1,-1,10,2,8,-1,8,2,3,-1,0,4,1,-1,1,4,6,-1,4,0,10,-1,10,0,2,-1,14,23,12,-1,12,23,21,-1,16,22,14,-1,14,22,23,-1,20,18,21,-1,21,18,12,-1,18,20,16,-1,16,20,22,-1,
        ]
    }
}
Shape{
    appearance Appearance {
        material  Material 	{
            diffuseColor 0.5882352941176471 0.5725490196078431 0.5254901960784314
            specularColor 0.043137254901960784 0.0392156862745098 0.0392156862745098
            ambientIntensity 0.8167
            transparency 0.0
            shininess 0.5
        }
    }
    geometry IndexedFaceSet {
        ccw TRUE
        solid FALSE
        coord DEF co Coordinate {
            point [
                4.9803 0.2953 0.2362, 4.9803 0.2953 0.9803, 5.0 0.2953 0.2362, 5.0197 0.2953 0.9803, 5.0197 0.2953 0.2362, 5.0197 -0.2953 0.2362, 5.0197 -0.2953 0.9803, 5.0 -0.2953 0.2362, 4.9803 -0.2953 0.9803, 4.9803 -0.2953 0.2362, 5.2165 -0.4921 0.9843, 5.7835 -0.4921 0.9843, 5.9803 -0.2953 0.9843, 5.374 0.126 0.9843, 5.0197 0.2953 0.9843, 5.374 -0.126 0.9843, 5.0197 -0.2953 0.9843, 5.626 -0.126 0.9843, 5.626 0.126 0.9843, 5.9803 0.2953 0.9843, 5.7835 0.4921 0.9843, 5.2165 0.4921 0.9843, 5.7835 -0.4921 0.0, 5.2165 -0.4921 0.0, 5.9803 -0.2953 0.0, 5.0197 -0.2953 0.0, 5.9803 0.2953 0.9803, 5.9803 -0.2953 0.9803, 5.7835 0.4921 0.0, 5.2165 0.4921 0.0, 5.0197 0.2953 0.0, 5.9803 0.2953 0.0, 5.9803 -0.2953 0.2362, 5.9803 0.2953 0.2362
            ]
        }
        coordIndex [
            0,1,2,-1,2,1,3,-1,2,3,4,-1,5,6,7,-1,7,6,8,-1,7,8,9,-1,6,3,8,-1,8,3,1,-1,10,11,12,-1,13,14,15,-1,15,14,16,-1,15,16,17,-1,16,10,17,-1,17,10,12,-1,17,12,18,-1,18,12,19,-1,18,19,13,-1,13,19,20,-1,13,20,14,-1,14,20,21,-1,22,23,24,-1,24,23,25,-1,26,19,27,-1,27,19,12,-1,28,29,20,-1,20,29,21,-1,16,14,6,-1,6,14,3,-1,23,22,10,-1,10,22,11,-1,29,28,30,-1,30,28,31,-1,10,16,6,-1,10,6,23,-1,23,6,5,-1,23,5,25,-1,22,24,32,-1,22,32,11,-1,11,32,27,-1,11,27,12,-1,20,19,26,-1,20,26,28,-1,28,26,33,-1,28,33,31,-1,29,30,4,-1,29,4,21,-1,21,4,3,-1,21,3,14,-1,32,24,5,-1,5,24,25,-1,31,33,30,-1,30,33,4,-1,
        ]
    }
}
Shape{
    appearance Appearance {
        material  Material 	{
            diffuseColor 0.8274509803921568 0.6666666666666666 0.12941176470588237
            specularColor 0.8274509803921568 0.6666666666666666 0.12941176470588237
            ambientIntensity 0.6535
            transparency 0.0
            shininess 0.5
        }
    }
    geometry IndexedFaceSet {
        ccw TRUE
        solid FALSE
        coord DEF co Coordinate {
            point [
                5.4331 -0.0669 -1.1811, 5.4331 0.0669 -1.1811, 5.5669 -0.0669 -1.1811, 5.5669 0.0669 -1.1811, 5.374 -0.126 -0.9607, 5.374 -0.126 0.2362, 5.374 0.126 -0.9607, 5.374 0.126 0.2362, 5.626 0.126 -0.9607, 5.626 0.126 0.2362, 5.626 -0.126 -0.9607, 5.626 -0.126 0.2362, 5.374 -0.126 3.1261, 5.374 -0.126 0.9843, 5.626 -0.126 3.1261, 5.626 -0.126 0.9843, 5.626 0.126 3.1261, 5.626 0.126 0.9843, 5.374 0.126 3.1261, 5.374 0.126 0.9843, 5.4331 0.0669 3.3465, 5.4331 -0.0669 3.3465, 5.5669 0.0669 3.3465, 5.5669 -0.0669 3.3465
            ]
        }
        coordIndex [
            0,1,2,-1,2,1,3,-1,4,5,6,-1,6,5,7,-1,8,9,10,-1,10,9,11,-1,6,7,8,-1,8,7,9,-1,10,11,4,-1,4,11,5,-1,12,13,14,-1,14,13,15,-1,16,17,18,-1,18,17,19,-1,14,15,16,-1,16,15,17,-1,18,19,12,-1,12,19,13,-1,20,21,22,-1,22,21,23,-1,8,3,6,-1,6,3,1,-1,10,2,8,-1,8,2,3,-1,0,4,1,-1,1,4,6,-1,4,0,10,-1,10,0,2,-1,14,23,12,-1,12,23,21,-1,16,22,14,-1,14,22,23,-1,20,18,21,-1,21,18,12,-1,18,20,16,-1,16,20,22,-1,
        ]
    }
}
Shape{
    appearance Appearance {
        material  Material 	{
            diffuseColor 0.5882352941176471 0.5725490196078431 0.5254901960784314
            specularColor 0.043137254901960784 0.0392156862745098 0.0392156862745098
            ambientIntensity 0.8167
            transparency 0.0
            shininess 0.5
        }
    }
    geometry IndexedFaceSet {
        ccw TRUE
        solid FALSE
        coord DEF co Coordinate {
            point [
                5.9803 0.2953 0.9803, 6.0197 0.2953 0.9803, 5.9803 0.2953 0.2362, 6.0197 0.2953 0.2362, 6.0197 -0.2953 0.9803, 5.9803 -0.2953 0.9803, 6.0197 -0.2953 0.2362, 5.9803 -0.2953 0.2362, 6.2165 -0.4921 0.9843, 6.7835 -0.4921 0.9843, 6.9803 -0.2953 0.9843, 6.374 0.126 0.9843, 6.0197 0.2953 0.9843, 6.374 -0.126 0.9843, 6.0197 -0.2953 0.9843, 6.626 -0.126 0.9843, 6.626 0.126 0.9843, 6.9803 0.2953 0.9843, 6.7835 0.4921 0.9843, 6.2165 0.4921 0.9843, 6.7835 -0.4921 0.0, 6.2165 -0.4921 0.0, 6.9803 -0.2953 0.0, 6.0197 -0.2953 0.0, 6.9803 0.2953 0.9803, 6.9803 -0.2953 0.9803, 6.7835 0.4921 0.0, 6.2165 0.4921 0.0, 6.0197 0.2953 0.0, 6.9803 0.2953 0.0, 6.9803 -0.2953 0.2362, 6.9803 0.2953 0.2362
            ]
        }
        coordIndex [
            0,1,2,-1,2,1,3,-1,4,5,6,-1,6,5,7,-1,4,1,5,-1,5,1,0,-1,8,9,10,-1,11,12,13,-1,13,12,14,-1,13,14,15,-1,14,8,15,-1,15,8,10,-1,15,10,16,-1,16,10,17,-1,16,17,11,-1,11,17,18,-1,11,18,12,-1,12,18,19,-1,20,21,22,-1,22,21,23,-1,24,17,25,-1,25,17,10,-1,26,27,18,-1,18,27,19,-1,14,12,4,-1,4,12,1,-1,21,20,8,-1,8,20,9,-1,27,26,28,-1,28,26,29,-1,8,14,4,-1,8,4,21,-1,21,4,6,-1,21,6,23,-1,20,22,30,-1,20,30,9,-1,9,30,25,-1,9,25,10,-1,18,17,24,-1,18,24,26,-1,26,24,31,-1,26,31,29,-1,27,28,3,-1,27,3,19,-1,19,3,1,-1,19,1,12,-1,30,22,6,-1,6,22,23,-1,29,31,28,-1,28,31,3,-1,
        ]
    }
}
Shape{
    appearance Appearance {
        material  Material 	{
            diffuseColor 0.8274509803921568 0.6666666666666666 0.12941176470588237
            specularColor 0.8274509803921568 0.6666666666666666 0.12941176470588237
            ambientIntensity 0.6535
            transparency 0.0
            shininess 0.5
        }
    }
    geometry IndexedFaceSet {
        ccw TRUE
        solid FALSE
        coord DEF co Coordinate {
            point [
                6.4331 -0.0669 -1.1811, 6.4331 0.0669 -1.1811, 6.5669 -0.0669 -1.1811, 6.5669 0.0669 -1.1811, 6.374 -0.126 -0.9607, 6.374 -0.126 0.2362, 6.374 0.126 -0.9607, 6.374 0.126 0.2362, 6.626 0.126 -0.9607, 6.626 0.126 0.2362, 6.626 -0.126 -0.9607, 6.626 -0.126 0.2362, 6.374 -0.126 3.1261, 6.374 -0.126 0.9843, 6.626 -0.126 3.1261, 6.626 -0.126 0.9843, 6.626 0.126 3.1261, 6.626 0.126 0.9843, 6.374 0.126 3.1261, 6.374 0.126 0.9843, 6.4331 0.0669 3.3465, 6.4331 -0.0669 3.3465, 6.5669 0.0669 3.3465, 6.5669 -0.0669 3.3465
            ]
        }
        coordIndex [
            0,1,2,-1,2,1,3,-1,4,5,6,-1,6,5,7,-1,8,9,10,-1,10,9,11,-1,6,7,8,-1,8,7,9,-1,10,11,4,-1,4,11,5,-1,12,13,14,-1,14,13,15,-1,16,17,18,-1,18,17,19,-1,14,15,16,-1,16,15,17,-1,18,19,12,-1,12,19,13,-1,20,21,22,-1,22,21,23,-1,8,3,6,-1,6,3,1,-1,10,2,8,-1,8,2,3,-1,0,4,1,-1,1,4,6,-1,4,0,10,-1,10,0,2,-1,14,23,12,-1,12,23,21,-1,16,22,14,-1,14,22,23,-1,20,18,21,-1,21,18,12,-1,18,20,16,-1,16,20,22,-1,
        ]
    }
}
Shape{
    appearance Appearance {
        material  Material 	{
            diffuseColor 0.5882352941176471 0.5725490196078431 0.5254901960784314
            specularColor 0.043137254901960784 0.0392156862745098 0.0392156862745098
            ambientIntensity 0.8167
            transparency 0.0
            shininess 0.5
        }
    }
    geometry IndexedFaceSet {
        ccw TRUE
        solid FALSE
        coord DEF co Coordinate {
            point [
                6.9803 0.2953 0.2362, 6.9803 0.2953 0.9803, 7.0 0.2953 0.2362, 7.0197 0.2953 0.9803, 7.0197 0.2953 0.2362, 7.0197 -0.2953 0.2362, 7.0197 -0.2953 0.9803, 7.0 -0.2953 0.2362, 6.9803 -0.2953 0.9803, 6.9803 -0.2953 0.2362, 7.2165 -0.4921 0.9843, 7.7835 -0.4921 0.9843, 7.9803 -0.2953 0.9843, 7.374 0.126 0.9843, 7.0197 0.2953 0.9843, 7.374 -0.126 0.9843, 7.0197 -0.2953 0.9843, 7.626 -0.126 0.9843, 7.626 0.126 0.9843, 7.9803 0.2953 0.9843, 7.7835 0.4921 0.9843, 7.2165 0.4921 0.9843, 7.7835 -0.4921 0.0, 7.2165 -0.4921 0.0, 7.9803 -0.2953 0.0, 7.0197 -0.2953 0.0, 7.9803 0.2953 0.9803, 7.9803 -0.2953 0.9803, 7.7835 0.4921 0.0, 7.2165 0.4921 0.0, 7.0197 0.2953 0.0, 7.9803 0.2953 0.0, 7.9803 -0.2953 0.2362, 7.9803 0.2953 0.2362
            ]
        }
        coordIndex [
            0,1,2,-1,2,1,3,-1,2,3,4,-1,5,6,7,-1,7,6,8,-1,7,8,9,-1,6,3,8,-1,8,3,1,-1,10,11,12,-1,13,14,15,-1,15,14,16,-1,15,16,17,-1,16,10,17,-1,17,10,12,-1,17,12,18,-1,18,12,19,-1,18,19,13,-1,13,19,20,-1,13,20,14,-1,14,20,21,-1,22,23,24,-1,24,23,25,-1,26,19,27,-1,27,19,12,-1,28,29,20,-1,20,29,21,-1,16,14,6,-1,6,14,3,-1,23,22,10,-1,10,22,11,-1,29,28,30,-1,30,28,31,-1,10,16,6,-1,10,6,23,-1,23,6,5,-1,23,5,25,-1,22,24,32,-1,22,32,11,-1,11,32,27,-1,11,27,12,-1,20,19,26,-1,20,26,28,-1,28,26,33,-1,28,33,31,-1,29,30,4,-1,29,4,21,-1,21,4,3,-1,21,3,14,-1,32,24,5,-1,5,24,25,-1,31,33,30,-1,30,33,4,-1,
        ]
    }
}
Shape{
    appearance Appearance {
        material  Material 	{
            diffuseColor 0.8274509803921568 0.6666666666666666 0.12941176470588237
            specularColor 0.8274509803921568 0.6666666666666666 0.12941176470588237
            ambientIntensity 0.6535
            transparency 0.0
            shininess 0.5
        }
    }
    geometry IndexedFaceSet {
        ccw TRUE
        solid FALSE
        coord DEF co Coordinate {
            point [
                7.4331 -0.0669 -1.1811, 7.4331 0.0669 -1.1811, 7.5669 -0.0669 -1.1811, 7.5669 0.0669 -1.1811, 7.374 -0.126 -0.9607, 7.374 -0.126 0.2362, 7.374 0.126 -0.9607, 7.374 0.126 0.2362, 7.626 0.126 -0.9607, 7.626 0.126 0.2362, 7.626 -0.126 -0.9607, 7.626 -0.126 0.2362, 7.374 -0.126 3.1261, 7.374 -0.126 0.9843, 7.626 -0.126 3.1261, 7.626 -0.126 0.9843, 7.626 0.126 3.1261, 7.626 0.126 0.9843, 7.374 0.126 3.1261, 7.374 0.126 0.9843, 7.4331 0.0669 3.3465, 7.4331 -0.0669 3.3465, 7.5669 0.0669 3.3465, 7.5669 -0.0669 3.3465
            ]
        }
        coordIndex [
            0,1,2,-1,2,1,3,-1,4,5,6,-1,6,5,7,-1,8,9,10,-1,10,9,11,-1,6,7,8,-1,8,7,9,-1,10,11,4,-1,4,11,5,-1,12,13,14,-1,14,13,15,-1,16,17,18,-1,18,17,19,-1,14,15,16,-1,16,15,17,-1,18,19,12,-1,12,19,13,-1,20,21,22,-1,22,21,23,-1,8,3,6,-1,6,3,1,-1,10,2,8,-1,8,2,3,-1,0,4,1,-1,1,4,6,-1,4,0,10,-1,10,0,2,-1,14,23,12,-1,12,23,21,-1,16,22,14,-1,14,22,23,-1,20,18,21,-1,21,18,12,-1,18,20,16,-1,16,20,22,-1,
        ]
    }
}
Shape{
    appearance Appearance {
        material  Material 	{
            diffuseColor 0.5882352941176471 0.5725490196078431 0.5254901960784314
            specularColor 0.043137254901960784 0.0392156862745098 0.0392156862745098
            ambientIntensity 0.8167
            transparency 0.0
            shininess 0.5
        }
    }
    geometry IndexedFaceSet {
        ccw TRUE
        solid FALSE
        coord DEF co Coordinate {
            point [
                7.9803 0.2953 0.2362, 7.9803 0.2953 0.9803, 8.0 0.2953 0.2362, 8.0197 0.2953 0.9803, 8.0197 0.2953 0.2362, 8.0197 -0.2953 0.2362, 8.0197 -0.2953 0.9803, 8.0 -0.2953 0.2362, 7.9803 -0.2953 0.9803, 7.9803 -0.2953 0.2362, 8.2165 -0.4921 0.9843, 8.7835 -0.4921 0.9843, 8.9803 -0.2953 0.9843, 8.374 0.126 0.9843, 8.0197 0.2953 0.9843, 8.374 -0.126 0.9843, 8.0197 -0.2953 0.9843, 8.626 -0.126 0.9843, 8.626 0.126 0.9843, 8.9803 0.2953 0.9843, 8.7835 0.4921 0.9843, 8.2165 0.4921 0.9843, 8.7835 -0.4921 0.0, 8.2165 -0.4921 0.0, 8.9803 -0.2953 0.0, 8.0197 -0.2953 0.0, 8.9803 0.2953 0.9803, 8.9803 -0.2953 0.9803, 8.7835 0.4921 0.0, 8.2165 0.4921 0.0, 8.0197 0.2953 0.0, 8.9803 0.2953 0.0, 8.9803 -0.2953 0.2362, 8.9803 0.2953 0.2362
            ]
        }
        coordIndex [
            0,1,2,-1,2,1,3,-1,2,3,4,-1,5,6,7,-1,7,6,8,-1,7,8,9,-1,6,3,8,-1,8,3,1,-1,10,11,12,-1,13,14,15,-1,15,14,16,-1,15,16,17,-1,16,10,17,-1,17,10,12,-1,17,12,18,-1,18,12,19,-1,18,19,13,-1,13,19,20,-1,13,20,14,-1,14,20,21,-1,22,23,24,-1,24,23,25,-1,26,19,27,-1,27,19,12,-1,28,29,20,-1,20,29,21,-1,16,14,6,-1,6,14,3,-1,23,22,10,-1,10,22,11,-1,29,28,30,-1,30,28,31,-1,10,16,6,-1,10,6,23,-1,23,6,5,-1,23,5,25,-1,22,24,32,-1,22,32,11,-1,11,32,27,-1,11,27,12,-1,20,19,26,-1,20,26,28,-1,28,26,33,-1,28,33,31,-1,29,30,4,-1,29,4,21,-1,21,4,3,-1,21,3,14,-1,32,24,5,-1,5,24,25,-1,31,33,30,-1,30,33,4,-1,
        ]
    }
}
Shape{
    appearance Appearance {
        material  Material 	{
            diffuseColor 0.8274509803921568 0.6666666666666666 0.12941176470588237
            specularColor 0.8274509803921568 0.6666666666666666 0.12941176470588237
            ambientIntensity 0.6535
            transparency 0.0
            shininess 0.5
        }
    }
    geometry IndexedFaceSet {
        ccw TRUE
        solid FALSE
        coord DEF co Coordinate {
            point [
                8.4331 -0.0669 -1.1811, 8.4331 0.0669 -1.1811, 8.5669 -0.0669 -1.1811, 8.5669 0.0669 -1.1811, 8.374 -0.126 -0.9607, 8.374 -0.126 0.2362, 8.374 0.126 -0.9607, 8.374 0.126 0.2362, 8.626 0.126 -0.9607, 8.626 0.126 0.2362, 8.626 -0.126 -0.9607, 8.626 -0.126 0.2362, 8.374 -0.126 3.1261, 8.374 -0.126 0.9843, 8.626 -0.126 3.1261, 8.626 -0.126 0.9843, 8.626 0.126 3.1261, 8.626 0.126 0.9843, 8.374 0.126 3.1261, 8.374 0.126 0.9843, 8.4331 0.0669 3.3465, 8.4331 -0.0669 3.3465, 8.5669 0.0669 3.3465, 8.5669 -0.0669 3.3465
            ]
        }
        coordIndex [
            0,1,2,-1,2,1,3,-1,4,5,6,-1,6,5,7,-1,8,9,10,-1,10,9,11,-1,6,7,8,-1,8,7,9,-1,10,11,4,-1,4,11,5,-1,12,13,14,-1,14,13,15,-1,16,17,18,-1,18,17,19,-1,14,15,16,-1,16,15,17,-1,18,19,12,-1,12,19,13,-1,20,21,22,-1,22,21,23,-1,8,3,6,-1,6,3,1,-1,10,2,8,-1,8,2,3,-1,0,4,1,-1,1,4,6,-1,4,0,10,-1,10,0,2,-1,14,23,12,-1,12,23,21,-1,16,22,14,-1,14,22,23,-1,20,18,21,-1,21,18,12,-1,18,20,16,-1,16,20,22,-1,
        ]
    }
}
Shape{
    appearance Appearance {
        material  Material 	{
            diffuseColor 0.5882352941176471 0.5725490196078431 0.5254901960784314
            specularColor 0.043137254901960784 0.0392156862745098 0.0392156862745098
            ambientIntensity 0.8167
            transparency 0.0
            shininess 0.5
        }
    }
    geometry IndexedFaceSet {
        ccw TRUE
        solid FALSE
        coord DEF co Coordinate {
            point [
                8.9803 0.2953 0.2362, 8.9803 0.2953 0.9803, 9.0 0.2953 0.2362, 9.0197 0.2953 0.9803, 9.0197 0.2953 0.2362, 9.0197 -0.2953 0.2362, 9.0197 -0.2953 0.9803, 9.0 -0.2953 0.2362, 8.9803 -0.2953 0.9803, 8.9803 -0.2953 0.2362, 9.2165 -0.4921 0.9843, 9.7835 -0.4921 0.9843, 9.9803 -0.2953 0.9843, 9.374 0.126 0.9843, 9.0197 0.2953 0.9843, 9.374 -0.126 0.9843, 9.0197 -0.2953 0.9843, 9.626 -0.126 0.9843, 9.626 0.126 0.9843, 9.9803 0.2953 0.9843, 9.7835 0.4921 0.9843, 9.2165 0.4921 0.9843, 9.7835 -0.4921 0.0, 9.2165 -0.4921 0.0, 9.9803 -0.2953 0.0, 9.0197 -0.2953 0.0, 9.9803 0.2953 0.9803, 9.9803 -0.2953 0.9803, 9.7835 0.4921 0.0, 9.2165 0.4921 0.0, 9.0197 0.2953 0.0, 9.9803 0.2953 0.0, 9.9803 -0.2953 0.2362, 9.9803 0.2953 0.2362
            ]
        }
        coordIndex [
            0,1,2,-1,2,1,3,-1,2,3,4,-1,5,6,7,-1,7,6,8,-1,7,8,9,-1,6,3,8,-1,8,3,1,-1,10,11,12,-1,13,14,15,-1,15,14,16,-1,15,16,17,-1,16,10,17,-1,17,10,12,-1,17,12,18,-1,18,12,19,-1,18,19,13,-1,13,19,20,-1,13,20,14,-1,14,20,21,-1,22,23,24,-1,24,23,25,-1,26,19,27,-1,27,19,12,-1,28,29,20,-1,20,29,21,-1,16,14,6,-1,6,14,3,-1,23,22,10,-1,10,22,11,-1,29,28,30,-1,30,28,31,-1,10,16,6,-1,10,6,23,-1,23,6,5,-1,23,5,25,-1,22,24,32,-1,22,32,11,-1,11,32,27,-1,11,27,12,-1,20,19,26,-1,20,26,28,-1,28,26,33,-1,28,33,31,-1,3,14,21,-1,3,21,4,-1,4,21,29,-1,4,29,30,-1,32,24,5,-1,5,24,25,-1,31,33,30,-1,30,33,4,-1,
        ]
    }
}
Shape{
    appearance Appearance {
        material  Material 	{
            diffuseColor 0.8274509803921568 0.6666666666666666 0.12941176470588237
            specularColor 0.8274509803921568 0.6666666666666666 0.12941176470588237
            ambientIntensity 0.6535
            transparency 0.0
            shininess 0.5
        }
    }
    geometry IndexedFaceSet {
        ccw TRUE
        solid FALSE
        coord DEF co Coordinate {
            point [
                9.4331 -0.0669 -1.1811, 9.4331 0.0669 -1.1811, 9.5669 -0.0669 -1.1811, 9.5669 0.0669 -1.1811, 9.374 -0.126 -0.9607, 9.374 -0.126 0.2362, 9.374 0.126 -0.9607, 9.374 0.126 0.2362, 9.626 0.126 -0.9607, 9.626 0.126 0.2362, 9.626 -0.126 -0.9607, 9.626 -0.126 0.2362, 9.374 -0.126 3.1261, 9.374 -0.126 0.9843, 9.626 -0.126 3.1261, 9.626 -0.126 0.9843, 9.626 0.126 3.1261, 9.626 0.126 0.9843, 9.374 0.126 3.1261, 9.374 0.126 0.9843, 9.4331 0.0669 3.3465, 9.4331 -0.0669 3.3465, 9.5669 0.0669 3.3465, 9.5669 -0.0669 3.3465
            ]
        }
        coordIndex [
            0,1,2,-1,2,1,3,-1,4,5,6,-1,6,5,7,-1,8,9,10,-1,10,9,11,-1,6,7,8,-1,8,7,9,-1,10,11,4,-1,4,11,5,-1,12,13,14,-1,14,13,15,-1,16,17,18,-1,18,17,19,-1,14,15,16,-1,16,15,17,-1,18,19,12,-1,12,19,13,-1,20,21,22,-1,22,21,23,-1,8,3,6,-1,6,3,1,-1,10,2,8,-1,8,2,3,-1,0,4,1,-1,1,4,6,-1,4,0,10,-1,10,0,2,-1,14,23,12,-1,12,23,21,-1,16,22,14,-1,14,22,23,-1,20,18,21,-1,21,18,12,-1,18,20,16,-1,16,20,22,-1,
        ]
    }
}
Shape{
    appearance Appearance {
        material  Material 	{
            diffuseColor 0.5882352941176471 0.5725490196078431 0.5254901960784314
            specularColor 0.043137254901960784 0.0392156862745098 0.0392156862745098
            ambientIntensity 0.8167
            transparency 0.0
            shininess 0.5
        }
    }
    geometry IndexedFaceSet {
        ccw TRUE
        solid FALSE
        coord DEF co Coordinate {
            point [
                9.9803 0.2953 0.2362, 9.9803 0.2953 0.9803, 10.0 0.2953 0.2362, 10.0197 0.2953 0.9803, 10.0197 0.2953 0.2362, 10.0197 -0.2953 0.2362, 10.0197 -0.2953 0.9803, 10.0 -0.2953 0.2362, 9.9803 -0.2953 0.9803, 9.9803 -0.2953 0.2362, 10.2165 -0.4921 0.9843, 10.7835 -0.4921 0.9843, 10.9803 -0.2953 0.9843, 10.374 0.126 0.9843, 10.0197 0.2953 0.9843, 10.374 -0.126 0.9843, 10.0197 -0.2953 0.9843, 10.626 -0.126 0.9843, 10.626 0.126 0.9843, 10.9803 0.2953 0.9843, 10.7835 0.4921 0.9843, 10.2165 0.4921 0.9843, 10.7835 -0.4921 0.0, 10.2165 -0.4921 0.0, 10.9803 -0.2953 0.0, 10.0197 -0.2953 0.0, 10.9803 0.2953 0.9803, 10.9803 -0.2953 0.9803, 10.7835 0.4921 0.0, 10.2165 0.4921 0.0, 10.0197 0.2953 0.0, 10.9803 0.2953 0.0, 10.9803 -0.2953 0.2362, 10.9803 0.2953 0.2362
            ]
        }
        coordIndex [
            0,1,2,-1,2,1,3,-1,2,3,4,-1,5,6,7,-1,7,6,8,-1,7,8,9,-1,6,3,8,-1,8,3,1,-1,10,11,12,-1,13,14,15,-1,15,14,16,-1,15,16,17,-1,16,10,17,-1,17,10,12,-1,17,12,18,-1,18,12,19,-1,18,19,13,-1,13,19,20,-1,13,20,14,-1,14,20,21,-1,22,23,24,-1,24,23,25,-1,26,19,27,-1,27,19,12,-1,28,29,20,-1,20,29,21,-1,16,14,6,-1,6,14,3,-1,23,22,10,-1,10,22,11,-1,29,28,30,-1,30,28,31,-1,10,16,6,-1,10,6,23,-1,23,6,5,-1,23,5,25,-1,22,24,32,-1,22,32,11,-1,11,32,27,-1,11,27,12,-1,20,19,26,-1,20,26,28,-1,28,26,33,-1,28,33,31,-1,29,30,4,-1,29,4,21,-1,21,4,3,-1,21,3,14,-1,32,24,5,-1,5,24,25,-1,31,33,30,-1,30,33,4,-1,
        ]
    }
}
Shape{
    appearance Appearance {
        material  Material 	{
            diffuseColor 0.8274509803921568 0.6666666666666666 0.12941176470588237
            specularColor 0.8274509803921568 0.6666666666666666 0.12941176470588237
            ambientIntensity 0.6535
            transparency 0.0
            shininess 0.5
        }
    }
    geometry IndexedFaceSet {
        ccw TRUE
        solid FALSE
        coord DEF co Coordinate {
            point [
                10.4331 -0.0669 -1.1811, 10.4331 0.0669 -1.1811, 10.5669 -0.0669 -1.1811, 10.5669 0.0669 -1.1811, 10.374 -0.126 -0.9607, 10.374 -0.126 0.2362, 10.374 0.126 -0.9607, 10.374 0.126 0.2362, 10.626 0.126 -0.9607, 10.626 0.126 0.2362, 10.626 -0.126 -0.9607, 10.626 -0.126 0.2362, 10.374 -0.126 3.1261, 10.374 -0.126 0.9843, 10.626 -0.126 3.1261, 10.626 -0.126 0.9843, 10.626 0.126 3.1261, 10.626 0.126 0.9843, 10.374 0.126 3.1261, 10.374 0.126 0.9843, 10.4331 0.0669 3.3465, 10.4331 -0.0669 3.3465, 10.5669 0.0669 3.3465, 10.5669 -0.0669 3.3465
            ]
        }
        coordIndex [
            0,1,2,-1,2,1,3,-1,4,5,6,-1,6,5,7,-1,8,9,10,-1,10,9,11,-1,6,7,8,-1,8,7,9,-1,10,11,4,-1,4,11,5,-1,12,13,14,-1,14,13,15,-1,16,17,18,-1,18,17,19,-1,14,15,16,-1,16,15,17,-1,18,19,12,-1,12,19,13,-1,20,21,22,-1,22,21,23,-1,8,3,6,-1,6,3,1,-1,10,2,8,-1,8,2,3,-1,0,4,1,-1,1,4,6,-1,4,0,10,-1,10,0,2,-1,14,23,12,-1,12,23,21,-1,16,22,14,-1,14,22,23,-1,20,18,21,-1,21,18,12,-1,18,20,16,-1,16,20,22,-1,
        ]
    }
}
Shape{
    appearance Appearance {
        material  Material 	{
            diffuseColor 0.5882352941176471 0.5725490196078431 0.5254901960784314
            specularColor 0.043137254901960784 0.0392156862745098 0.0392156862745098
            ambientIntensity 0.8167
            transparency 0.0
            shininess 0.5
        }
    }
    geometry IndexedFaceSet {
        ccw TRUE
        solid FALSE
        coord DEF co Coordinate {
            point [
                10.9803 0.2953 0.2362, 10.9803 0.2953 0.9803, 11.0 0.2953 0.2362, 11.0197 0.2953 0.9803, 11.0197 0.2953 0.2362, 11.0197 -0.2953 0.2362, 11.0197 -0.2953 0.9803, 11.0 -0.2953 0.2362, 10.9803 -0.2953 0.9803, 10.9803 -0.2953 0.2362, 11.2165 -0.4921 0.9843, 11.7835 -0.4921 0.9843, 11.9803 -0.2953 0.9843, 11.374 0.126 0.9843, 11.0197 0.2953 0.9843, 11.374 -0.126 0.9843, 11.0197 -0.2953 0.9843, 11.626 -0.126 0.9843, 11.626 0.126 0.9843, 11.9803 0.2953 0.9843, 11.7835 0.4921 0.9843, 11.2165 0.4921 0.9843, 11.7835 -0.4921 0.0, 11.2165 -0.4921 0.0, 11.9803 -0.2953 0.0, 11.0197 -0.2953 0.0, 11.9803 0.2953 0.9803, 11.9803 -0.2953 0.9803, 11.7835 0.4921 0.0, 11.2165 0.4921 0.0, 11.0197 0.2953 0.0, 11.9803 0.2953 0.0, 11.9803 -0.2953 0.2362, 11.9803 0.2953 0.2362
            ]
        }
        coordIndex [
            0,1,2,-1,2,1,3,-1,2,3,4,-1,5,6,7,-1,7,6,8,-1,7,8,9,-1,6,3,8,-1,8,3,1,-1,10,11,12,-1,13,14,15,-1,15,14,16,-1,15,16,17,-1,16,10,17,-1,17,10,12,-1,17,12,18,-1,18,12,19,-1,18,19,13,-1,13,19,20,-1,13,20,14,-1,14,20,21,-1,22,23,24,-1,24,23,25,-1,26,19,27,-1,27,19,12,-1,28,29,20,-1,20,29,21,-1,16,14,6,-1,6,14,3,-1,23,22,10,-1,10,22,11,-1,29,28,30,-1,30,28,31,-1,10,16,6,-1,10,6,23,-1,23,6,5,-1,23,5,25,-1,22,24,32,-1,22,32,11,-1,11,32,27,-1,11,27,12,-1,20,19,26,-1,20,26,28,-1,28,26,33,-1,28,33,31,-1,29,30,4,-1,29,4,21,-1,21,4,3,-1,21,3,14,-1,32,24,5,-1,5,24,25,-1,31,33,30,-1,30,33,4,-1,
        ]
    }
}
Shape{
    appearance Appearance {
        material  Material 	{
            diffuseColor 0.8274509803921568 0.6666666666666666 0.12941176470588237
            specularColor 0.8274509803921568 0.6666666666666666 0.12941176470588237
            ambientIntensity 0.6535
            transparency 0.0
            shininess 0.5
        }
    }
    geometry IndexedFaceSet {
        ccw TRUE
        solid FALSE
        coord DEF co Coordinate {
            point [
                11.4331 -0.0669 -1.1811, 11.4331 0.0669 -1.1811, 11.5669 -0.0669 -1.1811, 11.5669 0.0669 -1.1811, 11.374 -0.126 -0.9607, 11.374 -0.126 0.2362, 11.374 0.126 -0.9607, 11.374 0.126 0.2362, 11.626 0.126 -0.9607, 11.626 0.126 0.2362, 11.626 -0.126 -0.9607, 11.626 -0.126 0.2362, 11.374 -0.126 3.1261, 11.374 -0.126 0.9843, 11.626 -0.126 3.1261, 11.626 -0.126 0.9843, 11.626 0.126 3.1261, 11.626 0.126 0.9843, 11.374 0.126 3.1261, 11.374 0.126 0.9843, 11.4331 0.0669 3.3465, 11.4331 -0.0669 3.3465, 11.5669 0.0669 3.3465, 11.5669 -0.0669 3.3465
            ]
        }
        coordIndex [
            0,1,2,-1,2,1,3,-1,4,5,6,-1,6,5,7,-1,8,9,10,-1,10,9,11,-1,6,7,8,-1,8,7,9,-1,10,11,4,-1,4,11,5,-1,12,13,14,-1,14,13,15,-1,16,17,18,-1,18,17,19,-1,14,15,16,-1,16,15,17,-1,18,19,12,-1,12,19,13,-1,20,21,22,-1,22,21,23,-1,8,3,6,-1,6,3,1,-1,10,2,8,-1,8,2,3,-1,0,4,1,-1,1,4,6,-1,4,0,10,-1,10,0,2,-1,14,23,12,-1,12,23,21,-1,16,22,14,-1,14,22,23,-1,20,18,21,-1,21,18,12,-1,18,20,16,-1,16,20,22,-1,
        ]
    }
}
Shape{
    appearance Appearance {
        material  Material 	{
            diffuseColor 0.5882352941176471 0.5725490196078431 0.5254901960784314
            specularColor 0.043137254901960784 0.0392156862745098 0.0392156862745098
            ambientIntensity 0.8167
            transparency 0.0
            shininess 0.5
        }
    }
    geometry IndexedFaceSet {
        ccw TRUE
        solid FALSE
        coord DEF co Coordinate {
            point [
                11.9803 0.2953 0.2362, 11.9803 0.2953 0.9803, 12.0 0.2953 0.2362, 12.0197 0.2953 0.9803, 12.0197 0.2953 0.2362, 12.0197 -0.2953 0.2362, 12.0197 -0.2953 0.9803, 12.0 -0.2953 0.2362, 11.9803 -0.2953 0.9803, 11.9803 -0.2953 0.2362, 12.2165 -0.4921 0.9843, 12.7835 -0.4921 0.9843, 12.9803 -0.2953 0.9843, 12.374 0.126 0.9843, 12.0197 0.2953 0.9843, 12.374 -0.126 0.9843, 12.0197 -0.2953 0.9843, 12.626 -0.126 0.9843, 12.626 0.126 0.9843, 12.9803 0.2953 0.9843, 12.7835 0.4921 0.9843, 12.2165 0.4921 0.9843, 12.7835 -0.4921 0.0, 12.2165 -0.4921 0.0, 12.9803 -0.2953 0.0, 12.0197 -0.2953 0.0, 12.9803 0.2953 0.9803, 12.9803 -0.2953 0.9803, 12.7835 0.4921 0.0, 12.2165 0.4921 0.0, 12.0197 0.2953 0.0, 12.9803 0.2953 0.0, 12.9803 -0.2953 0.2362, 12.9803 0.2953 0.2362
            ]
        }
        coordIndex [
            0,1,2,-1,2,1,3,-1,2,3,4,-1,5,6,7,-1,7,6,8,-1,7,8,9,-1,6,3,8,-1,8,3,1,-1,10,11,12,-1,13,14,15,-1,15,14,16,-1,15,16,17,-1,16,10,17,-1,17,10,12,-1,17,12,18,-1,18,12,19,-1,18,19,13,-1,13,19,20,-1,13,20,14,-1,14,20,21,-1,22,23,24,-1,24,23,25,-1,26,19,27,-1,27,19,12,-1,28,29,20,-1,20,29,21,-1,16,14,6,-1,6,14,3,-1,23,22,10,-1,10,22,11,-1,29,28,30,-1,30,28,31,-1,10,16,6,-1,10,6,23,-1,23,6,5,-1,23,5,25,-1,22,24,32,-1,22,32,11,-1,11,32,27,-1,11,27,12,-1,20,19,26,-1,20,26,28,-1,28,26,33,-1,28,33,31,-1,29,30,4,-1,29,4,21,-1,21,4,3,-1,21,3,14,-1,32,24,5,-1,5,24,25,-1,31,33,30,-1,30,33,4,-1,
        ]
    }
}
Shape{
    appearance Appearance {
        material  Material 	{
            diffuseColor 0.8274509803921568 0.6666666666666666 0.12941176470588237
            specularColor 0.8274509803921568 0.6666666666666666 0.12941176470588237
            ambientIntensity 0.6535
            transparency 0.0
            shininess 0.5
        }
    }
    geometry IndexedFaceSet {
        ccw TRUE
        solid FALSE
        coord DEF co Coordinate {
            point [
                12.4331 -0.0669 -1.1811, 12.4331 0.0669 -1.1811, 12.5669 -0.0669 -1.1811, 12.5669 0.0669 -1.1811, 12.374 -0.126 -0.9607, 12.374 -0.126 0.2362, 12.374 0.126 -0.9607, 12.374 0.126 0.2362, 12.626 0.126 -0.9607, 12.626 0.126 0.2362, 12.626 -0.126 -0.9607, 12.626 -0.126 0.2362, 12.374 -0.126 3.1261, 12.374 -0.126 0.9843, 12.626 -0.126 3.1261, 12.626 -0.126 0.9843, 12.626 0.126 3.1261, 12.626 0.126 0.9843, 12.374 0.126 3.1261, 12.374 0.126 0.9843, 12.4331 0.0669 3.3465, 12.4331 -0.0669 3.3465, 12.5669 0.0669 3.3465, 12.5669 -0.0669 3.3465
            ]
        }
        coordIndex [
            0,1,2,-1,2,1,3,-1,4,5,6,-1,6,5,7,-1,8,9,10,-1,10,9,11,-1,6,7,8,-1,8,7,9,-1,10,11,4,-1,4,11,5,-1,12,13,14,-1,14,13,15,-1,16,17,18,-1,18,17,19,-1,14,15,16,-1,16,15,17,-1,18,19,12,-1,12,19,13,-1,20,21,22,-1,22,21,23,-1,8,3,6,-1,6,3,1,-1,10,2,8,-1,8,2,3,-1,0,4,1,-1,1,4,6,-1,4,0,10,-1,10,0,2,-1,14,23,12,-1,12,23,21,-1,16,22,14,-1,14,22,23,-1,20,18,21,-1,21,18,12,-1,18,20,16,-1,16,20,22,-1,
        ]
    }
}
Shape{
    appearance Appearance {
        material  Material 	{
            diffuseColor 0.5882352941176471 0.5725490196078431 0.5254901960784314
            specularColor 0.043137254901960784 0.0392156862745098 0.0392156862745098
            ambientIntensity 0.8167
            transparency 0.0
            shininess 0.5
        }
    }
    geometry IndexedFaceSet {
        ccw TRUE
        solid FALSE
        coord DEF co Coordinate {
            point [
                12.9803 0.2953 0.2362, 12.9803 0.2953 0.9803, 13.0 0.2953 0.2362, 13.0197 0.2953 0.9803, 13.0197 0.2953 0.2362, 13.0197 -0.2953 0.2362, 13.0197 -0.2953 0.9803, 13.0 -0.2953 0.2362, 12.9803 -0.2953 0.9803, 12.9803 -0.2953 0.2362, 13.2165 -0.4921 0.9843, 13.7835 -0.4921 0.9843, 13.9803 -0.2953 0.9843, 13.374 0.126 0.9843, 13.0197 0.2953 0.9843, 13.374 -0.126 0.9843, 13.0197 -0.2953 0.9843, 13.626 -0.126 0.9843, 13.626 0.126 0.9843, 13.9803 0.2953 0.9843, 13.7835 0.4921 0.9843, 13.2165 0.4921 0.9843, 13.7835 -0.4921 0.0, 13.2165 -0.4921 0.0, 13.9803 -0.2953 0.0, 13.0197 -0.2953 0.0, 13.9803 0.2953 0.9803, 13.9803 -0.2953 0.9803, 13.7835 0.4921 0.0, 13.2165 0.4921 0.0, 13.0197 0.2953 0.0, 13.9803 0.2953 0.0, 13.9803 -0.2953 0.2362, 13.9803 0.2953 0.2362
            ]
        }
        coordIndex [
            0,1,2,-1,2,1,3,-1,2,3,4,-1,5,6,7,-1,7,6,8,-1,7,8,9,-1,6,3,8,-1,8,3,1,-1,10,11,12,-1,13,14,15,-1,15,14,16,-1,15,16,17,-1,16,10,17,-1,17,10,12,-1,17,12,18,-1,18,12,19,-1,18,19,13,-1,13,19,20,-1,13,20,14,-1,14,20,21,-1,22,23,24,-1,24,23,25,-1,26,19,27,-1,27,19,12,-1,28,29,20,-1,20,29,21,-1,16,14,6,-1,6,14,3,-1,23,22,10,-1,10,22,11,-1,29,28,30,-1,30,28,31,-1,10,16,6,-1,10,6,23,-1,23,6,5,-1,23,5,25,-1,22,24,32,-1,22,32,11,-1,11,32,27,-1,11,27,12,-1,20,19,26,-1,20,26,28,-1,28,26,33,-1,28,33,31,-1,29,30,4,-1,29,4,21,-1,21,4,3,-1,21,3,14,-1,32,24,5,-1,5,24,25,-1,31,33,30,-1,30,33,4,-1,
        ]
    }
}
Shape{
    appearance Appearance {
        material  Material 	{
            diffuseColor 0.8274509803921568 0.6666666666666666 0.12941176470588237
            specularColor 0.8274509803921568 0.6666666666666666 0.12941176470588237
            ambientIntensity 0.6535
            transparency 0.0
            shininess 0.5
        }
    }
    geometry IndexedFaceSet {
        ccw TRUE
        solid FALSE
        coord DEF co Coordinate {
            point [
                13.4331 -0.0669 -1.1811, 13.4331 0.0669 -1.1811, 13.5669 -0.0669 -1.1811, 13.5669 0.0669 -1.1811, 13.374 -0.126 -0.9607, 13.374 -0.126 0.2362, 13.374 0.126 -0.9607, 13.374 0.126 0.2362, 13.626 0.126 -0.9607, 13.626 0.126 0.2362, 13.626 -0.126 -0.9607, 13.626 -0.126 0.2362, 13.374 -0.126 3.1261, 13.374 -0.126 0.9843, 13.626 -0.126 3.1261, 13.626 -0.126 0.9843, 13.626 0.126 3.1261, 13.626 0.126 0.9843, 13.374 0.126 3.1261, 13.374 0.126 0.9843, 13.4331 0.0669 3.3465, 13.4331 -0.0669 3.3465, 13.5669 0.0669 3.3465, 13.5669 -0.0669 3.3465
            ]
        }
        coordIndex [
            0,1,2,-1,2,1,3,-1,4,5,6,-1,6,5,7,-1,8,9,10,-1,10,9,11,-1,6,7,8,-1,8,7,9,-1,10,11,4,-1,4,11,5,-1,12,13,14,-1,14,13,15,-1,16,17,18,-1,18,17,19,-1,14,15,16,-1,16,15,17,-1,18,19,12,-1,12,19,13,-1,20,21,22,-1,22,21,23,-1,8,3,6,-1,6,3,1,-1,10,2,8,-1,8,2,3,-1,0,4,1,-1,1,4,6,-1,4,0,10,-1,10,0,2,-1,14,23,12,-1,12,23,21,-1,16,22,14,-1,14,22,23,-1,20,18,21,-1,21,18,12,-1,18,20,16,-1,16,20,22,-1,
        ]
    }
}
Shape{
    appearance Appearance {
        material  Material 	{
            diffuseColor 0.5882352941176471 0.5725490196078431 0.5254901960784314
            specularColor 0.043137254901960784 0.0392156862745098 0.0392156862745098
            ambientIntensity 0.8167
            transparency 0.0
            shininess 0.5
        }
    }
    geometry IndexedFaceSet {
        ccw TRUE
        solid FALSE
        coord DEF co Coordinate {
            point [
                13.9803 0.2953 0.9803, 14.0197 0.2953 0.9803, 13.9803 0.2953 0.2362, 14.0197 0.2953 0.2362, 14.0197 -0.2953 0.9803, 13.9803 -0.2953 0.9803, 14.0197 -0.2953 0.2362, 13.9803 -0.2953 0.2362, 14.2165 -0.4921 0.9843, 14.7835 -0.4921 0.9843, 14.9803 -0.2953 0.9843, 14.374 0.126 0.9843, 14.0197 0.2953 0.9843, 14.374 -0.126 0.9843, 14.0197 -0.2953 0.9843, 14.626 -0.126 0.9843, 14.626 0.126 0.9843, 14.9803 0.2953 0.9843, 14.7835 0.4921 0.9843, 14.2165 0.4921 0.9843, 14.7835 -0.4921 0.0, 14.2165 -0.4921 0.0, 14.9803 -0.2953 0.0, 14.0197 -0.2953 0.0, 14.9803 0.2953 0.2362, 14.9803 0.2106 0.2362, 14.9803 -0.2953 0.2362, 14.7835 0.4921 0.0, 14.2165 0.4921 0.0, 14.0197 0.2953 0.0, 14.9803 0.2953 0.0
            ]
        }
        coordIndex [
            0,1,2,-1,2,1,3,-1,4,5,6,-1,6,5,7,-1,4,1,5,-1,5,1,0,-1,8,9,10,-1,11,12,13,-1,13,12,14,-1,13,14,15,-1,14,8,15,-1,15,8,10,-1,15,10,16,-1,16,10,17,-1,16,17,11,-1,11,17,18,-1,11,18,12,-1,12,18,19,-1,20,21,22,-1,22,21,23,-1,24,17,25,-1,25,17,10,-1,25,10,26,-1,27,28,18,-1,18,28,19,-1,14,12,4,-1,4,12,1,-1,21,20,8,-1,8,20,9,-1,28,27,29,-1,29,27,30,-1,8,14,4,-1,8,4,21,-1,21,4,6,-1,21,6,23,-1,10,9,26,-1,26,9,20,-1,26,20,22,-1,18,17,27,-1,27,17,24,-1,27,24,30,-1,28,29,3,-1,28,3,19,-1,19,3,1,-1,19,1,12,-1,26,22,6,-1,6,22,23,-1,30,24,29,-1,29,24,3,-1,
        ]
    }
}
Shape{
    appearance Appearance {
        material  Material 	{
            diffuseColor 0.8274509803921568 0.6666666666666666 0.12941176470588237
            specularColor 0.8274509803921568 0.6666666666666666 0.12941176470588237
            ambientIntensity 0.6535
            transparency 0.0
            shininess 0.5
        }
    }
    geometry IndexedFaceSet {
        ccw TRUE
        solid FALSE
        coord DEF co Coordinate {
            point [
                14.4331 -0.0669 -1.1811, 14.4331 0.0669 -1.1811, 14.5669 -0.0669 -1.1811, 14.5669 0.0669 -1.1811, 14.374 -0.126 -0.9607, 14.374 -0.126 0.2362, 14.374 0.126 -0.9607, 14.374 0.126 0.2362, 14.626 0.126 -0.9607, 14.626 0.126 0.2362, 14.626 -0.126 -0.9607, 14.626 -0.126 0.2362, 14.374 -0.126 3.1261, 14.374 -0.126 0.9843, 14.626 -0.126 3.1261, 14.626 -0.126 0.9843, 14.626 0.126 3.1261, 14.626 0.126 0.9843, 14.374 0.126 3.1261, 14.374 0.126 0.9843, 14.4331 0.0669 3.3465, 14.4331 -0.0669 3.3465, 14.5669 0.0669 3.3465, 14.5669 -0.0669 3.3465
            ]
        }
        coordIndex [
            0,1,2,-1,2,1,3,-1,4,5,6,-1,6,5,7,-1,8,9,10,-1,10,9,11,-1,6,7,8,-1,8,7,9,-1,10,11,4,-1,4,11,5,-1,12,13,14,-1,14,13,15,-1,16,17,18,-1,18,17,19,-1,14,15,16,-1,16,15,17,-1,18,19,12,-1,12,19,13,-1,20,21,22,-1,22,21,23,-1,8,3,6,-1,6,3,1,-1,10,2,8,-1,8,2,3,-1,0,4,1,-1,1,4,6,-1,4,0,10,-1,10,0,2,-1,14,23,12,-1,12,23,21,-1,16,22,14,-1,14,22,23,-1,20,18,21,-1,21,18,12,-1,18,20,16,-1,16,20,22,-1,
        ]
    }
}
Shape{
    appearance Appearance {
        material  Material 	{
            diffuseColor 1.0 1.0 1.0
            specularColor 0.8784313725490196 0.8784313725490196 0.8784313725490196
            ambientIntensity 1.0
            transparency 0.0
            shininess 0.5
        }
    }
    geometry IndexedFaceSet {
        ccw TRUE
        solid FALSE
        coord DEF co Coordinate {
            point [
                -0.2002 0.0172 0.2756, -0.2463 -0.1009 0.2756, -0.2002 0.0172 0.2362, -0.2463 -0.1009 0.2362, -0.229 -0.1009 0.2756, -0.229 -0.1009 0.2362, -0.2171 -0.0677 0.2756, -0.2171 -0.0677 0.2362, -0.1683 -0.0677 0.2756, -0.1683 -0.0677 0.2362, -0.157 -0.1009 0.2756, -0.157 -0.1009 0.2362, -0.1397 -0.1009 0.2756, -0.1397 -0.1009 0.2362, -0.1844 0.0172 0.2756, -0.1844 0.0172 0.2362, -0.1723 -0.0548 0.2756, -0.1899 -0.0054 0.2756, -0.191 -0.0014 0.2756, -0.1918 0.0028 0.2756, -0.1922 0.0028 0.2756, -0.1929 -0.0013 0.2756, -0.194 -0.0054 0.2756, -0.2118 -0.0548 0.2756, -0.1723 -0.0548 0.2362, -0.2118 -0.0548 0.2362, -0.1899 -0.0054 0.2362, -0.191 -0.0014 0.2362, -0.1918 0.0028 0.2362, -0.1922 0.0028 0.2362, -0.1929 -0.0013 0.2362, -0.194 -0.0054 0.2362, -0.0681 -0.1009 0.2756, -0.036 -0.1009 0.2756, -0.0681 -0.1009 0.2362, -0.036 -0.1009 0.2362, -0.036 0.0172 0.2756, -0.036 0.0172 0.2362, -0.0693 0.0172 0.2756, -0.0693 0.0172 0.2362, -0.1311 -0.0403 0.2756, -0.1311 -0.0403 0.2362, -0.1302 -0.0292 0.2362, -0.1302 -0.0292 0.2756, -0.127 -0.0176 0.2362, -0.127 -0.0176 0.2756, -0.1216 -0.0074 0.2362, -0.1216 -0.0074 0.2756, -0.1132 0.0018 0.2362, -0.1132 0.0018 0.2756, -0.1131 0.0019 0.2362, -0.1131 0.0019 0.2756, -0.1002 0.0106 0.2362, -0.1002 0.0106 0.2756, -0.0864 0.0154 0.2362, -0.0864 0.0154 0.2756, -0.0827 -0.0996 0.2362, -0.0827 -0.0996 0.2756, -0.0963 -0.0955 0.2362, -0.0963 -0.0955 0.2756, -0.1087 -0.0884 0.2362, -0.1087 -0.0884 0.2756, -0.1184 -0.0791 0.2362, -0.1184 -0.0791 0.2756, -0.1252 -0.0685 0.2362, -0.1252 -0.0685 0.2756, -0.1294 -0.0561 0.2362, -0.1294 -0.0561 0.2756, -0.1074 -0.0123 0.2756, -0.1016 -0.0062 0.2756, -0.093 -0.0006 0.2756, -0.0833 0.0028 0.2756, -0.0693 0.0043 0.2756, -0.0519 0.0043 0.2756, -0.0519 -0.0879 0.2756, -0.0686 -0.0879 0.2756, -0.0811 -0.0867 0.2756, -0.091 -0.0836 0.2756, -0.0991 -0.0789 0.2756, -0.1057 -0.0723 0.2756, -0.1107 -0.0642 0.2756, -0.1141 -0.0531 0.2756, -0.1152 -0.0407 0.2756, -0.1142 -0.0289 0.2756, -0.1115 -0.0196 0.2756, -0.0693 0.0043 0.2362, -0.0519 0.0043 0.2362, -0.0833 0.0028 0.2362, -0.093 -0.0006 0.2362, -0.1016 -0.0062 0.2362, -0.1074 -0.0123 0.2362, -0.1115 -0.0196 0.2362, -0.1142 -0.0289 0.2362, -0.1152 -0.0407 0.2362, -0.1141 -0.0531 0.2362, -0.1107 -0.0642 0.2362, -0.1057 -0.0723 0.2362, -0.0991 -0.0789 0.2362, -0.091 -0.0836 0.2362, -0.0811 -0.0867 0.2362, -0.0686 -0.0879 0.2362, -0.0519 -0.0879 0.2362, -0.013 -0.0879 0.2756, -0.013 -0.1009 0.2756, -0.013 -0.0879 0.2362, -0.013 -0.1009 0.2362, 0.0504 -0.1009 0.2756, 0.0504 -0.1009 0.2362, 0.0504 0.0172 0.2756, 0.0504 0.0172 0.2362, -0.0101 0.0172 0.2756, -0.0101 0.0172 0.2362, -0.0101 0.0043 0.2756, -0.0101 0.0043 0.2362, 0.0346 0.0043 0.2756, 0.0346 0.0043 0.2362, 0.0346 -0.0346 0.2756, 0.0346 -0.0346 0.2362, -0.0072 -0.0346 0.2756, -0.0072 -0.0346 0.2362, -0.0072 -0.0476 0.2756, -0.0072 -0.0476 0.2362, 0.0346 -0.0476 0.2756, 0.0346 -0.0476 0.2362, 0.0346 -0.0879 0.2756, 0.0346 -0.0879 0.2362, 0.0735 -0.0818 0.2756, 0.0735 -0.0947 0.2756, 0.0735 -0.0818 0.2362, 0.0735 -0.0947 0.2362, 0.106 -0.1023 0.2756, 0.106 -0.1023 0.2362, 0.1027 -0.1023 0.2362, 0.1027 -0.1023 0.2756, 0.086 -0.0999 0.2362, 0.086 -0.0999 0.2756, 0.1613 -0.044 0.2756, 0.1613 -0.044 0.2362, 0.1602 -0.0577 0.2362, 0.1602 -0.0577 0.2756, 0.1566 -0.0702 0.2362, 0.1566 -0.0702 0.2756, 0.1503 -0.0815 0.2362, 0.1503 -0.0815 0.2756, 0.1415 -0.0908 0.2362, 0.1415 -0.0908 0.2756, 0.132 -0.0969 0.2362, 0.132 -0.0969 0.2756, 0.1205 -0.1008 0.2362, 0.1205 -0.1008 0.2756, 0.1013 0.0187 0.2756, 0.1013 0.0187 0.2362, 0.1131 0.0177 0.2362, 0.1131 0.0177 0.2756, 0.1263 0.0139 0.2362, 0.1263 0.0139 0.2756, 0.1375 0.0074 0.2362, 0.1375 0.0074 0.2756, 0.1482 -0.0028 0.2362, 0.1482 -0.0028 0.2756, 0.1551 -0.0139 0.2362, 0.1551 -0.0139 0.2756, 0.1596 -0.0273 0.2362, 0.1596 -0.0273 0.2756, 0.0735 0.014 0.2756, 0.0735 0.014 0.2362, 0.0871 0.0177 0.2362, 0.0871 0.0177 0.2756, 0.0735 -0.0018 0.2756, 0.0735 -0.0018 0.2362, 0.1011 0.0057 0.2756, 0.1011 0.0057 0.2362, 0.0868 0.0039 0.2362, 0.0868 0.0039 0.2756, 0.1455 -0.0431 0.2756, 0.1455 -0.0431 0.2362, 0.1449 -0.0339 0.2362, 0.1449 -0.0339 0.2756, 0.1418 -0.0212 0.2362, 0.1418 -0.0212 0.2756, 0.1369 -0.0121 0.2362, 0.1369 -0.0121 0.2756, 0.1298 -0.0042 0.2362, 0.1298 -0.0042 0.2756, 0.1216 0.0012 0.2362, 0.1216 0.0012 0.2756, 0.1127 0.0044 0.2362, 0.1127 0.0044 0.2756, 0.1038 -0.0893 0.2756, 0.1038 -0.0893 0.2362, 0.1148 -0.0881 0.2362, 0.1148 -0.0881 0.2756, 0.1234 -0.0849 0.2362, 0.1234 -0.0849 0.2756, 0.1306 -0.0801 0.2362, 0.1306 -0.0801 0.2756, 0.1362 -0.0742 0.2362, 0.1362 -0.0742 0.2756, 0.1411 -0.066 0.2362, 0.1411 -0.066 0.2756, 0.1443 -0.0559 0.2362, 0.1443 -0.0559 0.2756, 0.0756 -0.083 0.2362, 0.0756 -0.083 0.2756, 0.0881 -0.0876 0.2362, 0.0881 -0.0876 0.2756, 0.1714 -0.0879 0.2756, 0.1714 -0.1009 0.2756, 0.1714 -0.0879 0.2362, 0.1714 -0.1009 0.2362, 0.2319 -0.1009 0.2756, 0.2319 -0.1009 0.2362, 0.2319 0.0172 0.2756, 0.2319 0.0172 0.2362, 0.2161 0.0172 0.2756, 0.2161 0.0172 0.2362, 0.2161 -0.0879 0.2756, 0.2161 -0.0879 0.2362
            ]
        }
        coordIndex [
            0,1,2,-1,2,1,3,-1,1,4,3,-1,3,4,5,-1,4,6,5,-1,5,6,7,-1,6,8,7,-1,7,8,9,-1,8,10,9,-1,9,10,11,-1,10,12,11,-1,11,12,13,-1,12,14,13,-1,13,14,15,-1,14,0,15,-1,15,0,2,-1,16,17,14,-1,12,10,8,-1,17,18,14,-1,14,18,19,-1,14,19,0,-1,0,19,20,-1,0,20,21,-1,21,22,0,-1,0,22,23,-1,0,23,1,-1,4,1,6,-1,6,1,23,-1,6,23,8,-1,8,23,16,-1,8,16,12,-1,12,16,14,-1,16,23,24,-1,24,23,25,-1,17,16,26,-1,26,16,24,-1,17,26,27,-1,17,27,18,-1,18,27,28,-1,18,28,19,-1,20,19,29,-1,29,19,28,-1,20,29,30,-1,20,30,21,-1,21,30,31,-1,21,31,22,-1,23,22,25,-1,25,22,31,-1,32,33,34,-1,34,33,35,-1,33,36,35,-1,35,36,37,-1,36,38,37,-1,37,38,39,-1,40,41,42,-1,40,42,43,-1,43,42,44,-1,43,44,45,-1,45,44,46,-1,45,46,47,-1,47,46,48,-1,47,48,49,-1,49,48,50,-1,49,50,51,-1,51,50,52,-1,51,52,53,-1,53,52,54,-1,53,54,55,-1,55,54,39,-1,55,39,38,-1,32,34,56,-1,32,56,57,-1,57,56,58,-1,57,58,59,-1,59,58,60,-1,59,60,61,-1,61,60,62,-1,61,62,63,-1,63,62,64,-1,63,64,65,-1,65,64,66,-1,65,66,67,-1,67,66,41,-1,67,41,40,-1,45,47,68,-1,68,47,49,-1,68,49,69,-1,69,49,51,-1,69,51,70,-1,70,51,53,-1,70,53,71,-1,71,53,55,-1,71,55,72,-1,72,55,38,-1,72,38,73,-1,73,38,36,-1,73,36,74,-1,74,36,33,-1,74,33,75,-1,75,33,32,-1,75,32,76,-1,76,32,57,-1,76,57,77,-1,77,57,59,-1,77,59,78,-1,78,59,61,-1,78,61,79,-1,79,61,63,-1,79,63,80,-1,80,63,65,-1,80,65,81,-1,81,65,67,-1,81,67,82,-1,82,67,40,-1,82,40,83,-1,83,40,43,-1,83,43,84,-1,84,43,45,-1,84,45,68,-1,72,73,85,-1,85,73,86,-1,72,85,87,-1,72,87,71,-1,71,87,88,-1,71,88,70,-1,70,88,89,-1,70,89,69,-1,69,89,90,-1,69,90,68,-1,68,90,91,-1,68,91,84,-1,84,91,92,-1,84,92,83,-1,83,92,93,-1,83,93,82,-1,82,93,94,-1,82,94,81,-1,81,94,95,-1,81,95,80,-1,80,95,96,-1,80,96,79,-1,79,96,97,-1,79,97,78,-1,78,97,98,-1,78,98,77,-1,77,98,99,-1,77,99,76,-1,76,99,100,-1,76,100,75,-1,74,75,101,-1,101,75,100,-1,73,74,86,-1,86,74,101,-1,102,103,104,-1,104,103,105,-1,103,106,105,-1,105,106,107,-1,106,108,107,-1,107,108,109,-1,108,110,109,-1,109,110,111,-1,110,112,111,-1,111,112,113,-1,112,114,113,-1,113,114,115,-1,114,116,115,-1,115,116,117,-1,116,118,117,-1,117,118,119,-1,118,120,119,-1,119,120,121,-1,120,122,121,-1,121,122,123,-1,122,124,123,-1,123,124,125,-1,124,102,125,-1,125,102,104,-1,106,103,102,-1,102,124,106,-1,106,124,122,-1,106,122,108,-1,112,110,114,-1,114,110,108,-1,114,108,116,-1,116,108,122,-1,116,122,118,-1,118,122,120,-1,126,127,128,-1,128,127,129,-1,130,131,132,-1,130,132,133,-1,133,132,134,-1,133,134,135,-1,135,134,129,-1,135,129,127,-1,136,137,138,-1,136,138,139,-1,139,138,140,-1,139,140,141,-1,141,140,142,-1,141,142,143,-1,143,142,144,-1,143,144,145,-1,145,144,146,-1,145,146,147,-1,147,146,148,-1,147,148,149,-1,149,148,131,-1,149,131,130,-1,150,151,152,-1,150,152,153,-1,153,152,154,-1,153,154,155,-1,155,154,156,-1,155,156,157,-1,157,156,158,-1,157,158,159,-1,159,158,160,-1,159,160,161,-1,161,160,162,-1,161,162,163,-1,163,162,137,-1,163,137,136,-1,164,165,166,-1,164,166,167,-1,167,166,151,-1,167,151,150,-1,164,168,165,-1,165,168,169,-1,170,171,172,-1,170,172,173,-1,173,172,169,-1,173,169,168,-1,174,175,176,-1,174,176,177,-1,177,176,178,-1,177,178,179,-1,179,178,180,-1,179,180,181,-1,181,180,182,-1,181,182,183,-1,183,182,184,-1,183,184,185,-1,185,184,186,-1,185,186,187,-1,187,186,171,-1,187,171,170,-1,188,189,190,-1,188,190,191,-1,191,190,192,-1,191,192,193,-1,193,192,194,-1,193,194,195,-1,195,194,196,-1,195,196,197,-1,197,196,198,-1,197,198,199,-1,199,198,200,-1,199,200,201,-1,201,200,175,-1,201,175,174,-1,126,128,202,-1,126,202,203,-1,203,202,204,-1,203,204,205,-1,205,204,189,-1,205,189,188,-1,191,130,188,-1,188,130,133,-1,188,133,205,-1,205,133,135,-1,205,135,203,-1,203,135,127,-1,203,127,126,-1,168,164,173,-1,173,164,167,-1,173,167,170,-1,170,167,150,-1,170,150,187,-1,187,150,153,-1,187,153,185,-1,185,153,155,-1,185,155,183,-1,183,155,157,-1,183,157,181,-1,181,157,159,-1,181,159,179,-1,179,159,161,-1,179,161,177,-1,177,161,163,-1,177,163,174,-1,174,163,136,-1,174,136,201,-1,201,136,139,-1,201,139,199,-1,199,139,141,-1,199,141,197,-1,197,141,143,-1,197,143,195,-1,195,143,145,-1,195,145,193,-1,193,145,147,-1,193,147,191,-1,191,147,149,-1,191,149,130,-1,206,207,208,-1,208,207,209,-1,207,210,209,-1,209,210,211,-1,210,212,211,-1,211,212,213,-1,212,214,213,-1,213,214,215,-1,214,216,215,-1,215,216,217,-1,216,206,217,-1,217,206,208,-1,214,212,216,-1,216,212,210,-1,216,210,206,-1,206,210,207,-1,
        ]
    }
}
Shape{
    appearance Appearance {
        material  Material 	{
            diffuseColor 0.5882352941176471 0.5725490196078431 0.5254901960784314
            specularColor 0.043137254901960784 0.0392156862745098 0.0392156862745098
            ambientIntensity 0.8167
            transparency 0.0
            shininess 0.5
        }
    }
    geometry IndexedFaceSet {
        ccw TRUE
        solid FALSE
        coord DEF co Coordinate {
            point [
                -0.1723 -0.0548 0.2362, -0.2118 -0.0548 0.2362, -0.1899 -0.0054 0.2362, -0.194 -0.0054 0.2362, -0.191 -0.0014 0.2362, -0.1929 -0.0013 0.2362, -0.1918 0.0028 0.2362, -0.1922 0.0028 0.2362, -0.0519 0.0043 0.2362, -0.0519 -0.0879 0.2362, -0.0693 0.0043 0.2362, -0.0686 -0.0879 0.2362, -0.0811 -0.0867 0.2362, -0.1152 -0.0407 0.2362, -0.1142 -0.0289 0.2362, -0.1115 -0.0196 0.2362, -0.0833 0.0028 0.2362, -0.091 -0.0836 0.2362, -0.0991 -0.0789 0.2362, -0.1057 -0.0723 0.2362, -0.1107 -0.0642 0.2362, -0.1141 -0.0531 0.2362, -0.1074 -0.0123 0.2362, -0.1016 -0.0062 0.2362, -0.093 -0.0006 0.2362
            ]
        }
        coordIndex [
            0,1,2,-1,2,1,3,-1,2,3,4,-1,4,3,5,-1,4,5,6,-1,6,5,7,-1,8,9,10,-1,10,9,11,-1,10,11,12,-1,13,14,10,-1,10,14,15,-1,10,15,16,-1,12,17,10,-1,10,17,18,-1,10,18,19,-1,19,20,10,-1,10,20,21,-1,10,21,13,-1,22,23,15,-1,15,23,24,-1,15,24,16,-1,
        ]
    }
}