#VRML V2.0 utf8
# 3D model generated by easyeda2kicad.py (https://github.com/uPesy/easyeda2kicad.py)

Shape{
    appearance Appearance {
        material  Material 	{
            diffuseColor 0.7529411764705882 0.7529411764705882 0.7529411764705882
            specularColor 0.3764705882352941 0.3764705882352941 0.3764705882352941
            ambientIntensity 0.7529
            transparency 0.0
            shininess 0.5
        }
    }
    geometry IndexedFaceSet {
        ccw TRUE
        solid FALSE
        coord DEF co Coordinate {
            point [
                0.4212 -0.6448 1.122, 0.4212 -0.9055 1.122, 1.36 -0.9055 1.122, 0.1907 -0.6448 1.122, 0.1907 -0.9055 1.122, 0.2273 -0.9055 1.122, 0.3387 -0.6124 1.122, 0.321 -0.6124 1.122, 0.321 -0.6131 1.122, 0.2094 -0.613 1.122, 0.2085 -0.6131 1.122, 0.2273 -0.6131 1.122, 1.6732 -0.0276 1.122, 1.6732 0.4183 1.122, 1.36 0.4183 1.122, 0.7691 1.1315 1.122, 0.7677 1.1417 1.122, 0.4212 1.1417 1.122, 0.1488 -0.4054 1.122, 0.1548 -0.4047 1.122, 0.123 -0.4047 1.122, 0.1709 -0.4048 1.122, 0.1759 -0.4063 1.122, 0.1759 -0.4047 1.122, -0.0915 -0.4047 1.122, -0.0788 -0.4135 1.122, 0.0411 -0.4047 1.122, -0.0594 -0.436 1.122, 0.0038 -0.5096 1.122, 0.0411 -0.5096 1.122, -0.0012 -0.4971 1.122, -0.0129 -0.4809 1.122, -0.0283 -0.4678 1.122, -0.048 -0.4585 1.122, -0.0452 -0.4594 1.122, -0.1826 -0.3869 1.122, -0.1562 -0.3839 1.122, 0.0411 0.4183 1.122, -0.1299 -0.387 1.122, -0.1016 -0.3977 1.122, -0.2089 -0.3966 1.122, -2.1457 0.4183 1.122, -0.2222 -0.4047 1.122, -2.1457 -0.4047 1.122, -0.2245 -0.4061 1.122, -2.1457 -0.5096 1.122, -0.3534 -0.5096 1.122, -0.3509 -0.4953 1.122, -0.3418 -0.4749 1.122, -0.3281 -0.4573 1.122, -0.2851 -0.4328 1.122, -0.2627 -0.43 1.122, -0.2379 -0.4175 1.122, -0.2561 -0.4303 1.122, -0.2496 -0.4311 1.122, -0.3243 -0.4537 1.122, -0.3062 -0.4409 1.122, -0.3132 -0.5994 1.122, -0.331 -0.5843 1.122, -2.1457 -0.6131 1.122, -0.344 -0.5657 1.122, -0.2926 -0.6094 1.122, -0.2847 -0.6131 1.122, -0.2854 -0.6116 1.122, -0.3521 -0.5445 1.122, -0.3549 -0.5222 1.122, -0.3547 -0.5167 1.122, -0.2601 -0.6426 1.122, -0.2712 -0.6343 1.122, -0.2797 -0.6238 1.122, 0.1182 -0.9055 1.122, 0.0411 -0.6448 1.122, 0.0411 -0.9055 1.122, -0.2078 -0.6448 1.122, -0.2176 -0.6486 1.122, -0.2313 -0.6503 1.122, -0.2335 -0.6503 1.122, -0.247 -0.6482 1.122, -0.2549 -0.6448 1.122, -2.1457 -0.6448 1.122, -2.1457 -0.9055 1.122, -0.178 -0.6131 1.122, -0.1781 -0.6134 1.122, -0.1848 -0.626 1.122, -0.1935 -0.6358 1.122, -0.2049 -0.6437 1.122, -0.1053 -0.5795 1.122, -0.1014 -0.578 1.122, -0.0947 -0.5456 1.122, -0.1886 -0.5552 1.122, -0.1124 -0.5154 1.122, -0.1986 -0.5462 1.122, -0.2107 -0.5397 1.122, -0.1088 -0.582 1.122, -0.0014 -0.5714 1.122, -0.0127 -0.5871 1.122, 0.0411 -0.6131 1.122, -0.0272 -0.5286 1.122, -0.0299 -0.5177 1.122, -0.0343 -0.5096 1.122, -0.3176 -0.5096 1.122, 0.0057 -0.5144 1.122, 0.0083 -0.533 1.122, 0.0057 -0.5533 1.122, -0.097 -0.5774 1.122, -0.0964 -0.5775 1.122, -0.0947 -0.5779 1.122, -0.3142 -0.5438 1.122, -0.3075 -0.5553 1.122, -0.2786 -0.5612 1.122, -0.2973 -0.5658 1.122, -0.2849 -0.5734 1.122, -0.2575 -0.5424 1.122, -0.2692 -0.5504 1.122, -0.319 -0.5211 1.122, -0.3183 -0.5299 1.122, -0.2449 -0.5375 1.122, -0.2313 -0.5359 1.122, -0.2244 -0.5363 1.122, -0.0282 -0.6002 1.122, -0.0456 -0.6087 1.122, -0.0645 -0.6127 1.122, -0.1146 -0.5951 1.122, -0.1145 -0.5928 1.122, -0.1744 -0.5877 1.122, -0.1134 -0.5885 1.122, -0.1112 -0.5846 1.122, -0.0385 -0.5637 1.122, -0.0323 -0.5548 1.122, -0.0283 -0.5447 1.122, -0.027 -0.5336 1.122, -0.0981 -0.6127 1.122, -0.1013 -0.6122 1.122, -0.1051 -0.6107 1.122, -0.1088 -0.6081 1.122, -0.1101 -0.6068 1.122, -0.1126 -0.6032 1.122, -0.1141 -0.5993 1.122, -0.1747 -0.5993 1.122, -0.1744 -0.5934 1.122, -0.0936 -0.578 1.122, -0.068 -0.578 1.122, -0.0577 -0.576 1.122, -0.0477 -0.5714 1.122, -0.0393 -0.5645 1.122, -0.0882 -0.455 1.122, -0.101 -0.4396 1.122, -0.2319 -0.4727 1.122, -0.1025 -0.4383 1.122, -0.1185 -0.4272 1.122, -0.2232 -0.4547 1.122, -0.236 -0.4705 1.122, -0.2487 -0.4658 1.122, -0.0352 -0.5078 1.122, -0.0418 -0.5005 1.122, -0.0714 -0.4892 1.122, -0.0506 -0.4944 1.122, -0.0605 -0.4905 1.122, -0.0759 -0.4892 1.122, -0.0794 -0.4733 1.122, -0.2821 -0.4678 1.122, -0.2948 -0.4745 1.122, -0.268 -0.4645 1.122, -0.3045 -0.4833 1.122, -0.3124 -0.4946 1.122, -0.2104 -0.4394 1.122, -0.1363 -0.4204 1.122, -0.1952 -0.4283 1.122, -0.1556 -0.418 1.122, -0.1766 -0.4207 1.122, -0.2621 -0.4641 1.122, -0.3173 -0.5073 1.122, 0.3757 -0.4635 1.122, 0.3463 -0.4635 1.122, 0.3838 -0.4854 1.122, 0.3463 -0.5096 1.122, 0.3952 -0.4854 1.122, 0.4212 -0.5096 1.122, 0.3463 -0.4248 1.122, 0.3537 -0.4054 1.122, 0.3463 -0.4047 1.122, 0.3647 -0.4054 1.122, 0.4212 -0.4047 1.122, 0.3232 -0.4854 1.122, 0.321 -0.5096 1.122, 0.3346 -0.4854 1.122, 0.3423 -0.4635 1.122, 0.2057 -0.4763 1.122, 0.2273 -0.4763 1.122, 0.2057 -0.4494 1.122, 0.2273 -0.4494 1.122, 0.2366 -0.4146 1.122, 0.246 -0.4047 1.122, 0.2366 -0.4054 1.122, 0.2273 -0.4047 1.122, 0.2273 -0.4054 1.122, 0.2343 -0.4494 1.122, 0.2384 -0.4763 1.122, 0.2343 -0.4402 1.122, 0.2273 -0.4146 1.122, 0.2273 -0.4402 1.122, 0.2057 -0.4146 1.122, 0.2057 -0.4402 1.122, 0.1954 -0.4854 1.122, 0.1907 -0.5096 1.122, 0.2273 -0.4854 1.122, 0.2273 -0.5096 1.122, 0.2384 -0.4854 1.122, 0.246 -0.5096 1.122, 0.1954 -0.4054 1.122, 0.1907 -0.4047 1.122, 0.1794 -0.4073 1.122, 0.1794 -0.4181 1.122, 0.1759 -0.4835 1.122, 0.1759 -0.5096 1.122, 0.178 -0.4828 1.122, 0.1794 -0.4821 1.122, 0.1794 -0.4722 1.122, 0.1605 -0.4133 1.122, 0.1569 -0.4135 1.122, 0.1759 -0.4737 1.122, 0.1703 -0.4145 1.122, 0.1785 -0.4176 1.122, 0.1759 -0.4166 1.122, 0.15 -0.415 1.122, 0.1437 -0.418 1.122, 0.1387 -0.4222 1.122, 0.1381 -0.4228 1.122, 0.1342 -0.4284 1.122, 0.1316 -0.4353 1.122, 0.1302 -0.4463 1.122, 0.1304 -0.4497 1.122, 0.1715 -0.4757 1.122, 0.1624 -0.4774 1.122, 0.1587 -0.4776 1.122, 0.1317 -0.4576 1.122, 0.1344 -0.464 1.122, 0.1381 -0.4691 1.122, 0.1403 -0.4712 1.122, 0.1515 -0.4768 1.122, 0.1457 -0.4748 1.122, 0.1604 -0.404 1.122, 0.123 0.4183 1.122, 0.169 -0.4047 1.122, 0.1759 0.4183 1.122, 0.1252 -0.4234 1.122, 0.131 -0.4158 1.122, 0.133 -0.4139 1.122, 0.1405 -0.4086 1.122, 0.1182 -0.4047 1.122, 0.1214 -0.4323 1.122, 0.123 -0.4285 1.122, 0.123 -0.4651 1.122, 0.121 -0.4599 1.122, 0.1182 -0.5096 1.122, 0.1194 -0.4469 1.122, 0.1195 -0.4427 1.122, 0.123 -0.5096 1.122, 0.1425 -0.4844 1.122, 0.1351 -0.4806 1.122, 0.1694 -0.4856 1.122, 0.1572 -0.4868 1.122, 0.151 -0.4864 1.122, 0.1297 -0.4758 1.122, 0.129 -0.4751 1.122, 0.1242 -0.4683 1.122, -1.437 0.9646 1.122, -1.439 0.9493 1.122, -1.4449 0.935 1.122, -1.4543 0.9228 1.122, 0.0411 1.1417 1.122, -1.437 1.1417 1.122, -1.4665 0.9134 1.122, -1.4808 0.9075 1.122, -1.4961 0.9055 1.122, -2.1457 0.9055 1.122, 0.773 1.122 1.122, 1.2795 1.1417 1.122, 1.2782 1.1315 1.122, 1.36 1.2205 1.122, 0.7793 1.1139 1.122, 0.4212 0.4183 1.122, 0.7874 1.1076 1.122, 0.7969 1.1037 1.122, 0.1182 0.4183 1.122, 0.1182 1.1417 1.122, 0.123 1.1417 1.122, 0.1759 1.1417 1.122, 0.1907 0.4183 1.122, 0.1907 1.1417 1.122, 0.2273 0.4183 1.122, 0.2273 1.1417 1.122, 0.246 0.4183 1.122, 0.246 1.1417 1.122, 0.321 0.4183 1.122, 0.321 1.1417 1.122, 0.3463 0.4183 1.122, 0.3463 1.1417 1.122, 1.2743 1.122 1.122, 1.268 1.1139 1.122, 1.2598 1.1076 1.122, 1.2504 1.1037 1.122, 1.2402 1.1024 1.122, 0.8071 1.1024 1.122, 1.3583 1.2205 1.122, 1.3379 1.2178 1.122, 1.3189 1.2099 1.122, 1.3026 1.1974 1.122, 1.2901 1.1811 1.122, 1.2822 1.1621 1.122, 2.2086 1.1614 1.122, 2.1898 1.1859 1.122, 2.1654 1.2046 1.122, 1.8307 0.4899 1.122, 1.9882 0.4899 1.122, 1.8307 0.5 1.122, 1.9882 0.5 1.122, 2.0683 0.7582 1.122, 2.0722 0.7677 1.122, 2.1063 0.5 1.122, 2.1063 0.7087 1.122, 1.6732 0.4606 1.122, 1.6746 0.4708 1.122, 1.6785 0.4803 1.122, 2.0669 0.748 1.122, 1.7126 0.5 1.122, 2.0683 0.7378 1.122, 2.0722 0.7283 1.122, 2.0785 0.7759 1.122, 2.0866 0.7821 1.122, 2.1063 1.2205 1.122, 1.6848 0.4885 1.122, 1.6929 0.4947 1.122, 1.7024 0.4987 1.122, 2.0961 0.7861 1.122, 2.1063 0.7874 1.122, 2.1369 1.2164 1.122, 2.185 0.7874 1.122, 2.0961 0.71 1.122, 2.0866 0.7139 1.122, 2.0785 0.7202 1.122, 2.2231 0.8166 1.122, 2.2244 0.8268 1.122, 2.2204 1.1329 1.122, 2.2244 1.1024 1.122, 2.1952 0.7887 1.122, 2.2047 0.7927 1.122, 2.2191 0.8071 1.122, 2.2129 0.7989 1.122, 1.6785 -0.0472 1.122, 1.6746 -0.0378 1.122, 1.36 -0.4047 1.122, 1.7024 -0.0656 1.122, 1.6929 -0.0617 1.122, 1.6848 -0.0554 1.122, 1.9882 -0.0568 1.122, 1.8307 -0.0568 1.122, 1.9882 -0.0669 1.122, 1.8307 -0.0669 1.122, 1.7126 -0.0669 1.122, 2.1063 -0.5096 1.122, 2.1063 -0.4047 1.122, 2.1063 -0.0669 1.122, 1.36 -0.6131 1.122, 2.1063 -0.6131 1.122, 1.36 -0.5096 1.122, 2.1063 -0.9055 1.122, 2.1063 -0.6448 1.122, 1.36 -0.6448 1.122, 0.1307 -0.5851 1.122, 0.1322 -0.569 1.122, 0.1287 -0.588 1.122, 0.1273 -0.5915 1.122, 0.1759 -0.6131 1.122, 0.1725 -0.6124 1.122, 0.1625 -0.6124 1.122, 0.123 -0.6131 1.122, 0.1283 -0.6051 1.122, 0.1271 -0.6017 1.122, 0.1579 -0.5545 1.122, 0.1621 -0.5558 1.122, 0.1655 -0.5577 1.122, 0.1681 -0.5603 1.122, 0.1338 -0.5825 1.122, 0.1381 -0.5803 1.122, 0.1382 -0.5651 1.122, 0.1455 -0.5785 1.122, 0.1543 -0.5625 1.122, 0.1509 -0.5621 1.122, 0.1445 -0.5628 1.122, 0.1349 -0.6117 1.122, 0.1315 -0.6093 1.122, 0.1304 -0.6082 1.122, 0.1625 -0.6036 1.122, 0.1622 -0.6036 1.122, 0.1606 -0.6061 1.122, 0.1574 -0.6095 1.122, 0.1322 -0.5593 1.122, 0.1343 -0.5581 1.122, 0.1417 -0.5552 1.122, 0.1518 -0.554 1.122, 0.1266 -0.5971 1.122, 0.1266 -0.5958 1.122, 0.1702 -0.5635 1.122, 0.1718 -0.5681 1.122, 0.1725 -0.5756 1.122, 0.1625 -0.5761 1.122, 0.1621 -0.5717 1.122, 0.1611 -0.5681 1.122, 0.1599 -0.566 1.122, 0.1584 -0.5644 1.122, 0.1566 -0.5633 1.122, 0.154 -0.6117 1.122, 0.1502 -0.6131 1.122, 0.1759 -0.6448 1.122, 0.1499 -0.6132 1.122, 0.1447 -0.6138 1.122, 0.123 -0.6448 1.122, 0.1389 -0.6131 1.122, 0.1387 -0.6131 1.122, 0.1907 -0.6121 1.122, 0.1861 -0.6104 1.122, 0.1861 -0.6001 1.122, 0.1862 -0.5707 1.122, 0.1866 -0.5671 1.122, 0.1877 -0.5777 1.122, 0.1866 -0.5746 1.122, 0.19 -0.6025 1.122, 0.1907 -0.6028 1.122, 0.1907 -0.5815 1.122, 0.189 -0.5797 1.122, 0.1907 -0.5815 1.122, 0.1924 -0.6127 1.122, 0.1907 -0.6131 1.122, 0.1957 -0.6131 1.122, 0.2016 -0.6138 1.122, 0.222 -0.5565 1.122, 0.222 -0.5662 1.122, 0.1926 -0.5585 1.122, 0.1957 -0.5566 1.122, 0.2243 -0.6009 1.122, 0.223 -0.6041 1.122, 0.2211 -0.6067 1.122, 0.1878 -0.5639 1.122, 0.1896 -0.5612 1.122, 0.1907 -0.5602 1.122, 0.2013 -0.5547 1.122, 0.2084 -0.554 1.122, 0.2153 -0.5546 1.122, 0.2214 -0.5874 1.122, 0.2232 -0.5902 1.122, 0.2243 -0.5932 1.122, 0.2247 -0.5969 1.122, 0.2183 -0.6093 1.122, 0.215 -0.6112 1.122, 0.2075 -0.5621 1.122, 0.2045 -0.5623 1.122, 0.1965 -0.5698 1.122, 0.2018 -0.563 1.122, 0.1996 -0.5642 1.122, 0.1966 -0.5711 1.122, 0.197 -0.5727 1.122, 0.1977 -0.574 1.122, 0.1987 -0.5751 1.122, 0.2022 -0.5773 1.122, 0.214 -0.5628 1.122, 0.2084 -0.58 1.122, 0.2197 -0.5649 1.122, 0.2123 -0.5816 1.122, 0.219 -0.5853 1.122, 0.198 -0.5656 1.122, 0.1972 -0.5668 1.122, 0.1967 -0.5682 1.122, 0.1963 -0.6049 1.122, 0.2014 -0.5873 1.122, 0.1954 -0.5846 1.122, 0.2026 -0.6056 1.122, 0.203 -0.6056 1.122, 0.2079 -0.5901 1.122, 0.2082 -0.605 1.122, 0.2144 -0.5979 1.122, 0.2143 -0.5966 1.122, 0.2108 -0.6041 1.122, 0.2117 -0.6035 1.122, 0.2128 -0.6025 1.122, 0.2137 -0.6012 1.122, 0.2142 -0.5998 1.122, 0.2139 -0.5951 1.122, 0.2131 -0.5937 1.122, 0.2119 -0.5924 1.122, 0.262 -0.6131 1.122, 0.2956 -0.6124 1.122, 0.2848 -0.5553 1.122, 0.2956 -0.5324 1.122, 0.2561 -0.5982 1.122, 0.2573 -0.603 1.122, 0.2576 -0.603 1.122, 0.2581 -0.601 1.122, 0.2588 -0.5983 1.122, 0.246 -0.5692 1.122, 0.2744 -0.5553 1.122, 0.246 -0.6131 1.122, 0.246 -0.5961 1.122, 0.2299 -0.5553 1.122, 0.2412 -0.5553 1.122, 0.2524 -0.6123 1.122, 0.252 -0.6131 1.122, 0.248 -0.6227 1.122, 0.2273 -0.6448 1.122, 0.232 -0.6386 1.122, 0.232 -0.6296 1.122, 0.2441 -0.6284 1.122, 0.246 -0.6264 1.122, 0.246 -0.6263 1.122, 0.2341 -0.6303 1.122, 0.2377 -0.6308 1.122, 0.246 -0.6376 1.122, 0.2425 -0.6389 1.122, 0.246 -0.6448 1.122, 0.2385 -0.6394 1.122, 0.2363 -0.6393 1.122, 0.2402 -0.6305 1.122, 0.2424 -0.6297 1.122, 0.321 -0.6448 1.122, 0.2589 -0.6211 1.122, 0.2543 -0.6299 1.122, 0.2507 -0.6343 1.122, 0.25 -0.635 1.122, 0.2465 -0.6374 1.122, 0.306 -0.6033 1.122, 0.321 -0.6033 1.122, 0.306 -0.5764 1.122, 0.321 -0.5764 1.122, 0.321 -0.5324 1.122, 0.3369 -0.5324 1.122, 0.3369 -0.5416 1.122, 0.3346 -0.5764 1.122, 0.3387 -0.6033 1.122, 0.3346 -0.5672 1.122, 0.321 -0.5416 1.122, 0.321 -0.5672 1.122, 0.306 -0.5416 1.122, 0.306 -0.5672 1.122, 0.1182 -0.6448 1.122, 0.123 -0.9055 1.122, 0.1759 -0.9055 1.122, 0.246 -0.9055 1.122, 0.321 -0.9055 1.122, 0.3463 -0.9055 1.122, 0.3463 -0.6448 1.122, 0.3463 -0.6131 1.122, 0.4212 -0.6131 1.122, 0.1182 -0.6131 1.122, 0.117 -0.6124 1.122, 0.0739 -0.6124 1.122, 0.117 -0.6033 1.122, 0.1151 -0.5416 1.122, 0.0739 -0.5324 1.122, 0.1151 -0.5324 1.122, 0.0842 -0.5764 1.122, 0.0842 -0.6033 1.122, 0.1129 -0.5764 1.122, 0.1129 -0.5672 1.122, 0.0842 -0.5672 1.122, 0.0842 -0.5416 1.122, 0.3759 -0.6124 1.122, 0.3538 -0.6124 1.122, 0.4168 -0.5859 1.122, 0.4129 -0.5942 1.122, 0.407 -0.6012 1.122, 0.3986 -0.6072 1.122, 0.3894 -0.6108 1.122, 0.3538 -0.5324 1.122, 0.3767 -0.5324 1.122, 0.3889 -0.5337 1.122, 0.3986 -0.5373 1.122, 0.407 -0.543 1.122, 0.4098 -0.5458 1.122, 0.4147 -0.5528 1.122, 0.4177 -0.5604 1.122, 0.419 -0.5714 1.122, 0.4188 -0.5765 1.122, 0.4349 -0.6124 1.122, 0.4235 -0.6124 1.122, 0.4841 -0.6124 1.122, 0.4759 -0.5905 1.122, 0.4426 -0.5905 1.122, 0.454 -0.5324 1.122, 0.465 -0.5324 1.122, 0.4955 -0.6124 1.122, 0.0842 -0.4054 1.122, 0.0842 -0.4763 1.122, 0.1161 -0.4763 1.122, 0.0739 -0.4854 1.122, 0.0739 -0.4054 1.122, 0.1161 -0.4854 1.122, 0.2536 -0.4854 1.122, 0.3185 -0.4495 1.122, 0.3166 -0.4589 1.122, 0.3126 -0.4671 1.122, 0.3067 -0.4742 1.122, 0.3145 -0.4257 1.122, 0.3174 -0.4334 1.122, 0.321 -0.4047 1.122, 0.3188 -0.4444 1.122, 0.2983 -0.4802 1.122, 0.2891 -0.4838 1.122, 0.2756 -0.4854 1.122, 0.2536 -0.4054 1.122, 0.2764 -0.4054 1.122, 0.2886 -0.4067 1.122, 0.2983 -0.4102 1.122, 0.3067 -0.416 1.122, 0.3095 -0.4187 1.122, 2.2244 -0.5556 0.746, 2.2244 -0.5413 0.7401, 2.2244 -0.0669 1.0039, 2.2244 0.2664 0.1494, 2.2244 0.2677 0.1398, 2.2244 0.2677 0.4528, 2.2244 -0.8465 0.748, 2.2244 -0.5709 0.748, 2.2244 -0.9055 0.8071, 2.2244 -0.9055 1.0039, 2.2244 0.191 0.4965, 2.2244 -0.5197 0.4232, 2.2244 -0.5291 0.411, 2.2244 0.191 0.6452, 2.2244 0.1969 0.6594, 2.2244 0.2063 0.6717, 2.2244 0.2185 0.6811, 2.2244 -0.2485 0.2145, 2.2244 -0.2343 0.2086, 2.2244 0.1902 0.1494, 2.2244 -0.222 0.1992, 2.2244 -0.2126 0.187, 2.2244 -0.2047 0.1575, 2.2244 -0.2047 0.1181, 2.2244 0.189 0.1181, 2.2244 -0.9055 0.1378, 2.2244 -0.5512 0.1378, 2.2244 -0.5512 0.1575, 2.2244 0.189 0.6299, 2.2244 -0.5118 0.689, 2.2244 -0.8976 0.7776, 2.2244 -0.8882 0.7653, 2.2244 -0.876 0.7559, 2.2244 -0.2067 0.1728, 2.2244 0.189 0.1398, 2.2244 -0.5492 0.1728, 2.2244 -0.5433 0.187, 2.2244 -0.5339 0.1992, 2.2244 0.2185 0.4607, 2.2244 0.2063 0.4701, 2.2244 0.2167 0.1759, 2.2244 0.249 0.1722, 2.2244 0.2568 0.1662, 2.2244 0.2627 0.1585, 2.2244 -0.5291 0.7307, 2.2244 -0.5197 0.7185, 2.2244 -0.5138 0.7043, 2.2244 0.2327 0.687, 2.2244 0.248 0.689, 2.2244 0.5 1.0039, 2.2244 0.3937 0.689, 2.2244 0.7087 1.0039, 2.2244 -0.9035 0.7918, 2.2244 -0.8617 0.75, 2.2244 -0.2638 0.2165, 2.2244 0.1969 0.4823, 2.2244 -0.4921 0.2165, 2.2244 -0.5074 0.2145, 2.2244 -0.5217 0.2086, 2.2244 -0.8617 0.3917, 2.2244 -0.876 0.3858, 2.2244 -0.9055 0.3346, 2.2244 0.189 0.5118, 2.2244 -0.5118 0.4528, 2.2244 -0.5138 0.4375, 2.2244 -0.5413 0.4016, 2.2244 -0.5556 0.3957, 2.2244 -0.5709 0.3937, 2.2244 -0.8465 0.3937, 2.2244 0.194 0.1585, 2.2244 0.1999 0.1662, 2.2244 0.2077 0.1722, 2.2244 -0.8882 0.3764, 2.2244 -0.8976 0.3642, 2.2244 -0.9035 0.3499, 2.2244 0.2327 0.4548, 2.2244 0.2264 0.1772, 2.2244 0.248 0.4528, 2.2244 0.2303 0.1772, 2.2244 0.24 0.1759, -1.4961 0.9055 1.0433, -2.1457 0.9055 1.0433, -2.1762 0.9055 1.118, -2.1523 0.9055 1.0428, -2.2047 0.9055 1.1062, -2.1615 0.9055 1.04, -2.2292 0.9055 1.0875, -2.185 0.9055 0.8858, -2.2638 0.9055 0.8858, -2.185 0.9055 1.0039, -2.2638 0.9055 1.0039, -2.1845 0.9055 1.0105, -2.2598 0.9055 1.0345, -2.1817 0.9055 1.0198, -2.248 0.9055 1.063, -2.1767 0.9055 1.0281, -2.1699 0.9055 1.035, -1.4808 0.9075 1.0433, -1.4665 0.9134 1.0433, -1.4543 0.9228 1.0433, -1.4449 0.935 1.0433, -1.439 0.9493 1.0433, -1.437 0.9646 1.0433, 2.0739 0.7257 1.0433, 2.0802 0.7186 1.0433, 1.9882 0.5 1.0433, 1.3583 1.2205 1.0433, 2.1063 1.2205 1.0433, 2.088 0.7829 1.0433, 1.8307 -0.0669 1.0433, 1.8307 -0.0242 1.0433, 1.9882 -0.0242 1.0433, 2.1063 0.7087 1.0433, 2.1063 0.5 1.0433, 2.0969 0.7098 1.0433, 2.088 0.7132 1.0433, 1.8032 -0.8661 1.0433, -2.0669 -0.8661 1.0433, -2.0472 -0.8268 1.0433, 1.9882 -0.0669 1.0433, 2.1063 -0.0669 1.0433, 2.0748 -0.2756 1.0433, 2.1063 -0.8661 1.0433, 2.0748 -0.8661 1.0433, 2.2086 1.1614 1.0433, 2.2204 1.1329 1.0433, 2.2244 1.1024 1.0433, 2.0802 0.7775 1.0433, 2.0739 0.7704 1.0433, 1.3379 1.2178 1.0433, 2.0695 0.762 1.0433, 1.3189 1.2099 1.0433, 1.3026 1.1974 1.0433, 2.0672 0.7528 1.0433, 2.0672 0.7433 1.0433, 2.0695 0.7341 1.0433, 2.1898 1.1859 1.0433, 2.1654 1.2046 1.0433, 2.185 0.7874 1.0433, 2.1369 1.2164 1.0433, 2.1063 0.7874 1.0433, 2.0969 0.7863 1.0433, 1.2795 1.1417 1.0433, 1.2822 1.1621 1.0433, 1.2901 1.1811 1.0433, 1.8032 -0.2756 1.0433, 1.6848 -0.0554 1.0433, 1.6929 -0.0617 1.0433, 1.268 1.1139 1.0433, 1.2743 1.122 1.0433, 1.2782 1.1315 1.0433, -2.1142 -0.8661 1.0433, -2.1457 -0.8661 1.0433, -2.1142 0.9051 1.0433, -2.0472 0.9051 1.0433, 0.773 1.122 1.0433, 2.2047 0.7927 1.0433, 2.1952 0.7887 1.0433, 2.2244 0.8268 1.0433, 0.7793 1.1139 1.0433, 1.6785 -0.0472 1.0433, 0.7691 1.1315 1.0433, 2.2129 0.7989 1.0433, 2.2231 0.8166 1.0433, 2.2191 0.8071 1.0433, 1.9882 0.4572 1.0433, 1.8307 0.4572 1.0433, 1.8307 0.5 1.0433, 1.7126 0.5 1.0433, 1.6746 0.4708 1.0433, 0.7874 1.1076 1.0433, 1.6785 0.4803 1.0433, 0.7969 1.1037 1.0433, 1.6848 0.4885 1.0433, 0.8071 1.1024 1.0433, 1.2402 1.1024 1.0433, -1.437 1.1417 1.0433, 0.7677 1.1417 1.0433, 1.7126 -0.0669 1.0433, 1.7024 -0.0656 1.0433, 1.7024 0.4987 1.0433, 1.6929 0.4947 1.0433, 1.2598 1.1076 1.0433, 1.2504 1.1037 1.0433, 1.6732 0.4606 1.0433, 1.6732 -0.0276 1.0433, 1.6746 -0.0378 1.0433
            ]
        }
        coordIndex [
            0,1,2,-1,3,4,5,-1,6,7,8,-1,9,10,11,-1,12,13,14,-1,15,16,17,-1,18,19,20,-1,21,22,23,-1,24,25,26,-1,26,25,27,-1,28,29,30,-1,30,29,26,-1,30,26,31,-1,31,26,32,-1,27,33,26,-1,26,33,34,-1,26,34,32,-1,35,36,37,-1,37,36,38,-1,37,38,39,-1,35,37,40,-1,40,37,41,-1,40,41,42,-1,42,41,43,-1,42,43,44,-1,43,45,46,-1,46,47,43,-1,43,47,48,-1,43,48,49,-1,43,50,44,-1,44,50,51,-1,44,51,52,-1,52,51,53,-1,52,53,54,-1,49,55,43,-1,43,55,56,-1,43,56,50,-1,57,58,59,-1,59,58,60,-1,57,59,61,-1,61,59,62,-1,61,62,63,-1,60,64,59,-1,59,64,65,-1,59,65,45,-1,45,65,66,-1,45,66,46,-1,67,68,59,-1,59,68,69,-1,59,69,62,-1,70,71,72,-1,72,71,73,-1,72,73,74,-1,74,75,72,-1,72,75,76,-1,72,76,77,-1,67,59,78,-1,78,59,79,-1,78,79,77,-1,77,79,80,-1,77,80,72,-1,81,82,71,-1,71,82,83,-1,83,84,71,-1,71,84,85,-1,71,85,73,-1,86,87,88,-1,89,90,91,-1,91,90,92,-1,86,88,93,-1,94,95,96,-1,97,98,90,-1,90,98,99,-1,90,99,100,-1,28,101,29,-1,29,101,102,-1,29,102,96,-1,96,102,103,-1,96,103,94,-1,87,104,88,-1,88,104,105,-1,88,105,106,-1,107,108,109,-1,109,108,110,-1,109,110,111,-1,112,100,113,-1,113,100,114,-1,113,114,109,-1,109,114,115,-1,109,115,107,-1,112,116,100,-1,100,116,117,-1,100,117,90,-1,90,117,118,-1,90,118,92,-1,95,119,96,-1,96,119,120,-1,96,120,121,-1,122,123,124,-1,124,123,125,-1,124,125,88,-1,88,125,126,-1,88,126,93,-1,127,128,88,-1,88,128,129,-1,88,129,90,-1,90,129,130,-1,90,130,97,-1,131,132,81,-1,132,133,81,-1,81,133,134,-1,81,134,135,-1,135,136,81,-1,81,136,137,-1,81,137,138,-1,138,137,122,-1,138,122,139,-1,139,122,124,-1,106,140,88,-1,88,140,141,-1,88,141,142,-1,142,143,88,-1,88,143,144,-1,88,144,127,-1,145,146,147,-1,146,148,147,-1,147,148,149,-1,147,149,150,-1,99,147,100,-1,100,147,151,-1,100,151,152,-1,153,154,155,-1,155,154,156,-1,155,156,157,-1,153,155,99,-1,99,155,158,-1,99,158,147,-1,147,158,159,-1,147,159,145,-1,160,161,162,-1,162,161,163,-1,162,163,164,-1,150,149,165,-1,165,149,166,-1,165,166,167,-1,167,166,168,-1,167,168,169,-1,152,170,100,-1,100,170,162,-1,100,162,171,-1,171,162,164,-1,172,173,174,-1,174,173,175,-1,174,175,176,-1,176,175,177,-1,178,179,180,-1,180,179,181,-1,180,181,182,-1,183,184,185,-1,185,184,175,-1,185,175,186,-1,186,175,173,-1,187,188,189,-1,189,188,190,-1,191,192,193,-1,193,192,194,-1,193,194,195,-1,190,188,196,-1,196,188,197,-1,196,197,198,-1,191,199,200,-1,200,199,201,-1,200,201,202,-1,203,204,205,-1,205,204,206,-1,205,206,207,-1,207,206,208,-1,207,208,197,-1,195,194,209,-1,209,194,210,-1,209,210,203,-1,23,22,210,-1,210,22,211,-1,210,211,212,-1,213,214,215,-1,215,214,204,-1,215,204,216,-1,216,204,217,-1,218,219,220,-1,218,220,221,-1,203,210,204,-1,204,210,212,-1,204,212,217,-1,217,212,222,-1,217,222,220,-1,220,222,223,-1,220,223,221,-1,219,224,220,-1,220,224,225,-1,220,225,226,-1,226,227,220,-1,220,227,228,-1,220,228,229,-1,229,230,220,-1,220,230,231,-1,220,231,232,-1,232,231,233,-1,233,231,234,-1,234,231,235,-1,234,235,236,-1,236,237,234,-1,234,237,238,-1,234,238,239,-1,239,238,240,-1,19,241,242,-1,242,241,243,-1,242,243,244,-1,20,245,246,-1,246,247,20,-1,20,247,248,-1,20,248,18,-1,249,250,20,-1,20,250,251,-1,20,251,245,-1,252,253,254,-1,254,253,255,-1,254,255,249,-1,249,255,256,-1,249,256,250,-1,257,258,259,-1,213,260,214,-1,214,260,261,-1,214,261,257,-1,257,261,262,-1,257,262,258,-1,259,263,257,-1,257,263,264,-1,257,264,265,-1,266,267,37,-1,37,267,268,-1,37,268,269,-1,270,271,266,-1,269,272,37,-1,37,272,273,-1,37,273,41,-1,41,273,274,-1,41,274,275,-1,15,17,276,-1,277,278,279,-1,280,281,282,-1,282,281,283,-1,266,37,270,-1,270,37,284,-1,270,284,285,-1,285,284,242,-1,285,242,286,-1,286,242,244,-1,286,244,287,-1,287,244,288,-1,287,288,289,-1,289,288,290,-1,289,290,291,-1,291,290,292,-1,291,292,293,-1,293,292,294,-1,293,294,295,-1,295,294,296,-1,295,296,297,-1,297,296,281,-1,297,281,17,-1,17,281,280,-1,17,280,276,-1,278,298,14,-1,14,298,299,-1,14,299,300,-1,300,301,14,-1,14,301,302,-1,14,302,281,-1,281,302,303,-1,281,303,283,-1,279,304,277,-1,277,304,305,-1,277,305,306,-1,306,307,277,-1,277,307,308,-1,277,308,309,-1,310,311,312,-1,313,314,315,-1,315,314,316,-1,317,318,279,-1,316,319,320,-1,13,321,14,-1,14,321,322,-1,14,322,323,-1,324,325,326,-1,326,325,315,-1,326,315,327,-1,278,14,279,-1,279,14,324,-1,279,324,317,-1,318,328,279,-1,279,328,329,-1,279,329,330,-1,323,331,14,-1,14,331,332,-1,14,332,324,-1,324,332,333,-1,324,333,325,-1,329,334,330,-1,330,334,335,-1,330,335,336,-1,336,335,337,-1,336,337,312,-1,320,338,316,-1,316,338,339,-1,316,339,315,-1,315,339,340,-1,315,340,327,-1,341,342,337,-1,310,312,343,-1,337,342,312,-1,312,342,344,-1,312,344,343,-1,337,345,341,-1,341,345,346,-1,341,346,347,-1,347,346,348,-1,349,350,351,-1,351,350,12,-1,352,353,351,-1,351,353,354,-1,351,354,349,-1,355,356,357,-1,357,356,358,-1,357,358,351,-1,351,358,359,-1,351,359,352,-1,360,361,351,-1,351,361,362,-1,351,362,357,-1,363,364,365,-1,365,364,360,-1,366,367,368,-1,369,370,371,-1,371,370,372,-1,373,374,375,-1,376,377,378,-1,379,380,214,-1,214,380,381,-1,214,381,382,-1,369,383,370,-1,370,383,384,-1,370,384,385,-1,385,384,386,-1,387,388,386,-1,386,388,389,-1,386,389,385,-1,390,391,376,-1,376,391,392,-1,376,392,377,-1,393,394,375,-1,375,394,395,-1,375,395,396,-1,397,398,257,-1,257,398,399,-1,257,399,214,-1,214,399,400,-1,214,400,379,-1,378,401,376,-1,376,401,402,-1,376,402,257,-1,257,402,372,-1,257,372,397,-1,397,372,370,-1,382,403,214,-1,214,403,404,-1,214,404,405,-1,406,407,386,-1,386,407,408,-1,386,408,409,-1,409,410,386,-1,386,410,411,-1,386,411,387,-1,396,412,375,-1,375,412,413,-1,375,413,373,-1,373,413,414,-1,415,416,417,-1,417,416,418,-1,417,418,376,-1,376,418,419,-1,376,419,390,-1,420,421,373,-1,373,421,422,-1,423,424,214,-1,425,426,422,-1,427,428,429,-1,425,422,430,-1,426,423,422,-1,422,423,214,-1,422,214,373,-1,373,214,405,-1,373,405,374,-1,427,429,422,-1,422,429,431,-1,422,431,430,-1,432,433,434,-1,434,433,3,-1,434,3,435,-1,436,437,11,-1,438,439,204,-1,440,441,11,-1,11,441,442,-1,424,443,214,-1,214,443,444,-1,214,444,204,-1,204,444,445,-1,204,445,438,-1,439,446,204,-1,204,446,447,-1,204,447,206,-1,206,447,448,-1,206,448,436,-1,449,450,437,-1,437,450,451,-1,437,451,11,-1,11,451,452,-1,11,452,440,-1,442,453,11,-1,11,453,454,-1,11,454,9,-1,455,456,457,-1,457,456,458,-1,457,458,459,-1,457,460,455,-1,455,460,461,-1,455,461,462,-1,462,463,455,-1,455,463,464,-1,455,464,465,-1,465,464,466,-1,465,466,467,-1,467,466,468,-1,467,468,437,-1,437,468,469,-1,437,469,449,-1,470,471,459,-1,459,471,472,-1,459,472,457,-1,473,474,428,-1,428,474,475,-1,428,475,429,-1,473,476,474,-1,474,476,477,-1,474,477,478,-1,478,477,479,-1,478,480,481,-1,479,482,478,-1,478,482,483,-1,478,483,484,-1,484,485,478,-1,478,485,486,-1,478,486,480,-1,481,487,478,-1,478,487,488,-1,478,488,489,-1,490,491,492,-1,492,491,493,-1,494,495,496,-1,496,497,494,-1,494,497,498,-1,494,498,499,-1,499,498,500,-1,499,500,208,-1,501,502,11,-1,11,502,503,-1,436,11,206,-1,206,11,503,-1,206,503,208,-1,208,503,504,-1,208,504,499,-1,505,502,506,-1,506,502,501,-1,506,501,507,-1,508,509,510,-1,511,512,501,-1,501,512,513,-1,501,513,507,-1,435,3,10,-1,10,3,508,-1,10,508,11,-1,11,508,510,-1,11,510,501,-1,501,510,514,-1,501,514,515,-1,516,517,518,-1,518,517,519,-1,518,519,508,-1,508,519,520,-1,508,520,509,-1,515,521,501,-1,501,521,522,-1,501,522,511,-1,7,491,8,-1,8,491,490,-1,8,490,523,-1,523,490,524,-1,523,524,525,-1,525,526,523,-1,523,526,527,-1,523,527,518,-1,518,527,528,-1,518,528,516,-1,529,530,531,-1,531,530,532,-1,500,492,208,-1,208,492,493,-1,208,493,184,-1,184,493,533,-1,184,533,175,-1,175,533,534,-1,175,534,535,-1,532,530,536,-1,536,530,537,-1,536,537,538,-1,535,539,540,-1,540,539,541,-1,540,541,542,-1,70,543,71,-1,71,543,96,-1,71,96,81,-1,81,96,121,-1,81,121,131,-1,544,545,417,-1,417,545,414,-1,417,414,415,-1,415,414,413,-1,3,5,508,-1,508,5,546,-1,508,546,518,-1,518,546,547,-1,518,547,523,-1,548,1,549,-1,549,1,0,-1,549,0,550,-1,545,4,414,-1,414,4,3,-1,414,3,373,-1,373,3,433,-1,373,433,420,-1,420,433,432,-1,547,548,523,-1,523,548,549,-1,523,549,8,-1,8,549,550,-1,8,550,6,-1,6,550,537,-1,551,368,363,-1,363,368,367,-1,363,367,364,-1,552,553,554,-1,553,552,555,-1,555,552,254,-1,555,254,556,-1,543,552,96,-1,96,552,554,-1,96,554,29,-1,29,554,557,-1,29,557,254,-1,254,557,558,-1,254,558,556,-1,559,560,561,-1,561,560,555,-1,561,555,562,-1,562,555,556,-1,562,556,563,-1,563,556,564,-1,70,544,543,-1,543,544,417,-1,543,417,552,-1,552,417,376,-1,552,376,254,-1,254,376,257,-1,254,257,252,-1,252,257,265,-1,565,550,551,-1,551,550,0,-1,551,0,368,-1,368,0,2,-1,368,2,366,-1,565,566,550,-1,550,566,175,-1,550,175,537,-1,537,175,535,-1,537,535,538,-1,538,535,540,-1,567,568,551,-1,551,568,569,-1,569,570,551,-1,551,570,571,-1,551,571,565,-1,566,572,175,-1,175,572,573,-1,175,573,177,-1,177,573,574,-1,177,574,575,-1,575,576,177,-1,177,576,577,-1,177,577,578,-1,578,579,177,-1,177,579,580,-1,177,580,551,-1,551,580,581,-1,551,581,567,-1,582,583,551,-1,584,585,586,-1,551,583,177,-1,177,583,587,-1,177,587,588,-1,586,582,584,-1,584,582,551,-1,584,551,589,-1,589,551,363,-1,589,363,588,-1,588,363,365,-1,588,365,177,-1,590,591,592,-1,593,594,26,-1,26,594,590,-1,26,590,249,-1,249,590,592,-1,249,592,254,-1,254,592,595,-1,254,595,29,-1,29,595,593,-1,29,593,26,-1,200,198,191,-1,191,198,197,-1,191,197,192,-1,192,197,208,-1,192,208,596,-1,597,598,184,-1,184,598,599,-1,184,599,600,-1,601,602,603,-1,603,602,604,-1,600,605,184,-1,184,605,606,-1,184,606,208,-1,208,606,607,-1,208,607,596,-1,596,608,192,-1,192,608,609,-1,192,609,603,-1,603,609,610,-1,603,610,611,-1,611,612,603,-1,603,612,613,-1,603,613,601,-1,178,180,183,-1,183,180,603,-1,183,603,184,-1,184,603,604,-1,184,604,597,-1,360,351,365,-1,365,351,182,-1,365,182,177,-1,177,182,181,-1,177,181,176,-1,19,242,20,-1,20,242,284,-1,20,284,249,-1,249,284,37,-1,249,37,26,-1,26,37,39,-1,26,39,24,-1,12,14,351,-1,351,14,281,-1,351,281,182,-1,182,281,296,-1,182,296,180,-1,180,296,294,-1,180,294,603,-1,603,294,292,-1,603,292,192,-1,192,292,290,-1,192,290,194,-1,194,290,288,-1,194,288,210,-1,210,288,244,-1,210,244,23,-1,23,244,243,-1,23,243,21,-1,614,615,616,-1,617,618,619,-1,620,621,622,-1,614,616,621,-1,621,616,623,-1,621,623,622,-1,624,625,626,-1,627,628,616,-1,616,628,629,-1,616,629,630,-1,631,632,633,-1,633,632,634,-1,633,634,635,-1,636,637,638,-1,639,640,641,-1,642,627,643,-1,644,645,646,-1,635,647,633,-1,633,647,636,-1,633,636,648,-1,648,636,638,-1,641,649,639,-1,639,649,650,-1,639,650,651,-1,652,653,654,-1,655,656,619,-1,619,656,657,-1,619,657,617,-1,615,658,616,-1,616,658,659,-1,616,659,627,-1,627,659,660,-1,627,660,643,-1,630,661,616,-1,616,661,662,-1,616,662,663,-1,663,662,664,-1,663,664,665,-1,622,666,620,-1,620,666,644,-1,620,644,667,-1,667,644,646,-1,631,653,668,-1,668,653,669,-1,668,669,670,-1,670,669,624,-1,670,624,671,-1,671,624,639,-1,671,639,672,-1,672,639,651,-1,673,674,675,-1,642,643,676,-1,676,643,677,-1,676,677,624,-1,624,677,678,-1,624,678,625,-1,626,679,624,-1,624,679,680,-1,624,680,639,-1,639,680,681,-1,639,681,675,-1,675,681,682,-1,675,682,673,-1,633,683,631,-1,631,683,684,-1,631,684,653,-1,653,684,685,-1,653,685,654,-1,674,686,675,-1,675,686,687,-1,675,687,688,-1,652,654,689,-1,689,654,690,-1,689,690,691,-1,691,690,692,-1,691,692,619,-1,619,692,693,-1,619,693,655,-1,274,694,275,-1,275,694,695,-1,275,695,696,-1,696,695,697,-1,696,697,698,-1,698,697,699,-1,698,699,700,-1,701,702,703,-1,703,702,704,-1,703,704,705,-1,705,704,706,-1,705,706,707,-1,707,706,708,-1,707,708,709,-1,709,708,700,-1,709,700,710,-1,710,700,699,-1,694,274,711,-1,711,274,273,-1,711,273,712,-1,712,273,272,-1,712,272,713,-1,713,272,269,-1,713,269,714,-1,714,269,268,-1,714,268,715,-1,715,268,267,-1,715,267,716,-1,716,267,266,-1,717,718,719,-1,720,721,722,-1,723,724,725,-1,726,727,728,-1,728,727,719,-1,728,719,729,-1,729,719,718,-1,730,731,732,-1,733,734,735,-1,735,734,736,-1,735,736,737,-1,738,739,740,-1,722,741,720,-1,720,741,742,-1,720,742,743,-1,743,742,744,-1,743,744,745,-1,745,744,746,-1,744,747,746,-1,746,747,748,-1,746,748,719,-1,719,748,749,-1,719,749,717,-1,738,740,750,-1,751,752,753,-1,753,752,754,-1,753,754,721,-1,721,754,755,-1,721,755,722,-1,756,757,719,-1,719,757,758,-1,719,758,746,-1,759,760,761,-1,762,763,719,-1,719,763,764,-1,719,764,756,-1,765,766,767,-1,767,766,695,-1,767,695,768,-1,768,695,694,-1,768,694,732,-1,732,694,711,-1,732,711,730,-1,769,759,730,-1,770,771,772,-1,772,771,752,-1,772,752,740,-1,740,752,751,-1,740,751,750,-1,769,773,759,-1,759,773,774,-1,759,774,760,-1,775,713,714,-1,711,712,730,-1,730,712,713,-1,730,713,769,-1,769,713,775,-1,770,772,776,-1,776,772,777,-1,776,777,778,-1,779,780,719,-1,719,780,781,-1,719,781,762,-1,762,781,782,-1,783,784,785,-1,785,784,786,-1,785,786,787,-1,787,786,788,-1,787,788,789,-1,790,791,716,-1,716,791,775,-1,716,775,715,-1,715,775,714,-1,725,733,723,-1,723,733,735,-1,723,735,792,-1,792,735,759,-1,792,759,793,-1,793,759,761,-1,782,794,762,-1,762,794,795,-1,762,795,796,-1,796,795,787,-1,796,787,797,-1,797,787,789,-1,783,798,784,-1,784,798,799,-1,784,799,773,-1,773,799,800,-1,773,800,774,-1,
        ]
    }
}
Shape{
    appearance Appearance {
        material  Material 	{
            diffuseColor 0.25098039215686274 0.25098039215686274 0.25098039215686274
            specularColor 0.12549019607843137 0.12549019607843137 0.12549019607843137
            ambientIntensity 0.251
            transparency 0.0
            shininess 0.5
        }
    }
    geometry IndexedFaceSet {
        ccw TRUE
        solid FALSE
        coord DEF co Coordinate {
            point [
                -2.0472 0.9051 0.7283, -2.0472 0.9051 1.0433, -2.0472 0.1968 0.7283, -2.0472 -0.8268 1.0433, -2.0472 0.0394 0.6496, -2.0472 -0.8268 0.6496, -1.811 0.8661 0.7283, -1.8504 0.9055 0.7283, -1.8504 0.9051 0.7283, -1.7323 0.1968 0.7283, -1.7323 0.6693 0.7283, -1.811 0.6693 0.7283, -1.811 0.8661 0.1299, -1.8504 0.9055 0.1299, -1.811 0.6693 0.1299, -1.7323 0.6693 0.1299, -1.7323 0.4724 0.1299, -1.9567 0.4724 0.1299, -1.9567 0.9051 0.1299, -1.8504 0.9051 0.1299, -1.9567 0.9051 0.0827, -1.9567 0.4724 0.0827, -2.1181 0.6299 0.0827, -2.1181 0.9051 0.0827, -2.063 0.6299 0.0827, -2.063 0.2362 0.0827, -1.8819 0.4724 0.0827, -2.1181 -0.9055 0.0827, -2.1181 0.2362 0.0827, -2.0157 -0.9055 0.0827, -1.8819 -0.9055 0.0827, -2.1732 0.9051 0.1378, -2.1339 0.6299 0.0984, -2.1339 0.2362 0.0984, -2.1732 -0.9055 0.1378, -2.1437 -0.9055 0.1083, -2.1732 -0.7087 0.7283, -2.1732 -0.9055 0.7283, -2.1732 -0.9055 0.9843, -2.1732 0.0394 0.4626, -2.1732 0.6299 0.4626, -2.1732 0.9051 0.9843, -2.1732 -0.9055 0.4134, -2.1732 -0.5512 0.4134, -2.1732 -0.5118 0.4528, -2.1732 0.0394 0.7579, -2.1732 -0.5118 0.6693, -2.1732 -0.5512 0.7087, -2.1732 0.6299 0.7579, -2.1732 -0.689 0.7087, -2.1142 0.9051 1.0433, -2.1142 -0.8661 1.0433, -2.1142 -0.9055 1.0433
            ]
        }
        coordIndex [
            0,1,2,-1,2,1,3,-1,2,3,4,-1,4,3,5,-1,6,7,8,-1,9,10,2,-1,2,10,11,-1,6,8,11,-1,11,8,0,-1,11,0,2,-1,12,13,6,-1,6,13,7,-1,14,15,16,-1,16,17,14,-1,14,17,18,-1,14,18,12,-1,12,18,19,-1,12,19,13,-1,18,17,20,-1,20,17,21,-1,22,23,24,-1,24,23,20,-1,24,20,25,-1,25,20,21,-1,25,21,26,-1,27,28,29,-1,29,28,25,-1,29,25,30,-1,30,25,26,-1,31,23,22,-1,22,32,31,-1,31,32,33,-1,31,33,34,-1,34,33,35,-1,35,33,28,-1,35,28,27,-1,36,37,38,-1,34,39,31,-1,31,39,40,-1,31,40,41,-1,34,42,43,-1,34,43,39,-1,39,43,44,-1,39,44,45,-1,45,44,46,-1,45,46,47,-1,40,48,41,-1,41,48,45,-1,41,45,38,-1,38,45,47,-1,38,47,36,-1,36,47,49,-1,50,41,51,-1,51,41,38,-1,51,38,52,-1,
        ]
    }
}
Shape{
    appearance Appearance {
        material  Material 	{
            diffuseColor 0.7529411764705882 0.7529411764705882 0.7529411764705882
            specularColor 0.3764705882352941 0.3764705882352941 0.3764705882352941
            ambientIntensity 0.7529
            transparency 0.0
            shininess 0.5
        }
    }
    geometry IndexedFaceSet {
        ccw TRUE
        solid FALSE
        coord DEF co Coordinate {
            point [
                -2.1523 -0.8656 1.0427, -2.1523 0.9055 1.0428, -2.1457 -0.8661 1.0433, -2.1457 0.9055 1.0433, -2.185 -0.8661 1.0039, -2.185 0.9055 1.0039, -2.1845 -0.8656 1.0105, -2.1845 0.9055 1.0105, -2.1845 -0.8656 1.0106, -2.1826 -0.8637 1.0177, -2.1817 0.9055 1.0198, -2.1815 -0.8626 1.0198, -2.1767 0.9055 1.0281, -2.1765 -0.8577 1.028, -2.179 -0.8601 1.025, -2.1615 0.9055 1.04, -2.1666 -0.8601 1.0373, -2.1699 0.9055 1.035, -2.1697 -0.8576 1.0348, -2.1735 -0.8546 1.0318, -2.1526 -0.8655 1.0427, -2.1595 -0.8637 1.0408, -2.1615 -0.8627 1.0398, -2.185 -0.5138 0.7043, -2.185 -0.5197 0.7185, -2.185 -0.5291 0.7307, -2.185 -0.8661 0.748, -2.185 -0.5709 0.748, -2.185 -0.5556 0.746, -2.185 -0.5413 0.7401, -2.185 -0.5291 0.411, -2.185 -0.5413 0.4016, -2.185 0.4291 0.1181, -2.185 -0.5556 0.3957, -2.185 -0.8661 0.1181, -2.185 -0.5709 0.3937, -2.185 -0.8661 0.3937, -2.185 -0.5118 0.6693, -2.185 0.0446 0.7677, -2.185 0.0407 0.7772, -2.185 0.0394 0.7874, -2.185 0.0407 0.7976, -2.185 0.0446 0.8071, -2.185 0.0509 0.8152, -2.185 0.0394 0.4331, -2.185 0.0407 0.4433, -2.185 0.0446 0.4528, -2.185 0.0509 0.4609, -2.185 0.0787 0.4724, -2.185 0.0984 0.4724, -2.185 0.0984 0.748, -2.185 0.059 0.4672, -2.185 0.0685 0.7494, -2.185 0.059 0.7533, -2.185 0.0509 0.7596, -2.185 0.8617 0.8288, -2.185 0.876 0.8347, -2.185 0.8465 0.8268, -2.185 0.0787 0.8268, -2.185 0.059 0.399, -2.185 0.0509 0.4052, -2.185 0.0446 0.4134, -2.185 -0.5197 0.4232, -2.185 0.0407 0.4229, -2.185 -0.5138 0.4375, -2.185 -0.5118 0.4528, -2.185 0.0685 0.4711, -2.185 0.0787 0.748, -2.185 -0.5118 0.689, -2.185 0.3996 0.3858, -2.185 0.3854 0.3917, -2.185 0.4118 0.3764, -2.185 0.3701 0.3937, -2.185 0.4212 0.3642, -2.185 0.8882 0.8441, -2.185 0.8976 0.8563, -2.185 0.9035 0.8705, -2.185 0.0685 0.395, -2.185 0.0787 0.3937, -2.185 0.4291 0.3346, -2.185 0.4271 0.3499, -2.185 0.059 0.8215, -2.185 0.0685 0.8254, -2.185 0.9055 0.8858, -2.2638 0.9055 0.8858, -2.2638 0.9035 0.8705, -2.2638 0.8976 0.8563, -2.2638 0.8882 0.8441, -2.2638 0.876 0.8347, -2.2638 0.8617 0.8288, -2.2638 0.8465 0.8268, -2.2638 0.0407 0.4229, -2.2638 0.0446 0.4134, -2.2638 -0.9055 0.1181, -2.2638 0.0509 0.4052, -2.2638 -0.9055 0.3937, -2.2638 -0.5709 0.3937, -2.2638 -0.5556 0.3957, -2.2638 -0.5413 0.4016, -2.2638 -0.5291 0.411, -2.2638 0.059 0.4672, -2.2638 0.0509 0.4609, -2.2638 0.0685 0.7494, -2.2638 0.059 0.399, -2.2638 0.0685 0.395, -2.2638 0.4291 0.1181, -2.2638 0.0787 0.3937, -2.2638 0.4291 0.3346, -2.2638 0.3701 0.3937, -2.2638 0.4271 0.3499, -2.2638 0.9055 1.0039, -2.2638 -0.9055 1.0039, -2.2638 0.0787 0.8268, -2.2638 0.0685 0.8254, -2.2638 0.059 0.8215, -2.2638 0.0509 0.8152, -2.2638 0.0446 0.8071, -2.2638 -0.5291 0.7307, -2.2638 -0.5197 0.7185, -2.2638 -0.5138 0.7043, -2.2638 0.0446 0.4528, -2.2638 -0.5118 0.689, -2.2638 0.0407 0.4433, -2.2638 -0.5118 0.4528, -2.2638 0.0394 0.4331, -2.2638 -0.5138 0.4375, -2.2638 -0.5197 0.4232, -2.2638 0.3996 0.3858, -2.2638 0.4118 0.3764, -2.2638 0.4212 0.3642, -2.2638 -0.5413 0.7401, -2.2638 -0.5556 0.746, -2.2638 -0.5709 0.748, -2.2638 -0.9055 0.748, -2.2638 0.0407 0.7772, -2.2638 0.0394 0.7874, -2.2638 0.0407 0.7976, -2.2638 0.3854 0.3917, -2.2638 0.0446 0.7677, -2.2638 0.0509 0.7596, -2.2638 0.059 0.7533, -2.2638 0.0984 0.748, -2.2638 0.0984 0.4724, -2.2638 0.0787 0.748, -2.2638 0.0787 0.4724, -2.2638 0.0685 0.4711, -2.2598 -0.9055 1.0345, -2.2598 0.9055 1.0345, -2.248 -0.9055 1.063, -2.248 0.9055 1.063, -2.2292 -0.9055 1.0875, -2.2292 0.9055 1.0875, -2.2047 -0.9055 1.1062, -2.2047 0.9055 1.1062, -2.1762 -0.9055 1.118, -2.1762 0.9055 1.118, -2.1457 -0.9055 1.122, -2.1457 0.9055 1.122, -1.437 0.9646 1.0433, -1.437 0.9646 1.122, -1.437 1.1417 1.0433, -1.437 1.1417 1.122, -1.437 1.1519 1.042, -1.437 1.1723 1.118, -1.437 1.1614 1.038, -1.437 1.2008 1.1062, -1.437 1.1696 1.0318, -1.437 1.2252 1.0875, -1.437 1.1758 1.0236, -1.437 1.244 1.063, -1.437 1.1798 1.0141, -1.437 1.2558 1.0345, -1.437 1.1811 1.0039, -1.437 1.2598 1.0039, -1.437 1.1811 0.8268, -1.437 1.2598 0.8268, -2.2244 -0.9055 0.748, -2.2244 -0.9055 1.0827, 2.185 -0.9055 0.8071, 2.2244 -0.9055 0.8071, 2.185 -0.9055 1.0827, 2.2244 -0.9055 1.0039, 2.2204 -0.9055 1.0345, 2.1654 -0.9055 1.1062, 2.1369 -0.9055 1.118, 2.1063 -0.9055 1.122, 2.2086 -0.9055 1.063, 2.1898 -0.9055 1.0875, 2.1063 -0.0669 1.122, 2.1369 -0.0669 1.118, 2.1654 -0.0669 1.1062, 2.1898 -0.0669 1.0875, 2.2086 -0.0669 1.063, 2.2204 -0.0669 1.0345, 2.2244 -0.0669 1.0039, 2.1457 -0.0669 1.0039, 2.1451 -0.0669 1.0105, 2.1423 -0.0669 1.0198, 1.9882 -0.0669 1.0433, 1.9882 -0.0669 1.122, 2.1063 -0.0669 1.0433, 2.1129 -0.0669 1.0428, 2.1222 -0.0669 1.04, 2.1305 -0.0669 1.035, 2.1374 -0.0669 1.0281, 1.9882 -0.0568 1.122, 1.9882 -0.0242 1.0433, 1.9882 -0.0262 1.118, 1.9882 0.0641 1.0539, 1.9882 0.052 0.9979, 1.9882 0.0831 1.046, 1.9882 0.0773 0.9902, 1.9882 0.1035 1.0433, 1.9882 0.1035 0.9876, 1.9882 0.3296 1.0433, 1.9882 0.3296 0.9876, 1.9882 0.35 1.046, 1.9882 0.3644 0.9922, 1.9882 0.369 1.0539, 1.9882 0.3968 1.0056, 1.9882 0.3853 1.0664, 1.9882 0.0478 1.0664, 1.9882 0.0084 1.027, 1.9882 0.0288 1.0103, 1.9882 0.0023 1.1062, 1.9882 -0.014 1.042, 1.9882 0.0267 1.0875, 1.9882 -0.0045 1.038, 1.9882 0.0037 1.0318, 1.9882 0.4246 1.027, 1.9882 0.4294 1.0318, 1.9882 0.4063 1.0875, 1.9882 0.4354 1.0367, 1.9882 0.4242 1.1021, 1.9882 0.4422 1.0403, 1.9882 0.4447 1.1131, 1.9882 0.4496 1.0426, 1.9882 0.4572 1.0433, 1.9882 0.4668 1.1198, 1.9882 0.5 1.0433, 1.9882 0.4899 1.122, 1.9882 0.5 1.122, 1.8307 -0.0568 1.122, 1.8307 -0.0262 1.118, 1.8307 0.0023 1.1062, 1.8307 0.0267 1.0875, 1.8307 0.0831 1.046, 1.8307 0.052 0.9979, 1.8307 0.0641 1.0539, 1.8307 0.0288 1.0103, 1.8307 0.0478 1.0664, 1.8307 0.0084 1.027, 1.8307 0.0037 1.0318, 1.8307 -0.0045 1.038, 1.8307 -0.014 1.042, 1.8307 -0.0242 1.0433, 1.8307 -0.0669 1.0433, 1.8307 -0.0669 1.122, 1.8307 0.4899 1.122, 1.8307 0.5 1.122, 1.8307 0.5 1.0433, 1.8307 0.4668 1.1198, 1.8307 0.4572 1.0433, 1.8307 0.4447 1.1131, 1.8307 0.4496 1.0426, 1.8307 0.4242 1.1021, 1.8307 0.4422 1.0403, 1.8307 0.4063 1.0875, 1.8307 0.4354 1.0367, 1.8307 0.3853 1.0664, 1.8307 0.4294 1.0318, 1.8307 0.4246 1.027, 1.8307 0.369 1.0539, 1.8307 0.3968 1.0056, 1.8307 0.35 1.046, 1.8307 0.3644 0.9922, 1.8307 0.3296 1.0433, 1.8307 0.3296 0.9876, 1.8307 0.1035 1.0433, 1.8307 0.1035 0.9876, 1.8307 0.0773 0.9902, 1.7126 -0.0669 1.122, 1.7126 -0.0669 1.0433, 1.7024 -0.0656 1.122, 1.7024 -0.0656 1.0433, 1.6929 -0.0617 1.122, 1.6929 -0.0617 1.0433, 1.6848 -0.0554 1.122, 1.6848 -0.0554 1.0433, 1.6785 -0.0472 1.122, 1.6785 -0.0472 1.0433, 1.6746 -0.0378 1.122, 1.6746 -0.0378 1.0433, 1.6732 -0.0276 1.122, 1.6732 -0.0276 1.0433, 1.6732 0.4606 1.122, 1.6732 0.4606 1.0433, 1.6746 0.4708 1.122, 1.6746 0.4708 1.0433, 1.6785 0.4803 1.122, 1.6785 0.4803 1.0433, 1.6848 0.4885 1.122, 1.6848 0.4885 1.0433, 1.6929 0.4947 1.122, 1.6929 0.4947 1.0433, 1.7024 0.4987 1.122, 1.7024 0.4987 1.0433, 1.7126 0.5 1.122, 1.7126 0.5 1.0433, 2.1457 0.5 1.0039, 2.2244 0.5 1.0039, 2.1443 0.5 1.0141, 2.2204 0.5 1.0345, 2.1404 0.5 1.0236, 2.2086 0.5 1.063, 2.1341 0.5 1.0318, 2.1898 0.5 1.0875, 2.126 0.5 1.038, 2.1654 0.5 1.1062, 2.1165 0.5 1.042, 2.1369 0.5 1.118, 2.1063 0.5 1.0433, 2.1063 0.5 1.122, 2.1063 0.7087 1.122, 2.1369 0.7087 1.118, 2.1654 0.7087 1.1062, 2.1898 0.7087 1.0875, 2.2086 0.7087 1.063, 2.2204 0.7087 1.0345, 2.2244 0.7087 1.0039, 2.1063 0.7087 1.0433, 2.0969 0.7098 1.122, 2.0969 0.7098 1.0433, 2.088 0.7132 1.122, 2.088 0.7132 1.0433, 2.0802 0.7186 1.122, 2.0802 0.7186 1.0433, 2.0739 0.7257 1.122, 2.0739 0.7257 1.0433, 2.0695 0.7341 1.122, 2.0695 0.7341 1.0433, 2.0672 0.7433 1.122, 2.0672 0.7433 1.0433, 2.0672 0.7528 1.122, 2.0672 0.7528 1.0433, 2.0695 0.762 1.122, 2.0695 0.762 1.0433, 2.0739 0.7704 1.122, 2.0739 0.7704 1.0433, 2.0802 0.7775 1.122, 2.0802 0.7775 1.0433, 2.088 0.7829 1.122, 2.088 0.7829 1.0433, 2.0969 0.7863 1.122, 2.0969 0.7863 1.0433, 2.1063 0.7874 1.122, 2.1063 0.7874 1.0433, 2.185 0.7874 1.122, 2.185 0.7874 1.0433, 2.1952 0.7887 1.0433, 2.1952 0.7887 1.122, 2.2047 0.7927 1.0433, 2.2047 0.7927 1.122, 2.2129 0.7989 1.0433, 2.2129 0.7989 1.122, 2.2191 0.8071 1.0433, 2.2191 0.8071 1.122, 2.2231 0.8166 1.0433, 2.2231 0.8166 1.122, 2.2244 0.8268 1.0433, 2.2244 0.8268 1.122, 2.2244 1.1024 1.0433, 2.2244 1.1024 1.122, 2.2204 1.1329 1.0433, 2.2204 1.1329 1.122, 2.2086 1.1614 1.0433, 2.2086 1.1614 1.122, 2.1898 1.1859 1.0433, 2.1898 1.1859 1.122, 2.1654 1.2046 1.0433, 2.1654 1.2046 1.122, 2.1369 1.2164 1.0433, 2.1369 1.2164 1.122, 2.1063 1.2205 1.0433, 2.1063 1.2205 1.122, 1.3583 1.2205 1.122, 1.3583 1.2205 1.0433, 1.3379 1.2178 1.0433, 1.3379 1.2178 1.122, 1.3189 1.2099 1.0433, 1.3189 1.2099 1.122, 1.3026 1.1974 1.0433, 1.3026 1.1974 1.122, 1.2901 1.1811 1.0433, 1.2901 1.1811 1.122, 1.2822 1.1621 1.0433, 1.2822 1.1621 1.122, 1.2795 1.1417 1.0433, 1.2795 1.1417 1.122, 1.2782 1.1315 1.122, 1.2782 1.1315 1.0433, 1.2743 1.122 1.122, 1.2743 1.122 1.0433, 1.268 1.1139 1.122, 1.268 1.1139 1.0433, 1.2598 1.1076 1.122, 1.2598 1.1076 1.0433, 1.2504 1.1037 1.122, 1.2504 1.1037 1.0433, 1.2402 1.1024 1.122, 1.2402 1.1024 1.0433, 0.8071 1.1024 1.122, 0.8071 1.1024 1.0433, 0.7969 1.1037 1.122, 0.7969 1.1037 1.0433, 0.7874 1.1076 1.122, 0.7874 1.1076 1.0433, 0.7793 1.1139 1.122, 0.7793 1.1139 1.0433, 0.773 1.122 1.122, 0.773 1.122 1.0433, 0.7691 1.1315 1.122, 0.7691 1.1315 1.0433, 0.7677 1.1417 1.122, 0.7677 1.1417 1.0433, 0.7677 1.2598 1.0039, 0.7677 1.2558 1.0345, 0.7677 1.244 1.063, 0.7677 1.2252 1.0875, 0.7677 1.2008 1.1062, 0.7677 1.1723 1.118, 2.1341 -0.8546 1.0318, 2.1304 -0.8577 1.0348, 2.1063 -0.8661 1.0433, 2.1129 -0.8656 1.0427, 2.1129 -0.8656 1.0427, 2.12 -0.8637 1.0408, 2.1221 -0.8626 1.0398, 2.1273 -0.8601 1.0373, 2.1372 -0.8576 1.028, 2.1397 -0.8601 1.0248, 2.1422 -0.8627 1.0198, 2.1432 -0.8637 1.0177, 2.1451 -0.8655 1.0109, 2.1451 -0.8656 1.0105, 2.1457 -0.8661 1.0039, -2.1142 -0.8661 1.0433, -2.0669 -0.8661 1.0433, 1.8032 -0.8661 1.0433, 2.0748 -0.8661 1.0433
            ]
        }
        coordIndex [
            0,1,2,-1,2,1,3,-1,4,5,6,-1,6,5,7,-1,6,7,8,-1,8,7,9,-1,9,7,10,-1,9,10,11,-1,12,13,10,-1,10,13,14,-1,10,14,11,-1,15,16,17,-1,17,16,18,-1,17,18,12,-1,12,18,19,-1,12,19,13,-1,0,20,1,-1,1,20,21,-1,1,21,15,-1,15,21,22,-1,15,22,16,-1,23,5,24,-1,24,5,25,-1,26,27,4,-1,4,27,28,-1,4,28,5,-1,5,28,29,-1,5,29,25,-1,30,31,32,-1,32,31,33,-1,32,33,34,-1,34,33,35,-1,34,35,36,-1,37,38,39,-1,40,41,23,-1,23,41,42,-1,23,42,43,-1,44,45,37,-1,37,45,46,-1,37,46,47,-1,48,49,50,-1,51,52,47,-1,47,52,53,-1,47,53,37,-1,37,53,54,-1,37,54,38,-1,55,56,57,-1,57,56,58,-1,59,60,30,-1,30,60,61,-1,30,61,62,-1,62,61,63,-1,62,63,64,-1,64,63,44,-1,64,44,65,-1,65,44,37,-1,51,66,52,-1,52,66,48,-1,52,48,67,-1,67,48,50,-1,40,23,39,-1,39,23,68,-1,39,68,37,-1,69,70,71,-1,71,70,72,-1,71,72,73,-1,56,74,58,-1,58,74,75,-1,58,75,76,-1,59,30,77,-1,77,30,32,-1,77,32,78,-1,78,32,79,-1,78,79,72,-1,72,79,80,-1,72,80,73,-1,43,81,23,-1,23,81,82,-1,23,82,5,-1,5,82,58,-1,5,58,83,-1,83,58,76,-1,84,83,76,-1,84,76,85,-1,85,76,75,-1,85,75,86,-1,86,75,74,-1,86,74,87,-1,87,74,56,-1,87,56,88,-1,88,56,55,-1,88,55,89,-1,89,55,57,-1,89,57,90,-1,91,92,93,-1,93,92,94,-1,95,96,93,-1,93,96,97,-1,93,97,91,-1,91,97,98,-1,91,98,99,-1,100,101,102,-1,94,103,93,-1,93,103,104,-1,93,104,105,-1,105,104,106,-1,105,106,107,-1,107,106,108,-1,107,108,109,-1,110,84,111,-1,111,84,112,-1,111,112,113,-1,113,114,111,-1,111,114,115,-1,111,115,116,-1,117,116,118,-1,118,116,119,-1,101,120,121,-1,121,120,122,-1,121,122,123,-1,123,122,124,-1,123,124,125,-1,125,124,91,-1,125,91,126,-1,126,91,99,-1,127,128,129,-1,117,130,116,-1,116,130,131,-1,116,131,111,-1,111,131,132,-1,111,132,133,-1,134,121,135,-1,135,121,119,-1,135,119,136,-1,136,119,116,-1,109,108,129,-1,129,108,137,-1,129,137,127,-1,85,86,84,-1,84,86,87,-1,84,87,88,-1,134,138,121,-1,121,138,139,-1,121,139,101,-1,101,139,140,-1,101,140,102,-1,141,142,143,-1,143,142,144,-1,143,144,102,-1,102,144,145,-1,102,145,100,-1,88,89,84,-1,84,89,90,-1,84,90,112,-1,110,111,146,-1,110,146,147,-1,147,146,148,-1,147,148,149,-1,149,148,150,-1,149,150,151,-1,151,150,152,-1,151,152,153,-1,153,152,154,-1,153,154,155,-1,155,154,156,-1,155,156,157,-1,158,159,160,-1,160,159,161,-1,160,161,162,-1,162,161,163,-1,162,163,164,-1,164,163,165,-1,164,165,166,-1,166,165,167,-1,166,167,168,-1,168,167,169,-1,168,169,170,-1,170,169,171,-1,170,171,172,-1,172,171,173,-1,172,173,174,-1,174,173,175,-1,133,176,111,-1,111,176,177,-1,111,177,146,-1,146,177,148,-1,178,179,180,-1,180,179,181,-1,180,181,182,-1,183,184,180,-1,180,184,185,-1,180,185,177,-1,177,185,156,-1,177,156,154,-1,182,186,180,-1,180,186,187,-1,180,187,183,-1,154,152,177,-1,177,152,150,-1,177,150,148,-1,188,185,184,-1,188,184,189,-1,189,184,183,-1,189,183,190,-1,190,183,187,-1,190,187,191,-1,191,187,186,-1,191,186,192,-1,192,186,182,-1,192,182,193,-1,193,182,181,-1,193,181,194,-1,194,195,193,-1,193,195,196,-1,193,196,192,-1,192,196,197,-1,192,197,191,-1,198,199,200,-1,200,199,188,-1,200,188,201,-1,201,188,189,-1,201,189,202,-1,202,189,190,-1,202,190,203,-1,203,190,191,-1,203,191,204,-1,204,191,197,-1,199,198,205,-1,205,198,206,-1,205,206,207,-1,208,209,210,-1,210,209,211,-1,210,211,212,-1,212,211,213,-1,212,213,214,-1,214,213,215,-1,214,215,216,-1,216,215,217,-1,216,217,218,-1,218,217,219,-1,218,219,220,-1,221,222,208,-1,208,222,223,-1,208,223,209,-1,207,206,224,-1,224,206,225,-1,224,225,226,-1,226,225,227,-1,226,227,221,-1,221,227,228,-1,221,228,222,-1,219,229,220,-1,220,229,230,-1,220,230,231,-1,231,230,232,-1,231,232,233,-1,233,232,234,-1,233,234,235,-1,234,236,235,-1,235,236,237,-1,235,237,238,-1,238,237,239,-1,238,239,240,-1,240,239,241,-1,242,205,207,-1,242,207,243,-1,243,207,224,-1,243,224,244,-1,244,224,226,-1,244,226,245,-1,246,247,248,-1,248,247,249,-1,248,249,250,-1,249,251,250,-1,250,251,252,-1,250,252,245,-1,245,252,253,-1,245,253,244,-1,244,253,254,-1,244,254,243,-1,243,254,255,-1,243,255,242,-1,242,255,256,-1,242,256,257,-1,258,259,260,-1,258,260,261,-1,261,260,262,-1,261,262,263,-1,263,262,264,-1,263,264,265,-1,265,264,266,-1,265,266,267,-1,267,266,268,-1,267,268,269,-1,268,270,269,-1,269,270,271,-1,269,271,272,-1,272,271,273,-1,272,273,274,-1,274,273,275,-1,274,275,276,-1,276,275,277,-1,276,277,278,-1,278,277,279,-1,278,279,246,-1,246,279,280,-1,246,280,247,-1,281,257,282,-1,282,257,256,-1,281,282,283,-1,283,282,284,-1,283,284,285,-1,285,284,286,-1,285,286,287,-1,287,286,288,-1,287,288,289,-1,289,288,290,-1,289,290,291,-1,291,290,292,-1,291,292,293,-1,293,292,294,-1,293,294,295,-1,295,294,296,-1,295,296,297,-1,297,296,298,-1,297,298,299,-1,299,298,300,-1,299,300,301,-1,301,300,302,-1,301,302,303,-1,303,302,304,-1,303,304,305,-1,305,304,306,-1,305,306,307,-1,307,306,308,-1,308,260,307,-1,307,260,259,-1,240,258,261,-1,240,261,238,-1,238,261,263,-1,238,263,235,-1,235,263,265,-1,235,265,233,-1,233,265,267,-1,233,267,231,-1,309,310,311,-1,311,310,312,-1,311,312,313,-1,313,312,314,-1,313,314,315,-1,315,314,316,-1,315,316,317,-1,317,316,318,-1,317,318,319,-1,319,318,320,-1,319,320,321,-1,321,320,322,-1,321,322,239,-1,239,322,241,-1,323,322,320,-1,323,320,324,-1,324,320,318,-1,324,318,325,-1,325,318,316,-1,325,316,326,-1,326,316,314,-1,326,314,327,-1,327,314,312,-1,327,312,328,-1,328,312,310,-1,328,310,329,-1,323,330,331,-1,331,330,332,-1,331,332,333,-1,333,332,334,-1,333,334,335,-1,335,334,336,-1,335,336,337,-1,337,336,338,-1,337,338,339,-1,339,338,340,-1,339,340,341,-1,341,340,342,-1,341,342,343,-1,343,342,344,-1,343,344,345,-1,345,344,346,-1,345,346,347,-1,347,346,348,-1,347,348,349,-1,349,348,350,-1,349,350,351,-1,351,350,352,-1,351,352,353,-1,353,352,354,-1,353,354,355,-1,355,354,356,-1,355,356,357,-1,357,356,358,-1,357,358,359,-1,357,359,360,-1,360,359,361,-1,360,361,362,-1,362,361,363,-1,362,363,364,-1,364,363,365,-1,364,365,366,-1,366,365,367,-1,366,367,368,-1,368,367,369,-1,368,369,370,-1,369,371,370,-1,370,371,372,-1,372,371,373,-1,372,373,374,-1,374,373,375,-1,374,375,376,-1,376,375,377,-1,376,377,378,-1,378,377,379,-1,378,379,380,-1,380,379,381,-1,380,381,382,-1,382,381,383,-1,382,383,384,-1,384,383,385,-1,385,383,386,-1,385,386,387,-1,385,387,388,-1,388,387,389,-1,388,389,390,-1,390,389,391,-1,390,391,392,-1,392,391,393,-1,392,393,394,-1,394,393,395,-1,394,395,396,-1,396,395,397,-1,396,397,398,-1,398,397,399,-1,399,397,400,-1,399,400,401,-1,401,400,402,-1,401,402,403,-1,403,402,404,-1,403,404,405,-1,405,404,406,-1,405,406,407,-1,407,406,408,-1,407,408,409,-1,409,408,410,-1,409,410,411,-1,411,410,412,-1,411,412,413,-1,413,412,414,-1,413,414,415,-1,415,414,416,-1,415,416,417,-1,417,416,418,-1,417,418,419,-1,419,418,420,-1,419,420,421,-1,421,420,422,-1,421,422,423,-1,423,422,424,-1,425,173,171,-1,425,171,426,-1,426,171,169,-1,426,169,427,-1,427,169,167,-1,427,167,428,-1,428,167,165,-1,428,165,429,-1,429,165,163,-1,429,163,430,-1,430,163,161,-1,430,161,423,-1,230,270,232,-1,232,270,268,-1,232,268,234,-1,234,268,266,-1,234,266,236,-1,236,266,264,-1,236,264,237,-1,237,264,262,-1,252,228,253,-1,253,228,227,-1,253,227,254,-1,254,227,225,-1,254,225,255,-1,255,225,206,-1,431,432,203,-1,433,200,434,-1,434,200,201,-1,434,201,435,-1,435,201,436,-1,436,201,202,-1,436,202,437,-1,203,432,202,-1,202,432,438,-1,202,438,437,-1,431,203,439,-1,439,203,204,-1,439,204,440,-1,440,204,197,-1,440,197,441,-1,441,197,442,-1,442,197,196,-1,442,196,443,-1,443,196,444,-1,444,196,195,-1,444,195,445,-1,432,431,180,-1,436,437,180,-1,180,437,438,-1,180,438,432,-1,16,177,18,-1,18,177,19,-1,16,22,177,-1,177,22,21,-1,177,21,20,-1,20,0,177,-1,177,0,2,-1,177,2,446,-1,433,434,180,-1,180,434,435,-1,180,435,436,-1,446,447,177,-1,177,447,448,-1,177,448,180,-1,180,448,449,-1,180,449,433,-1,
        ]
    }
}
Shape{
    appearance Appearance {
        material  Material 	{
            diffuseColor 0.25098039215686274 0.25098039215686274 0.25098039215686274
            specularColor 0.12549019607843137 0.12549019607843137 0.12549019607843137
            ambientIntensity 0.251
            transparency 0.0
            shininess 0.5
        }
    }
    geometry IndexedFaceSet {
        ccw TRUE
        solid FALSE
        coord DEF co Coordinate {
            point [
                2.0748 -0.9055 1.0433, 2.1339 -0.9055 0.9843, 2.0748 -0.8661 1.0433, 2.1339 -0.2756 0.9843, 2.0748 -0.2756 1.0433, 2.1339 -0.2756 0.6496, 1.8898 -0.2756 0.6496, 1.8898 -0.2756 0.9646, 1.8307 -0.2756 0.9252, 1.8032 -0.2756 0.9252, 1.8307 -0.2756 0.9646, 1.8032 -0.2756 1.0433, 1.8032 -0.8661 1.0433, 1.8032 -0.9055 0.9252, 1.8032 -0.9055 1.0433, -2.0866 -0.9055 1.0433, -2.0866 -0.9055 0.6102, -2.0669 -0.8661 1.0433, -2.0472 -0.8268 0.6496, -2.0472 -0.8268 1.0433
            ]
        }
        coordIndex [
            0,1,2,-1,2,1,3,-1,2,3,4,-1,5,6,3,-1,3,6,7,-1,8,9,10,-1,10,9,11,-1,10,11,7,-1,7,11,4,-1,7,4,3,-1,11,9,12,-1,12,9,13,-1,12,13,14,-1,15,16,17,-1,17,16,18,-1,17,18,19,-1,
        ]
    }
}
Shape{
    appearance Appearance {
        material  Material 	{
            diffuseColor 0.7529411764705882 0.7529411764705882 0.7529411764705882
            specularColor 0.3764705882352941 0.3764705882352941 0.3764705882352941
            ambientIntensity 0.7529
            transparency 0.0
            shininess 0.5
        }
    }
    geometry IndexedFaceSet {
        ccw TRUE
        solid FALSE
        coord DEF co Coordinate {
            point [
                -1.437 1.1811 1.0039, 0.7677 1.1811 1.0039, -1.437 1.1798 1.0141, 0.7677 1.1798 1.0141, -1.437 1.1758 1.0236, 0.7677 1.1758 1.0236, -1.437 1.1696 1.0318, 0.7677 1.1696 1.0318, -1.437 1.1614 1.038, 0.7677 1.1614 1.038, -1.437 1.1519 1.042, 0.7677 1.1519 1.042, -1.437 1.1417 1.0433, 0.7677 1.1417 1.0433, 2.1457 0.7087 1.0039, 2.1457 0.5 1.0039, 2.1443 0.7087 1.0141, 2.1443 0.5 1.0141, 2.1404 0.7087 1.0236, 2.1404 0.5 1.0236, 2.1341 0.7087 1.0318, 2.1341 0.5 1.0318, 2.126 0.7087 1.038, 2.126 0.5 1.038, 2.1165 0.7087 1.042, 2.1165 0.5 1.042, 2.1063 0.7087 1.0433, 2.1063 0.5 1.0433
            ]
        }
        coordIndex [
            0,1,2,-1,2,1,3,-1,2,3,4,-1,4,3,5,-1,4,5,6,-1,6,5,7,-1,6,7,8,-1,8,7,9,-1,8,9,10,-1,10,9,11,-1,10,11,12,-1,12,11,13,-1,14,15,16,-1,16,15,17,-1,16,17,18,-1,18,17,19,-1,18,19,20,-1,20,19,21,-1,20,21,22,-1,22,21,23,-1,22,23,24,-1,24,23,25,-1,24,25,26,-1,26,25,27,-1,
        ]
    }
}
Shape{
    appearance Appearance {
        material  Material 	{
            diffuseColor 0.25098039215686274 0.25098039215686274 0.25098039215686274
            specularColor 0.12549019607843137 0.12549019607843137 0.12549019607843137
            ambientIntensity 0.251
            transparency 0.0
            shininess 0.5
        }
    }
    geometry IndexedFaceSet {
        ccw TRUE
        solid FALSE
        coord DEF co Coordinate {
            point [
                1.6353 0.4475 0.6496, 1.6183 0.4713 0.6496, 1.5945 0.0394 0.6496, 0.8661 0.0394 0.6496, 0.5906 0.0394 0.6496, 0.8661 -0.3937 0.6496, 0.5906 -0.3937 0.6496, 1.6411 0.9055 0.6496, 1.5945 0.9055 0.6496, 1.6228 0.8785 0.6496, 1.6088 0.842 0.6496, 1.8307 -0.8268 0.6496, 1.4567 -0.3937 0.6496, 1.2992 -0.3937 0.6496, 1.2992 0.0394 0.6496, 1.0236 0.0394 0.6496, 1.0236 -0.3937 0.6496, -2.0472 -0.8268 0.6496, 0.4331 -0.3937 0.6496, 1.8307 -0.7087 0.6496, 1.8307 -0.689 0.6496, 1.4567 0.0394 0.6496, 1.6076 0.4985 0.6496, 1.604 0.5276 0.6496, 1.604 0.8031 0.6496, 0.0 -0.3937 0.6496, 0.0 0.0394 0.6496, -0.2756 0.0394 0.6496, 1.8289 0.2271 0.6496, 1.8236 0.2407 0.6496, 1.8151 0.2526 0.6496, -0.2756 -0.3937 0.6496, -0.4331 -0.3937 0.6496, 1.8307 0.2126 0.6496, 0.1575 -0.3937 0.6496, 0.1575 0.0394 0.6496, 0.4331 0.0394 0.6496, -0.8661 -0.3937 0.6496, -0.8661 0.0394 0.6496, -1.1417 0.0394 0.6496, -1.1417 -0.3937 0.6496, -1.2992 -0.3937 0.6496, -0.7087 -0.3937 0.6496, -0.7087 0.0394 0.6496, -0.4331 0.0394 0.6496, -1.7323 0.0394 0.6496, -2.0472 0.0394 0.6496, -1.7323 -0.3937 0.6496, -1.5748 -0.3937 0.6496, -1.5748 0.0394 0.6496, -1.2992 0.0394 0.6496
            ]
        }
        coordIndex [
            0,1,2,-1,3,4,5,-1,5,4,6,-1,7,8,9,-1,9,8,10,-1,11,12,13,-1,14,15,13,-1,13,15,16,-1,13,16,11,-1,11,16,5,-1,11,5,17,-1,17,5,6,-1,17,6,18,-1,11,19,12,-1,12,19,20,-1,12,20,21,-1,1,22,2,-1,2,22,23,-1,2,23,8,-1,8,23,24,-1,8,24,10,-1,25,26,27,-1,28,29,2,-1,2,29,30,-1,2,30,0,-1,31,32,17,-1,21,20,2,-1,2,20,33,-1,2,33,28,-1,27,31,25,-1,25,31,17,-1,25,17,34,-1,34,17,18,-1,34,18,35,-1,35,18,36,-1,37,38,39,-1,40,41,17,-1,39,40,37,-1,37,40,17,-1,37,17,42,-1,42,17,32,-1,42,32,43,-1,43,32,44,-1,45,46,47,-1,47,46,17,-1,47,17,48,-1,48,17,41,-1,48,41,49,-1,49,41,50,-1,
        ]
    }
}
Shape{
    appearance Appearance {
        material  Material 	{
            diffuseColor 0.7529411764705882 0.7529411764705882 0.7529411764705882
            specularColor 0.3764705882352941 0.3764705882352941 0.3764705882352941
            ambientIntensity 0.7529
            transparency 0.0
            shininess 0.5
        }
    }
    geometry IndexedFaceSet {
        ccw TRUE
        solid FALSE
        coord DEF co Coordinate {
            point [
                -2.0472 0.0394 0.6496, -1.7323 0.0394 0.6496, -2.0472 0.1968 0.7283, -1.7323 0.1968 0.7283
            ]
        }
        coordIndex [
            0,1,2,-1,2,1,3,-1,
        ]
    }
}
Shape{
    appearance Appearance {
        material  Material 	{
            diffuseColor 0.25098039215686274 0.25098039215686274 0.25098039215686274
            specularColor 0.12549019607843137 0.12549019607843137 0.12549019607843137
            ambientIntensity 0.251
            transparency 0.0
            shininess 0.5
        }
    }
    geometry IndexedFaceSet {
        ccw TRUE
        solid FALSE
        coord DEF co Coordinate {
            point [
                -1.811 0.6693 0.7283, -1.811 0.6693 0.1299, -1.811 0.8661 0.7283, -1.811 0.8661 0.1299, -1.7323 -0.3937 0.6496, -1.7323 -0.3937 0.5512, -1.7323 0.0394 0.6496, -1.7323 0.6693 0.5512, -1.7323 0.1968 0.7283, -1.7323 0.6693 0.7283, -1.7323 0.6693 0.1969, -1.7323 0.6693 0.1299, -1.7716 0.6693 0.1969, -1.7716 0.6693 0.5512, 1.8583 0.4724 0.1299, 1.8583 0.4724 0.0984, 1.752 0.4724 0.0984, 1.4567 0.4724 0.1299, 1.752 0.4724 0.0197, -1.8386 0.4724 0.0197, -1.8819 0.4724 0.063, -1.8819 0.4724 0.0827, -1.7323 0.4724 0.1969, -1.5748 0.4724 0.1969, -1.7323 0.4724 0.1299, -1.5748 0.4724 0.1299, 0.4331 0.4724 0.1299, 0.4331 0.4724 0.1969, 0.5906 0.4724 0.1969, 1.2992 0.4724 0.1299, 1.2992 0.4724 0.1969, 1.4567 0.4724 0.1969, -1.9567 0.4724 0.0827, -1.9567 0.4724 0.1299, -1.2992 0.4724 0.1299, -1.2992 0.4724 0.1969, -1.1417 0.4724 0.1969, -1.1417 0.4724 0.1299, -0.8661 0.4724 0.1299, -0.8661 0.4724 0.1969, -0.7087 0.4724 0.1969, -0.7087 0.4724 0.1299, -0.4331 0.4724 0.1299, -0.4331 0.4724 0.1969, -0.2756 0.4724 0.1969, -0.2756 0.4724 0.1299, 0.0 0.4724 0.1299, 0.5906 0.4724 0.1299, 0.8661 0.4724 0.1299, 0.1575 0.4724 0.1299, 0.1575 0.4724 0.1969, 0.0 0.4724 0.1969, 1.0236 0.4724 0.1299, 1.0236 0.4724 0.1969, 0.8661 0.4724 0.1969, -1.7323 0.4921 0.1969, -1.8819 -0.9055 0.0827, -1.8819 -0.9055 0.063, -1.8386 -0.9055 0.0197, -1.437 -0.9055 0.0197, 1.4961 -0.9055 0.5512, 1.4961 -0.9055 0.1969, 1.7913 -0.9055 0.1083, -2.1732 -0.9055 0.4134, -2.1732 -0.9055 0.1378, -2.1437 -0.9055 0.1083, -2.1732 -0.9055 0.7283, -2.2598 -0.9055 0.7283, -2.2598 -0.9055 0.4134, -1.5354 -0.9055 0.1969, -1.437 -0.9055 0.1083, -1.5354 -0.9055 0.5512, -1.437 -0.9055 0.6102, -1.7716 -0.9055 0.5512, -2.0157 -0.9055 0.6102, -1.7716 -0.9055 0.1969, -2.0157 -0.9055 0.1083, -1.1024 -0.9055 0.5512, -1.0039 -0.9055 0.6102, -1.3386 -0.9055 0.5512, -1.3386 -0.9055 0.1969, -1.1024 -0.9055 0.1969, -1.0039 -0.9055 0.1083, -0.6693 -0.9055 0.5512, -0.5709 -0.9055 0.6102, -0.9055 -0.9055 0.5512, -0.9055 -0.9055 0.1969, -0.6693 -0.9055 0.1969, -0.5709 -0.9055 0.1083, -0.2362 -0.9055 0.5512, -0.1378 -0.9055 0.6102, -0.4724 -0.9055 0.5512, -0.4724 -0.9055 0.1969, -0.2362 -0.9055 0.1969, -0.1378 -0.9055 0.1083, 0.1969 -0.9055 0.5512, 0.2953 -0.9055 0.6102, -0.0394 -0.9055 0.5512, -0.0394 -0.9055 0.1969, 0.1969 -0.9055 0.1969, 0.2953 -0.9055 0.1083, 0.6299 -0.9055 0.5512, 0.7284 -0.9055 0.6102, 0.3937 -0.9055 0.5512, 0.3937 -0.9055 0.1969, 0.6299 -0.9055 0.1969, 0.7284 -0.9055 0.1083, 1.1614 -0.9055 0.6102, 0.8268 -0.9055 0.5512, 0.8268 -0.9055 0.1969, 1.063 -0.9055 0.1969, 1.1614 -0.9055 0.1083, 1.063 -0.9055 0.5512, 1.2598 -0.9055 0.1969, 1.2598 -0.9055 0.5512, 1.7913 -0.9055 0.6102, 1.5551 -0.9055 0.0984, 1.7913 -0.9055 0.0984, -2.0157 -0.9055 0.0827, -2.1142 -0.9055 1.0433, -2.1732 -0.9055 0.9843, -2.0866 -0.9055 1.0433, -2.0866 -0.9055 0.6102, -2.1181 -0.9055 0.0827, -1.0039 -0.9055 0.0197, -0.5709 -0.9055 0.0197, -0.1378 -0.9055 0.0197, 0.2953 -0.9055 0.0197, 0.7284 -0.9055 0.0197, 1.1614 -0.9055 0.0197, 1.5551 -0.9055 0.0197
            ]
        }
        coordIndex [
            0,1,2,-1,2,1,3,-1,4,5,6,-1,6,5,7,-1,6,7,8,-1,8,7,9,-1,10,11,12,-1,12,11,1,-1,12,1,13,-1,13,1,0,-1,13,0,7,-1,7,0,9,-1,14,15,16,-1,14,16,17,-1,17,16,18,-1,17,18,19,-1,19,20,21,-1,22,23,24,-1,24,23,25,-1,26,27,28,-1,29,30,31,-1,32,33,21,-1,21,33,24,-1,21,24,19,-1,19,24,25,-1,19,25,34,-1,35,36,34,-1,34,36,37,-1,34,37,19,-1,19,37,38,-1,39,40,38,-1,38,40,41,-1,38,41,19,-1,19,41,42,-1,43,44,42,-1,42,44,45,-1,42,45,19,-1,19,45,46,-1,47,48,19,-1,28,47,26,-1,26,47,19,-1,26,19,49,-1,49,19,46,-1,49,46,50,-1,50,46,51,-1,31,17,29,-1,29,17,19,-1,29,19,52,-1,52,19,48,-1,52,48,53,-1,53,48,54,-1,22,24,55,-1,55,24,11,-1,55,11,10,-1,56,21,57,-1,57,21,20,-1,57,58,59,-1,60,61,62,-1,63,64,65,-1,66,67,68,-1,69,70,71,-1,71,70,72,-1,71,72,73,-1,73,72,74,-1,73,74,75,-1,75,74,76,-1,75,76,69,-1,77,78,79,-1,79,78,72,-1,79,72,80,-1,80,72,70,-1,80,70,81,-1,81,70,82,-1,81,82,77,-1,77,82,78,-1,83,84,85,-1,85,84,78,-1,85,78,86,-1,86,78,82,-1,86,82,87,-1,87,82,88,-1,87,88,83,-1,83,88,84,-1,89,90,91,-1,91,90,84,-1,91,84,92,-1,92,84,88,-1,92,88,93,-1,93,88,94,-1,93,94,89,-1,89,94,90,-1,95,96,97,-1,97,96,90,-1,97,90,98,-1,98,90,94,-1,98,94,99,-1,99,94,100,-1,99,100,95,-1,95,100,96,-1,101,102,103,-1,103,102,96,-1,103,96,104,-1,104,96,100,-1,104,100,105,-1,105,100,106,-1,105,106,101,-1,101,106,102,-1,107,102,108,-1,108,102,109,-1,109,102,106,-1,109,106,110,-1,110,106,111,-1,110,111,112,-1,61,113,111,-1,111,113,107,-1,111,107,112,-1,112,107,108,-1,113,114,107,-1,107,114,60,-1,107,60,115,-1,115,60,62,-1,61,111,62,-1,62,111,116,-1,62,116,117,-1,76,118,56,-1,69,76,70,-1,70,76,56,-1,70,56,57,-1,119,120,121,-1,121,120,66,-1,121,66,122,-1,122,66,68,-1,122,68,74,-1,74,68,63,-1,74,63,76,-1,76,63,65,-1,76,65,118,-1,118,65,123,-1,57,59,70,-1,70,59,124,-1,70,124,82,-1,82,124,125,-1,82,125,88,-1,88,125,126,-1,88,126,94,-1,94,126,127,-1,94,127,100,-1,100,127,128,-1,100,128,106,-1,106,128,129,-1,106,129,111,-1,111,129,130,-1,111,130,116,-1,
        ]
    }
}
Shape{
    appearance Appearance {
        material  Material 	{
            diffuseColor 0.7529411764705882 0.7529411764705882 0.7529411764705882
            specularColor 0.3764705882352941 0.3764705882352941 0.3764705882352941
            ambientIntensity 0.7529
            transparency 0.0
            shininess 0.5
        }
    }
    geometry IndexedFaceSet {
        ccw TRUE
        solid FALSE
        coord DEF co Coordinate {
            point [
                -2.063 0.2362 0.0984, -2.063 0.2362 0.0827, -2.1339 0.2362 0.0984, -2.1181 0.2362 0.0827
            ]
        }
        coordIndex [
            0,1,2,-1,2,1,3,-1,
        ]
    }
}
Shape{
    appearance Appearance {
        material  Material 	{
            diffuseColor 0.25098039215686274 0.25098039215686274 0.25098039215686274
            specularColor 0.12549019607843137 0.12549019607843137 0.12549019607843137
            ambientIntensity 0.251
            transparency 0.0
            shininess 0.5
        }
    }
    geometry IndexedFaceSet {
        ccw TRUE
        solid FALSE
        coord DEF co Coordinate {
            point [
                -2.063 0.6299 0.0984, -2.063 0.6299 0.0827, -2.063 0.2362 0.0984, -2.063 0.2362 0.0827, -2.1339 0.6299 0.0984, -2.1181 0.6299 0.0827, -2.1339 0.2362 0.0984
            ]
        }
        coordIndex [
            0,1,2,-1,2,1,3,-1,4,5,0,-1,0,5,1,-1,2,6,0,-1,0,6,4,-1,
        ]
    }
}
Shape{
    appearance Appearance {
        material  Material 	{
            diffuseColor 0.7529411764705882 0.7529411764705882 0.7529411764705882
            specularColor 0.3764705882352941 0.3764705882352941 0.3764705882352941
            ambientIntensity 0.7529
            transparency 0.0
            shininess 0.5
        }
    }
    geometry IndexedFaceSet {
        ccw TRUE
        solid FALSE
        coord DEF co Coordinate {
            point [
                -2.0551 0.0394 0.7579, -2.1732 0.0394 0.7579, -2.0551 0.6299 0.7579, -2.1732 0.6299 0.7579, -2.0551 0.0394 0.4626, -2.1732 0.0394 0.4626, -2.0551 0.6299 0.4626, -2.1732 0.6299 0.4626
            ]
        }
        coordIndex [
            0,1,2,-1,2,1,3,-1,4,5,0,-1,0,5,1,-1,6,7,4,-1,4,7,5,-1,2,3,6,-1,6,3,7,-1,
        ]
    }
}
Shape{
    appearance Appearance {
        material  Material 	{
            diffuseColor 0.25098039215686274 0.25098039215686274 0.25098039215686274
            specularColor 0.12549019607843137 0.12549019607843137 0.12549019607843137
            ambientIntensity 0.251
            transparency 0.0
            shininess 0.5
        }
    }
    geometry IndexedFaceSet {
        ccw TRUE
        solid FALSE
        coord DEF co Coordinate {
            point [
                -2.2598 -0.5118 0.6693, -2.2598 -0.5512 0.7087, -2.185 -0.5118 0.6693, -2.1732 -0.5512 0.7087, -2.1732 -0.5118 0.6693, -2.2598 -0.689 0.7087, -2.1732 -0.689 0.7087, -2.2598 -0.7087 0.7283, -2.1732 -0.7087 0.7283, -2.1732 -0.9055 0.7283, -2.2598 -0.9055 0.7283, -2.1732 -0.5512 0.4134, -2.1732 -0.9055 0.4134, -2.2598 -0.5512 0.4134, -2.2598 -0.9055 0.4134, -2.1732 -0.5118 0.4528, -2.185 -0.5118 0.4528, -2.2598 -0.5118 0.4528
            ]
        }
        coordIndex [
            0,1,2,-1,2,1,3,-1,2,3,4,-1,5,6,1,-1,1,6,3,-1,7,8,5,-1,5,8,6,-1,9,8,10,-1,10,8,7,-1,11,12,13,-1,13,12,14,-1,15,11,16,-1,16,11,13,-1,16,13,17,-1,
        ]
    }
}
Shape{
    appearance Appearance {
        material  Material 	{
            diffuseColor 0.7529411764705882 0.7529411764705882 0.7529411764705882
            specularColor 0.3764705882352941 0.3764705882352941 0.3764705882352941
            ambientIntensity 0.7529
            transparency 0.0
            shininess 0.5
        }
    }
    geometry IndexedFaceSet {
        ccw TRUE
        solid FALSE
        coord DEF co Coordinate {
            point [
                -2.1732 -0.5118 0.4528, -2.185 -0.5118 0.4528, -2.1732 -0.5118 0.6693, -2.185 -0.5118 0.6693
            ]
        }
        coordIndex [
            0,1,2,-1,2,1,3,-1,
        ]
    }
}
Shape{
    appearance Appearance {
        material  Material 	{
            diffuseColor 0.25098039215686274 0.25098039215686274 0.25098039215686274
            specularColor 0.12549019607843137 0.12549019607843137 0.12549019607843137
            ambientIntensity 0.251
            transparency 0.0
            shininess 0.5
        }
    }
    geometry IndexedFaceSet {
        ccw TRUE
        solid FALSE
        coord DEF co Coordinate {
            point [
                -2.1142 -0.8661 1.0433, -2.1142 -0.9055 1.0433, -2.0669 -0.8661 1.0433, -2.0866 -0.9055 1.0433
            ]
        }
        coordIndex [
            0,1,2,-1,2,1,3,-1,
        ]
    }
}
Shape{
    appearance Appearance {
        material  Material 	{
            diffuseColor 0.7529411764705882 0.7529411764705882 0.7529411764705882
            specularColor 0.3764705882352941 0.3764705882352941 0.3764705882352941
            ambientIntensity 0.7529
            transparency 0.0
            shininess 0.5
        }
    }
    geometry IndexedFaceSet {
        ccw TRUE
        solid FALSE
        coord DEF co Coordinate {
            point [
                -2.1765 -0.8577 1.028, -2.1735 -0.8546 1.0318, -2.2244 -0.9055 1.0827, -2.1826 -0.8637 1.0177, -2.1815 -0.8626 1.0198, -2.179 -0.8601 1.025, -2.2244 -0.9055 0.748, -2.185 -0.8661 0.748, -2.185 -0.8661 1.0039, -2.1845 -0.8656 1.0105, -2.1845 -0.8656 1.0106, -2.185 -0.5709 0.748, -2.2638 -0.5709 0.748, -2.2638 -0.9055 0.748, -2.2638 -0.5118 0.689, -2.185 -0.5118 0.689, -2.2638 -0.5138 0.7043, -2.185 -0.5138 0.7043, -2.2638 -0.5197 0.7185, -2.185 -0.5197 0.7185, -2.2638 -0.5291 0.7307, -2.185 -0.5291 0.7307, -2.2638 -0.5413 0.7401, -2.185 -0.5413 0.7401, -2.2638 -0.5556 0.746, -2.185 -0.5556 0.746, -2.2638 -0.5118 0.4528, -2.2598 -0.5118 0.4528, -2.2598 -0.5118 0.6693, -2.185 -0.5118 0.6693, -2.2638 -0.5138 0.4375, -2.185 -0.5118 0.4528, -2.185 -0.5138 0.4375, -2.185 -0.5197 0.4232, -2.2638 -0.5197 0.4232, -2.185 -0.5291 0.411, -2.2638 -0.5291 0.411, -2.185 -0.5413 0.4016, -2.2638 -0.5413 0.4016, -2.185 -0.5556 0.3957, -2.2638 -0.5556 0.3957, -2.185 -0.5709 0.3937, -2.2638 -0.5709 0.3937, -2.185 -0.8661 0.3937, -2.2244 -0.9055 0.3937, -2.2638 -0.9055 0.3937, -2.185 -0.8661 0.1181, -2.2244 -0.9055 0.0394, -2.1844 -0.8656 0.1115, -2.1844 -0.8655 0.1112, -2.179 -0.8601 0.0972, -2.1765 -0.8576 0.0941, -2.1735 -0.8546 0.0903, -2.1815 -0.8627 0.1023, -2.1825 -0.8637 0.1043, -2.1699 0.4291 0.0871, -2.1767 0.4291 0.0939, -2.1817 0.4291 0.1022, -2.1845 0.4291 0.1115, -2.185 0.4291 0.1181, -2.1457 -0.8661 0.0787, -2.1457 0.4291 0.0787, -2.1523 -0.8656 0.0793, -2.1523 0.4291 0.0793, -2.1523 -0.8656 0.0793, -2.1594 -0.8637 0.0812, -2.1615 0.4291 0.0821, -2.1615 -0.8626 0.0822, -2.1697 -0.8577 0.0872, -2.1667 -0.8601 0.0848, -2.2638 0.4291 0.3346, -2.185 0.4291 0.3346, -2.2638 0.4291 0.1181, -2.2598 0.4291 0.0875, -2.248 0.4291 0.0591, -2.2292 0.4291 0.0346, -1.9882 0.4291 0.0787, -1.9882 0.4291 0.0, -2.1457 0.4291 0.0, -2.1762 0.4291 0.004, -2.2047 0.4291 0.0158, -2.2638 0.3701 0.3937, -2.185 0.3701 0.3937, -2.185 0.3854 0.3917, -2.2638 0.3854 0.3917, -2.185 0.3996 0.3858, -2.2638 0.3996 0.3858, -2.185 0.4118 0.3764, -2.2638 0.4118 0.3764, -2.185 0.4212 0.3642, -2.2638 0.4212 0.3642, -2.185 0.4271 0.3499, -2.2638 0.4271 0.3499, -2.185 0.0787 0.3937, -2.2638 0.0787 0.3937, -2.2638 0.0787 0.4724, -2.185 0.0787 0.4724, -2.2638 0.0685 0.4711, -2.185 0.0685 0.4711, -2.2638 0.059 0.4672, -2.185 0.059 0.4672, -2.2638 0.0509 0.4609, -2.185 0.0509 0.4609, -2.2638 0.0446 0.4528, -2.185 0.0446 0.4528, -2.2638 0.0407 0.4433, -2.185 0.0407 0.4433, -2.2638 0.0394 0.4331, -2.185 0.0394 0.4331, -2.2638 0.0407 0.4229, -2.185 0.0407 0.4229, -2.2638 0.0446 0.4134, -2.185 0.0446 0.4134, -2.2638 0.0509 0.4052, -2.185 0.0509 0.4052, -2.2638 0.059 0.399, -2.185 0.059 0.399, -2.2638 0.0685 0.395, -2.185 0.0685 0.395, -2.185 0.0984 0.4724, -2.2638 0.0984 0.4724, -2.1398 0.6152 0.4724, -2.218 0.622 0.4724, -2.1398 0.6152 0.748, -2.185 0.0984 0.748, -2.218 0.622 0.748, -2.2638 0.0984 0.748, -2.185 0.0787 0.748, -2.2638 0.0787 0.748, -2.2638 0.0787 0.8268, -2.185 0.0787 0.8268, -2.2638 0.0685 0.8254, -2.185 0.0685 0.8254, -2.2638 0.059 0.8215, -2.185 0.059 0.8215, -2.2638 0.0509 0.8152, -2.185 0.0509 0.8152, -2.2638 0.0446 0.8071, -2.185 0.0446 0.8071, -2.2638 0.0407 0.7976, -2.185 0.0407 0.7976, -2.2638 0.0394 0.7874, -2.185 0.0394 0.7874, -2.2638 0.0407 0.7772, -2.185 0.0407 0.7772, -2.2638 0.0446 0.7677, -2.185 0.0446 0.7677, -2.2638 0.0509 0.7596, -2.185 0.0509 0.7596, -2.2638 0.059 0.7533, -2.185 0.059 0.7533, -2.2638 0.0685 0.7494, -2.185 0.0685 0.7494, -2.185 0.8465 0.8268, -2.2638 0.8465 0.8268, -2.2638 -0.9055 0.1181, -2.2598 -0.9055 0.0875, -2.248 -0.9055 0.0591, -2.2292 -0.9055 0.0346, -2.2047 -0.9055 0.0158, -2.1762 -0.9055 0.004, -2.1457 -0.9055 0.0, -1.9882 -0.9055 0.0, -1.9882 -0.9055 0.0394, -1.437 1.2598 0.8268, -1.437 1.2598 1.0039, 0.7677 1.2598 0.8268, 0.7677 1.2598 1.0039, -1.437 1.1811 0.8268, 0.7677 1.1811 0.8268, 0.7677 1.1811 1.0039, -1.437 1.1811 1.0039, 2.1457 -0.8661 0.8071, 2.185 -0.9055 0.8071, 2.1457 -0.8661 1.0039, 2.185 -0.9055 1.0827, 2.1451 -0.8656 1.0105, 2.1451 -0.8655 1.0109, 2.1397 -0.8601 1.0248, 2.1372 -0.8576 1.028, 2.1341 -0.8546 1.0318, 2.1422 -0.8627 1.0198, 2.1432 -0.8637 1.0177, 2.2244 -0.9055 0.8071, 2.185 -0.9035 0.7918, 2.2244 -0.9035 0.7918, 2.185 -0.8976 0.7776, 2.2244 -0.8976 0.7776, 2.185 -0.8882 0.7653, 2.2244 -0.8882 0.7653, 2.185 -0.876 0.7559, 2.2244 -0.876 0.7559, 2.185 -0.8617 0.75, 2.2244 -0.8617 0.75, 2.185 -0.8465 0.748, 2.2244 -0.8465 0.748, 2.1457 -0.0669 1.0039, 2.2244 -0.0669 1.0039, 2.1457 0.5 1.0039, 2.2244 0.5 1.0039, 1.9882 0.0084 1.027, 1.9882 0.0037 1.0318, 1.8307 0.0084 1.027, 1.8307 0.0037 1.0318, 1.8307 0.0288 1.0103, 1.9882 0.0288 1.0103, 1.8307 0.052 0.9979, 1.9882 0.052 0.9979, 1.8307 0.0773 0.9902, 1.9882 0.0773 0.9902, 1.8307 0.1035 0.9876, 1.9882 0.1035 0.9876, 1.8307 0.3296 0.9876, 1.9882 0.3296 0.9876, 1.8307 0.3644 0.9922, 1.9882 0.3644 0.9922, 1.8307 0.3968 1.0056, 1.9882 0.3968 1.0056, 1.8307 0.4246 1.027, 1.9882 0.4246 1.027, 1.8307 0.4294 1.0318, 1.9882 0.4294 1.0318, 1.9882 0.3853 1.0664, 1.9882 0.4063 1.0875, 1.8307 0.3853 1.0664, 1.8307 0.4063 1.0875, 1.9882 0.369 1.0539, 1.8307 0.369 1.0539, 1.9882 0.35 1.046, 1.8307 0.35 1.046, 1.9882 0.3296 1.0433, 1.8307 0.3296 1.0433, 1.8307 0.1035 1.0433, 1.9882 0.1035 1.0433, 1.9882 0.0831 1.046, 1.8307 0.0831 1.046, 1.9882 0.0641 1.0539, 1.8307 0.0641 1.0539, 1.9882 0.0478 1.0664, 1.8307 0.0478 1.0664, 1.8307 0.0267 1.0875, 1.9882 0.0267 1.0875, 2.1063 0.7087 1.0433, 2.1063 0.7087 1.122, 2.1165 0.7087 1.042, 2.1369 0.7087 1.118, 2.126 0.7087 1.038, 2.1654 0.7087 1.1062, 2.1341 0.7087 1.0318, 2.1898 0.7087 1.0875, 2.1404 0.7087 1.0236, 2.2086 0.7087 1.063, 2.1443 0.7087 1.0141, 2.2204 0.7087 1.0345, 2.1457 0.7087 1.0039, 2.2244 0.7087 1.0039, 0.7677 1.1798 1.0141, 0.7677 1.2558 1.0345, 0.7677 1.1758 1.0236, 0.7677 1.244 1.063, 0.7677 1.1696 1.0318, 0.7677 1.2252 1.0875, 0.7677 1.1614 1.038, 0.7677 1.2008 1.1062, 0.7677 1.1519 1.042, 0.7677 1.1723 1.118, 0.7677 1.1417 1.0433, 0.7677 1.1417 1.122, 2.1457 -0.5118 0.4528, 2.1457 -0.5118 0.6693, 2.1457 -0.4724 0.6299, 2.1457 0.1969 0.4823, 2.1457 0.2063 0.4701, 2.1457 0.2568 0.1662, 2.1457 0.2627 0.1585, 2.1457 -0.5291 0.411, 2.1457 -0.5197 0.4232, 2.1457 -0.2638 0.2165, 2.1457 -0.5138 0.4375, 2.1457 0.191 0.4965, 2.1457 0.249 0.1722, 2.1457 0.24 0.1759, 2.1457 0.2664 0.1494, 2.1457 0.2185 0.4607, 2.1457 0.2327 0.4548, 2.1457 -0.5413 0.4016, 2.1457 -0.4921 0.2165, 2.1457 -0.5556 0.3957, 2.1457 -0.5074 0.2145, 2.1457 -0.5709 0.3937, 2.1457 -0.5217 0.2086, 2.1457 -0.8465 0.3937, 2.1457 -0.5339 0.1992, 2.1457 -0.8617 0.3917, 2.1457 -0.5433 0.187, 2.1457 -0.8661 0.3903, 2.1457 -0.5492 0.1728, 2.1457 -0.8661 0.1378, 2.1457 -0.5512 0.1575, 2.1457 -0.5512 0.1378, 2.1457 0.248 0.4528, 2.1457 0.2677 0.4528, 2.1457 0.2677 0.1398, 2.1457 0.248 0.689, 2.1457 0.2327 0.687, 2.1457 0.2185 0.6811, 2.1457 0.2063 0.6717, 2.1457 0.1969 0.6594, 2.1457 -0.222 0.1992, 2.1457 -0.2343 0.2086, 2.1457 -0.2485 0.2145, 2.1457 0.189 0.1181, 2.1457 -0.2047 0.1181, 2.1457 0.189 0.1398, 2.1457 -0.2047 0.1575, 2.1457 0.1902 0.1494, 2.1457 -0.2067 0.1728, 2.1457 0.194 0.1585, 2.1457 -0.2126 0.187, 2.1457 0.3937 0.689, 2.1457 0.191 0.6452, 2.1457 0.189 0.6299, 2.1457 0.189 0.5118, 2.1457 -0.4758 0.7145, 2.1457 -0.4856 0.7382, 2.1457 0.1999 0.1662, 2.1457 -0.5013 0.7586, 2.1457 0.2303 0.1772, 2.1457 0.2264 0.1772, 2.1457 0.2167 0.1759, 2.1457 0.2077 0.1722, 2.1457 -0.4724 0.689, 2.1457 -0.5217 0.7742, 2.1457 -0.5454 0.784, 2.1457 -0.5709 0.7874, 2.1457 -0.8465 0.7874, 2.1457 -0.8655 0.802, 2.1457 -0.8516 0.7881, 2.1457 -0.8635 0.7972, 2.1457 -0.8563 0.79, 2.1457 -0.8604 0.7932
            ]
        }
        coordIndex [
            0,1,2,-1,3,4,2,-1,2,4,5,-1,2,5,0,-1,6,7,2,-1,2,7,8,-1,8,9,2,-1,2,9,10,-1,2,10,3,-1,11,7,12,-1,12,7,6,-1,12,6,13,-1,14,15,16,-1,16,15,17,-1,16,17,18,-1,18,17,19,-1,18,19,20,-1,20,19,21,-1,20,21,22,-1,22,21,23,-1,22,23,24,-1,24,23,25,-1,24,25,12,-1,12,25,11,-1,26,27,28,-1,29,15,28,-1,28,15,14,-1,28,14,26,-1,27,26,30,-1,31,27,32,-1,32,27,30,-1,32,30,33,-1,33,30,34,-1,33,34,35,-1,35,34,36,-1,35,36,37,-1,37,36,38,-1,37,38,39,-1,39,38,40,-1,39,40,41,-1,41,40,42,-1,43,41,44,-1,44,41,42,-1,44,42,45,-1,43,44,46,-1,46,44,47,-1,46,47,48,-1,48,47,49,-1,50,47,51,-1,51,47,52,-1,50,53,47,-1,47,53,54,-1,47,54,49,-1,55,56,51,-1,51,56,50,-1,50,56,57,-1,50,57,53,-1,53,57,54,-1,54,57,58,-1,54,58,49,-1,49,58,48,-1,48,58,59,-1,48,59,46,-1,60,61,62,-1,62,61,63,-1,62,63,64,-1,64,63,65,-1,65,63,66,-1,65,66,67,-1,51,52,55,-1,55,52,68,-1,55,68,66,-1,66,68,69,-1,66,69,67,-1,70,71,72,-1,72,71,59,-1,72,59,73,-1,73,59,58,-1,73,58,74,-1,74,58,57,-1,74,57,75,-1,76,77,61,-1,61,77,78,-1,61,78,63,-1,63,78,79,-1,63,79,66,-1,66,79,80,-1,66,80,55,-1,55,80,75,-1,55,75,56,-1,56,75,57,-1,81,82,83,-1,81,83,84,-1,84,83,85,-1,84,85,86,-1,86,85,87,-1,86,87,88,-1,88,87,89,-1,88,89,90,-1,90,89,91,-1,90,91,92,-1,92,91,71,-1,92,71,70,-1,82,81,93,-1,93,81,94,-1,95,96,97,-1,97,96,98,-1,97,98,99,-1,99,98,100,-1,99,100,101,-1,101,100,102,-1,101,102,103,-1,103,102,104,-1,103,104,105,-1,105,104,106,-1,105,106,107,-1,107,106,108,-1,107,108,109,-1,109,108,110,-1,109,110,111,-1,111,110,112,-1,111,112,113,-1,113,112,114,-1,113,114,115,-1,115,114,116,-1,115,116,117,-1,117,116,118,-1,117,118,94,-1,94,118,93,-1,96,95,119,-1,119,95,120,-1,119,120,121,-1,121,120,122,-1,123,124,121,-1,121,124,119,-1,123,125,124,-1,124,125,126,-1,124,126,127,-1,127,126,128,-1,129,130,131,-1,131,130,132,-1,131,132,133,-1,133,132,134,-1,133,134,135,-1,135,134,136,-1,135,136,137,-1,137,136,138,-1,137,138,139,-1,139,138,140,-1,139,140,141,-1,141,140,142,-1,141,142,143,-1,143,142,144,-1,143,144,145,-1,145,144,146,-1,145,146,147,-1,147,146,148,-1,147,148,149,-1,149,148,150,-1,149,150,151,-1,151,150,152,-1,151,152,128,-1,128,152,127,-1,130,129,153,-1,153,129,154,-1,122,120,125,-1,125,120,126,-1,155,72,73,-1,155,73,156,-1,156,73,74,-1,156,74,157,-1,157,74,75,-1,157,75,158,-1,158,75,80,-1,158,80,159,-1,159,80,79,-1,159,79,160,-1,160,79,78,-1,160,78,161,-1,162,163,161,-1,161,163,47,-1,161,47,160,-1,160,47,159,-1,44,45,47,-1,47,45,155,-1,47,155,156,-1,156,157,47,-1,47,157,158,-1,47,158,159,-1,164,165,166,-1,166,165,167,-1,168,164,169,-1,169,164,166,-1,169,170,168,-1,168,170,171,-1,172,173,174,-1,174,173,175,-1,174,175,176,-1,176,175,177,-1,178,175,179,-1,179,175,180,-1,178,181,175,-1,175,181,182,-1,175,182,177,-1,183,173,184,-1,183,184,185,-1,185,184,186,-1,185,186,187,-1,187,186,188,-1,187,188,189,-1,189,188,190,-1,189,190,191,-1,191,190,192,-1,191,192,193,-1,193,192,194,-1,193,194,195,-1,196,197,198,-1,198,197,199,-1,200,201,202,-1,202,201,203,-1,200,202,204,-1,200,204,205,-1,205,204,206,-1,205,206,207,-1,207,206,208,-1,207,208,209,-1,209,208,210,-1,209,210,211,-1,212,213,210,-1,210,213,211,-1,213,212,214,-1,213,214,215,-1,215,214,216,-1,215,216,217,-1,217,216,218,-1,217,218,219,-1,218,220,219,-1,219,220,221,-1,222,223,224,-1,224,223,225,-1,222,224,226,-1,226,224,227,-1,226,227,228,-1,228,227,229,-1,228,229,230,-1,230,229,231,-1,232,233,231,-1,231,233,230,-1,233,232,234,-1,234,232,235,-1,234,235,236,-1,236,235,237,-1,236,237,238,-1,238,237,239,-1,239,240,238,-1,238,240,241,-1,242,243,244,-1,244,243,245,-1,244,245,246,-1,246,245,247,-1,246,247,248,-1,248,247,249,-1,248,249,250,-1,250,249,251,-1,250,251,252,-1,252,251,253,-1,252,253,254,-1,254,253,255,-1,169,166,170,-1,170,166,167,-1,170,167,256,-1,256,167,257,-1,256,257,258,-1,258,257,259,-1,258,259,260,-1,260,259,261,-1,260,261,262,-1,262,261,263,-1,262,263,264,-1,264,263,265,-1,264,265,266,-1,266,265,267,-1,268,269,270,-1,271,272,273,-1,273,272,274,-1,275,276,277,-1,277,276,278,-1,271,273,279,-1,279,273,280,-1,279,280,281,-1,274,272,282,-1,282,272,283,-1,282,283,284,-1,275,277,285,-1,285,277,286,-1,285,286,287,-1,287,286,288,-1,287,288,289,-1,289,288,290,-1,289,290,291,-1,291,290,292,-1,291,292,293,-1,293,292,294,-1,293,294,295,-1,295,294,296,-1,295,296,297,-1,297,296,298,-1,297,298,299,-1,284,300,282,-1,282,300,301,-1,282,301,302,-1,303,304,196,-1,304,305,196,-1,196,305,306,-1,196,306,307,-1,308,309,270,-1,278,268,277,-1,277,268,270,-1,277,270,310,-1,310,270,309,-1,311,312,313,-1,313,312,314,-1,313,314,315,-1,315,314,316,-1,315,316,317,-1,317,316,318,-1,303,196,319,-1,319,196,198,-1,319,198,254,-1,307,320,196,-1,196,320,321,-1,196,321,322,-1,323,324,325,-1,325,324,326,-1,325,326,196,-1,281,327,279,-1,279,327,328,-1,279,328,322,-1,322,328,329,-1,322,329,196,-1,196,329,330,-1,196,330,325,-1,318,308,317,-1,317,308,270,-1,317,270,325,-1,325,270,331,-1,325,331,323,-1,326,332,196,-1,196,332,333,-1,196,333,174,-1,174,333,334,-1,174,334,172,-1,172,334,335,-1,172,335,336,-1,336,335,337,-1,336,337,338,-1,338,337,339,-1,338,339,340,-1,
        ]
    }
}
Shape{
    appearance Appearance {
        material  Material 	{
            diffuseColor 0.25098039215686274 0.25098039215686274 0.25098039215686274
            specularColor 0.12549019607843137 0.12549019607843137 0.12549019607843137
            ambientIntensity 0.251
            transparency 0.0
            shininess 0.5
        }
    }
    geometry IndexedFaceSet {
        ccw TRUE
        solid FALSE
        coord DEF co Coordinate {
            point [
                1.8032 -0.8661 1.0433, 1.8032 -0.9055 1.0433, 2.0748 -0.8661 1.0433, 2.0748 -0.9055 1.0433, 2.1339 -0.9055 0.7283, 2.1339 -0.9055 0.9843, 1.9291 -0.9055 0.0984, 2.0787 -0.9055 0.0984, 2.1339 -0.9055 0.1535, 2.2205 -0.9055 0.4134, 2.2205 -0.9055 0.7283, 2.1339 -0.9055 0.4134, 1.9291 -0.9055 0.9252, 1.8032 -0.9055 0.9252, 2.1339 -0.5118 0.4528, 2.1339 -0.5512 0.4134, 2.1339 -0.2756 0.6496, 2.1339 0.0394 0.1535, 2.1339 -0.0787 0.3543, 2.1339 0.0394 0.3543, 2.1339 -0.0787 0.6496, 2.1339 -0.2756 0.9843, 2.1339 -0.7087 0.7283, 2.1339 -0.689 0.7087, 2.1339 -0.5512 0.7087, 2.1339 -0.5118 0.6693, 1.8898 -0.2756 0.6496, 1.9685 -0.0787 0.6496, 1.8898 0.2126 0.6496, 1.9685 0.5943 0.6496, 1.9685 0.9055 0.6496, 1.825 0.9055 0.6496, 1.8585 0.2927 0.6496, 1.8078 0.9023 0.6496, 1.7785 0.9028 0.6496, 1.8755 0.2689 0.6496, 1.8861 0.2416 0.6496, 1.663 0.8031 0.6496, 1.7539 0.9034 0.6496, 1.7298 0.898 0.6496, 1.663 0.5276 0.6496, 1.6649 0.513 0.6496, 1.6749 0.8506 0.6496, 1.6661 0.8276 0.6496, 1.6891 0.8708 0.6496, 1.7078 0.8869 0.6496, 1.6702 0.4994 0.6496, 1.6787 0.4875 0.6496
            ]
        }
        coordIndex [
            0,1,2,-1,2,1,3,-1,4,5,3,-1,6,7,8,-1,9,10,11,-1,11,10,4,-1,8,11,6,-1,6,11,4,-1,6,4,12,-1,12,4,3,-1,12,3,13,-1,13,3,1,-1,14,15,16,-1,8,17,18,-1,18,17,19,-1,11,8,15,-1,15,8,18,-1,15,18,16,-1,16,18,20,-1,5,4,21,-1,21,4,22,-1,22,23,21,-1,21,23,24,-1,21,24,16,-1,16,24,25,-1,16,25,14,-1,16,20,26,-1,26,20,27,-1,26,27,28,-1,28,27,29,-1,29,30,31,-1,32,33,34,-1,33,32,31,-1,31,32,35,-1,31,35,29,-1,29,35,36,-1,29,36,28,-1,37,38,39,-1,38,37,34,-1,34,37,40,-1,34,40,41,-1,42,43,44,-1,44,43,37,-1,44,37,45,-1,45,37,39,-1,41,46,34,-1,34,46,47,-1,34,47,32,-1,
        ]
    }
}
Shape{
    appearance Appearance {
        material  Material 	{
            diffuseColor 0.7529411764705882 0.7529411764705882 0.7529411764705882
            specularColor 0.3764705882352941 0.3764705882352941 0.3764705882352941
            ambientIntensity 0.7529
            transparency 0.0
            shininess 0.5
        }
    }
    geometry IndexedFaceSet {
        ccw TRUE
        solid FALSE
        coord DEF co Coordinate {
            point [
                1.8898 0.2126 0.9646, 1.8898 -0.2756 0.9646, 1.8898 0.2126 0.6496, 1.8898 -0.2756 0.6496, 1.8307 -0.2756 0.9646, 1.8307 0.2126 0.9646, 1.8289 0.2271 0.9646, 1.8861 0.2416 0.9646, 1.8236 0.2407 0.9646, 1.8755 0.2689 0.9646, 1.8151 0.2526 0.9646, 1.8585 0.2927 0.9646, 1.6353 0.4475 0.9646, 1.6787 0.4875 0.9646, 1.6183 0.4713 0.9646, 1.6702 0.4994 0.9646, 1.6076 0.4985 0.9646, 1.6649 0.513 0.9646, 1.604 0.5276 0.9646, 1.663 0.5276 0.9646, 1.604 0.8031 0.9646, 1.663 0.8031 0.9646, 1.6088 0.842 0.9646, 1.6661 0.8276 0.9646, 1.6228 0.8785 0.9646, 1.6749 0.8506 0.9646, 1.6454 0.9105 0.9646, 1.6891 0.8708 0.9646, 1.675 0.936 0.9646, 1.7078 0.8869 0.9646, 1.7099 0.9536 0.9646, 1.7298 0.898 0.9646, 1.7481 0.9622 0.9646, 1.7539 0.9034 0.9646, 1.7872 0.9612 0.9646, 1.7785 0.9028 0.9646, 1.8013 0.961 0.9646, 1.8078 0.9023 0.9646, 1.8151 0.9643 0.9646, 1.8362 0.9092 0.9646, 1.8275 0.971 0.9646, 1.862 0.9231 0.9646, 1.8378 0.9807 0.9646, 1.8834 0.9431 0.9646, 1.8453 0.9926 0.9646, 1.8989 0.9679 0.9646, 1.8496 1.0061 0.9646, 1.9077 0.9958 0.9646, 1.8502 1.0202 0.9646, 1.9091 1.025 0.9646, 1.8473 1.034 0.9646, 1.903 1.0537 0.9646, 1.8301 1.0827 0.9646, 1.8858 1.1024 0.9646
            ]
        }
        coordIndex [
            0,1,2,-1,2,1,3,-1,4,1,5,-1,5,1,0,-1,5,0,6,-1,6,0,7,-1,6,7,8,-1,8,7,9,-1,8,9,10,-1,10,9,11,-1,10,11,12,-1,12,11,13,-1,12,13,14,-1,14,13,15,-1,14,15,16,-1,16,15,17,-1,16,17,18,-1,18,17,19,-1,18,19,20,-1,20,19,21,-1,20,21,22,-1,22,21,23,-1,22,23,24,-1,24,23,25,-1,24,25,26,-1,26,25,27,-1,26,27,28,-1,28,27,29,-1,28,29,30,-1,30,29,31,-1,30,31,32,-1,32,31,33,-1,32,33,34,-1,34,33,35,-1,34,35,36,-1,36,35,37,-1,36,37,38,-1,38,37,39,-1,38,39,40,-1,40,39,41,-1,40,41,42,-1,42,41,43,-1,42,43,44,-1,44,43,45,-1,44,45,46,-1,46,45,47,-1,46,47,48,-1,48,47,49,-1,48,49,50,-1,50,49,51,-1,50,51,52,-1,52,51,53,-1,
        ]
    }
}
Shape{
    appearance Appearance {
        material  Material 	{
            diffuseColor 0.25098039215686274 0.25098039215686274 0.25098039215686274
            specularColor 0.12549019607843137 0.12549019607843137 0.12549019607843137
            ambientIntensity 0.251
            transparency 0.0
            shininess 0.5
        }
    }
    geometry IndexedFaceSet {
        ccw TRUE
        solid FALSE
        coord DEF co Coordinate {
            point [
                1.8307 -0.2756 0.9252, 1.8307 -0.2756 0.9646, 1.8307 0.2126 0.9646, 1.8307 0.2126 0.6496, 1.8307 -0.7087 0.8858, 1.8307 -0.7087 0.9252, 1.8307 -0.8268 0.0984, 1.8307 -0.9055 0.0984, 1.8307 -0.8268 0.6496, 1.8307 -0.9055 0.8858, 1.8307 -0.7087 0.6496, 1.8307 -0.689 0.6496, 1.8898 -0.8268 0.9252, 1.9291 -0.9055 0.9252, 1.8032 -0.9055 0.9252, 1.8032 -0.2756 0.9252, 1.8898 -0.7087 0.9252, -2.0866 -0.9055 0.6102, -2.0157 -0.9055 0.6102, -2.0472 -0.8268 0.6496, -1.437 -0.9055 0.6102, -1.0039 -0.9055 0.6102, 0.2953 -0.9055 0.6102, -0.1378 -0.9055 0.6102, -0.5709 -0.9055 0.6102, 0.7284 -0.9055 0.6102, 1.1614 -0.9055 0.6102, 1.7913 -0.9055 0.6102, 1.0236 0.0394 0.6496, 1.2992 0.0394 0.6496, 1.0236 0.1968 0.7283, 1.2992 0.1968 0.7283, 1.0236 -0.3937 0.5512, 1.0236 -0.3937 0.6496, 1.0236 0.6693 0.7283, 1.0236 0.6693 0.5512, 0.8661 -0.3937 0.6496, 0.8661 -0.3937 0.5512, 0.8661 0.0394 0.6496, 0.8661 0.6693 0.5512, 0.8661 0.1968 0.7283, 0.8661 0.6693 0.7283, 0.5906 0.0394 0.6496, 0.5906 0.1968 0.7283, 0.5906 -0.3937 0.5512, 0.5906 -0.3937 0.6496, 0.5906 0.6693 0.7283, 0.5906 0.6693 0.5512, 0.4331 -0.3937 0.6496, 0.4331 -0.3937 0.5512, 0.4331 0.0394 0.6496, 0.4331 0.6693 0.5512, 0.4331 0.1968 0.7283, 0.4331 0.6693 0.7283
            ]
        }
        coordIndex [
            0,1,2,-1,2,3,0,-1,0,3,4,-1,0,4,5,-1,6,7,8,-1,8,7,9,-1,8,9,10,-1,10,9,4,-1,10,4,11,-1,11,4,3,-1,12,13,14,-1,15,0,5,-1,15,5,14,-1,14,5,16,-1,14,16,12,-1,17,18,19,-1,19,18,20,-1,19,20,21,-1,22,8,23,-1,23,8,19,-1,23,19,24,-1,24,19,21,-1,22,25,8,-1,8,25,26,-1,8,26,27,-1,28,29,30,-1,30,29,31,-1,32,33,28,-1,30,34,28,-1,28,34,35,-1,28,35,32,-1,33,32,36,-1,36,32,37,-1,36,37,38,-1,38,37,39,-1,38,39,40,-1,40,39,41,-1,42,38,43,-1,43,38,40,-1,44,45,42,-1,43,46,42,-1,42,46,47,-1,42,47,44,-1,45,44,48,-1,48,44,49,-1,48,49,50,-1,50,49,51,-1,50,51,52,-1,52,51,53,-1,
        ]
    }
}
Shape{
    appearance Appearance {
        material  Material 	{
            diffuseColor 0.7529411764705882 0.7529411764705882 0.7529411764705882
            specularColor 0.3764705882352941 0.3764705882352941 0.3764705882352941
            ambientIntensity 0.7529
            transparency 0.0
            shininess 0.5
        }
    }
    geometry IndexedFaceSet {
        ccw TRUE
        solid FALSE
        coord DEF co Coordinate {
            point [
                0.1575 0.0394 0.6496, 0.4331 0.0394 0.6496, 0.1575 0.1968 0.7283, 0.4331 0.1968 0.7283
            ]
        }
        coordIndex [
            0,1,2,-1,2,1,3,-1,
        ]
    }
}
Shape{
    appearance Appearance {
        material  Material 	{
            diffuseColor 0.25098039215686274 0.25098039215686274 0.25098039215686274
            specularColor 0.12549019607843137 0.12549019607843137 0.12549019607843137
            ambientIntensity 0.251
            transparency 0.0
            shininess 0.5
        }
    }
    geometry IndexedFaceSet {
        ccw TRUE
        solid FALSE
        coord DEF co Coordinate {
            point [
                0.1575 -0.3937 0.5512, 0.1575 -0.3937 0.6496, 0.1575 0.0394 0.6496, 0.1575 0.1968 0.7283, 0.1575 0.6693 0.7283, 0.1575 0.6693 0.5512, 0.0 -0.3937 0.6496, 0.0 -0.3937 0.5512, 0.0 0.0394 0.6496, 0.0 0.6693 0.5512, 0.0 0.1968 0.7283, 0.0 0.6693 0.7283
            ]
        }
        coordIndex [
            0,1,2,-1,3,4,2,-1,2,4,5,-1,2,5,0,-1,1,0,6,-1,6,0,7,-1,6,7,8,-1,8,7,9,-1,8,9,10,-1,10,9,11,-1,
        ]
    }
}
Shape{
    appearance Appearance {
        material  Material 	{
            diffuseColor 0.7529411764705882 0.7529411764705882 0.7529411764705882
            specularColor 0.3764705882352941 0.3764705882352941 0.3764705882352941
            ambientIntensity 0.7529
            transparency 0.0
            shininess 0.5
        }
    }
    geometry IndexedFaceSet {
        ccw TRUE
        solid FALSE
        coord DEF co Coordinate {
            point [
                -0.2756 0.0394 0.6496, 0.0 0.0394 0.6496, -0.2756 0.1968 0.7283, 0.0 0.1968 0.7283
            ]
        }
        coordIndex [
            0,1,2,-1,2,1,3,-1,
        ]
    }
}
Shape{
    appearance Appearance {
        material  Material 	{
            diffuseColor 0.25098039215686274 0.25098039215686274 0.25098039215686274
            specularColor 0.12549019607843137 0.12549019607843137 0.12549019607843137
            ambientIntensity 0.251
            transparency 0.0
            shininess 0.5
        }
    }
    geometry IndexedFaceSet {
        ccw TRUE
        solid FALSE
        coord DEF co Coordinate {
            point [
                -0.2756 -0.3937 0.5512, -0.2756 -0.3937 0.6496, -0.2756 0.0394 0.6496, -0.2756 0.1968 0.7283, -0.2756 0.6693 0.7283, -0.2756 0.6693 0.5512, -0.4331 -0.3937 0.6496, -0.4331 -0.3937 0.5512, -0.4331 0.0394 0.6496, -0.4331 0.6693 0.5512, -0.4331 0.1968 0.7283, -0.4331 0.6693 0.7283
            ]
        }
        coordIndex [
            0,1,2,-1,3,4,2,-1,2,4,5,-1,2,5,0,-1,1,0,6,-1,6,0,7,-1,6,7,8,-1,8,7,9,-1,8,9,10,-1,10,9,11,-1,
        ]
    }
}
Shape{
    appearance Appearance {
        material  Material 	{
            diffuseColor 0.7529411764705882 0.7529411764705882 0.7529411764705882
            specularColor 0.3764705882352941 0.3764705882352941 0.3764705882352941
            ambientIntensity 0.7529
            transparency 0.0
            shininess 0.5
        }
    }
    geometry IndexedFaceSet {
        ccw TRUE
        solid FALSE
        coord DEF co Coordinate {
            point [
                -0.7087 0.0394 0.6496, -0.4331 0.0394 0.6496, -0.7087 0.1968 0.7283, -0.4331 0.1968 0.7283
            ]
        }
        coordIndex [
            0,1,2,-1,2,1,3,-1,
        ]
    }
}
Shape{
    appearance Appearance {
        material  Material 	{
            diffuseColor 0.25098039215686274 0.25098039215686274 0.25098039215686274
            specularColor 0.12549019607843137 0.12549019607843137 0.12549019607843137
            ambientIntensity 0.251
            transparency 0.0
            shininess 0.5
        }
    }
    geometry IndexedFaceSet {
        ccw TRUE
        solid FALSE
        coord DEF co Coordinate {
            point [
                -0.7087 -0.3937 0.5512, -0.7087 -0.3937 0.6496, -0.7087 0.0394 0.6496, -0.7087 0.1968 0.7283, -0.7087 0.6693 0.7283, -0.7087 0.6693 0.5512, -0.8661 -0.3937 0.6496, -0.8661 -0.3937 0.5512, -0.8661 0.0394 0.6496, -0.8661 0.6693 0.5512, -0.8661 0.1968 0.7283, -0.8661 0.6693 0.7283
            ]
        }
        coordIndex [
            0,1,2,-1,3,4,2,-1,2,4,5,-1,2,5,0,-1,1,0,6,-1,6,0,7,-1,6,7,8,-1,8,7,9,-1,8,9,10,-1,10,9,11,-1,
        ]
    }
}
Shape{
    appearance Appearance {
        material  Material 	{
            diffuseColor 0.7529411764705882 0.7529411764705882 0.7529411764705882
            specularColor 0.3764705882352941 0.3764705882352941 0.3764705882352941
            ambientIntensity 0.7529
            transparency 0.0
            shininess 0.5
        }
    }
    geometry IndexedFaceSet {
        ccw TRUE
        solid FALSE
        coord DEF co Coordinate {
            point [
                -1.1417 0.0394 0.6496, -0.8661 0.0394 0.6496, -1.1417 0.1968 0.7283, -0.8661 0.1968 0.7283
            ]
        }
        coordIndex [
            0,1,2,-1,2,1,3,-1,
        ]
    }
}
Shape{
    appearance Appearance {
        material  Material 	{
            diffuseColor 0.25098039215686274 0.25098039215686274 0.25098039215686274
            specularColor 0.12549019607843137 0.12549019607843137 0.12549019607843137
            ambientIntensity 0.251
            transparency 0.0
            shininess 0.5
        }
    }
    geometry IndexedFaceSet {
        ccw TRUE
        solid FALSE
        coord DEF co Coordinate {
            point [
                -1.1417 -0.3937 0.5512, -1.1417 -0.3937 0.6496, -1.1417 0.0394 0.6496, -1.1417 0.1968 0.7283, -1.1417 0.6693 0.7283, -1.1417 0.6693 0.5512, -1.2992 -0.3937 0.6496, -1.2992 -0.3937 0.5512, -1.2992 0.0394 0.6496, -1.2992 0.6693 0.5512, -1.2992 0.1968 0.7283, -1.2992 0.6693 0.7283
            ]
        }
        coordIndex [
            0,1,2,-1,3,4,2,-1,2,4,5,-1,2,5,0,-1,1,0,6,-1,6,0,7,-1,6,7,8,-1,8,7,9,-1,8,9,10,-1,10,9,11,-1,
        ]
    }
}
Shape{
    appearance Appearance {
        material  Material 	{
            diffuseColor 0.7529411764705882 0.7529411764705882 0.7529411764705882
            specularColor 0.3764705882352941 0.3764705882352941 0.3764705882352941
            ambientIntensity 0.7529
            transparency 0.0
            shininess 0.5
        }
    }
    geometry IndexedFaceSet {
        ccw TRUE
        solid FALSE
        coord DEF co Coordinate {
            point [
                -1.5748 0.0394 0.6496, -1.2992 0.0394 0.6496, -1.5748 0.1968 0.7283, -1.2992 0.1968 0.7283
            ]
        }
        coordIndex [
            0,1,2,-1,2,1,3,-1,
        ]
    }
}
Shape{
    appearance Appearance {
        material  Material 	{
            diffuseColor 0.25098039215686274 0.25098039215686274 0.25098039215686274
            specularColor 0.12549019607843137 0.12549019607843137 0.12549019607843137
            ambientIntensity 0.251
            transparency 0.0
            shininess 0.5
        }
    }
    geometry IndexedFaceSet {
        ccw TRUE
        solid FALSE
        coord DEF co Coordinate {
            point [
                -1.5748 -0.3937 0.5512, -1.5748 -0.3937 0.6496, -1.5748 0.0394 0.6496, -1.5748 0.1968 0.7283, -1.5748 0.6693 0.7283, -1.5748 0.6693 0.5512, -1.7323 -0.3937 0.6496, -1.7323 -0.3937 0.5512, 1.8307 -0.7087 0.0984, 1.8307 -0.689 0.0984, 1.8307 -0.7087 0.6496, 1.8307 -0.689 0.6496, 1.8151 0.2526 0.9646, 1.8151 0.2526 0.6496, 1.8236 0.2407 0.9646, 1.8236 0.2407 0.6496, 1.8289 0.2271 0.9646, 1.8289 0.2271 0.6496, 1.8307 0.2126 0.9646, 1.8307 0.2126 0.6496, 1.6353 0.4475 0.9646, 1.6353 0.4475 0.6496, 1.604 0.5276 0.9646, 1.604 0.5276 0.6496, 1.6076 0.4985 0.6496, 1.6076 0.4985 0.9646, 1.6183 0.4713 0.6496, 1.6183 0.4713 0.9646
            ]
        }
        coordIndex [
            0,1,2,-1,3,4,2,-1,2,4,5,-1,2,5,0,-1,1,0,6,-1,6,0,7,-1,8,9,10,-1,10,9,11,-1,12,13,14,-1,14,13,15,-1,14,15,16,-1,16,15,17,-1,16,17,18,-1,18,17,19,-1,12,20,13,-1,13,20,21,-1,22,23,24,-1,22,24,25,-1,25,24,26,-1,25,26,27,-1,27,26,21,-1,27,21,20,-1,
        ]
    }
}
Shape{
    appearance Appearance {
        material  Material 	{
            diffuseColor 0.7529411764705882 0.7529411764705882 0.7529411764705882
            specularColor 0.3764705882352941 0.3764705882352941 0.3764705882352941
            ambientIntensity 0.7529
            transparency 0.0
            shininess 0.5
        }
    }
    geometry IndexedFaceSet {
        ccw TRUE
        solid FALSE
        coord DEF co Coordinate {
            point [
                1.604 0.5276 0.9646, 1.604 0.8031 0.9646, 1.604 0.5276 0.6496, 1.604 0.8031 0.6496, 1.7872 0.9612 0.9646, 1.7872 0.9612 0.6496, 1.7481 0.9622 0.6496, 1.7481 0.9622 0.9646, 1.7099 0.9536 0.6496, 1.7099 0.9536 0.9646, 1.675 0.936 0.6496, 1.675 0.936 0.9646, 1.6454 0.9105 0.6496, 1.6454 0.9105 0.9646, 1.6411 0.9055 0.6496, 1.6228 0.8785 0.9646, 1.6228 0.8785 0.6496, 1.6088 0.842 0.6496, 1.6088 0.842 0.9646
            ]
        }
        coordIndex [
            0,1,2,-1,2,1,3,-1,4,5,6,-1,4,6,7,-1,7,6,8,-1,7,8,9,-1,9,8,10,-1,9,10,11,-1,11,10,12,-1,11,12,13,-1,13,12,14,-1,13,14,15,-1,14,16,15,-1,15,16,17,-1,15,17,18,-1,18,17,3,-1,18,3,1,-1,
        ]
    }
}
Shape{
    appearance Appearance {
        material  Material 	{
            diffuseColor 0.25098039215686274 0.25098039215686274 0.25098039215686274
            specularColor 0.12549019607843137 0.12549019607843137 0.12549019607843137
            ambientIntensity 0.251
            transparency 0.0
            shininess 0.5
        }
    }
    geometry IndexedFaceSet {
        ccw TRUE
        solid FALSE
        coord DEF co Coordinate {
            point [
                1.5748 0.9055 0.7283, 1.5945 0.9055 0.7283, 1.5945 0.9055 0.6496, 1.5748 0.9055 0.1299, 1.6411 0.9055 0.6496, 1.825 0.9055 0.6496, 2.1339 0.9055 0.4453, 2.1339 0.9055 0.1535, 1.8583 0.9055 0.1299, 2.0787 0.9055 0.0984, 1.8583 0.9055 0.0984, 1.9685 0.9055 0.4453, 1.9685 0.9055 0.5708, 1.9685 0.9055 0.6496, 1.5945 0.0394 0.6496, 1.5945 0.1968 0.7283, 1.4567 0.1968 0.7283, 1.4567 0.0394 0.6496, 1.4567 -0.3937 0.5512, 1.4567 -0.3937 0.6496, 1.4567 0.6693 0.7283, 1.4567 0.6693 0.5512, 1.2992 -0.3937 0.6496, 1.2992 -0.3937 0.5512, 1.2992 0.0394 0.6496, 1.2992 0.6693 0.5512, 1.2992 0.1968 0.7283, 1.2992 0.6693 0.7283, -1.7716 0.6693 0.5512, -1.7323 0.6693 0.5512, -1.7323 -0.3937 0.5512, -1.5748 0.6693 0.5512, -1.5354 0.6693 0.5512, -1.5748 -0.3937 0.5512, -1.5354 -0.9055 0.5512, -1.7716 -0.9055 0.5512, -1.7716 -0.9055 0.1969, -1.7716 0.6693 0.1969, -1.752 0.4921 0.1969, -1.7323 0.4921 0.1969, -1.7323 0.6693 0.1969, -1.5748 0.6693 0.1969, -1.5748 0.4921 0.1969, -1.5354 0.6693 0.1969, -1.5551 0.4921 0.1969, -1.5354 -0.9055 0.1969, -1.5551 -0.7362 0.1969, -1.752 -0.7362 0.1969, 1.4567 0.6693 0.1969, 1.4567 0.6693 0.1299, 1.4567 0.4921 0.1969, 1.4567 0.4724 0.1299, 1.4567 0.4724 0.1969, 1.8583 0.4724 0.1299, 1.5354 0.8661 0.1299, 1.5354 0.6693 0.1299, 1.8583 0.4724 0.0984, 1.9291 -0.9055 0.0984, 1.8898 -0.8268 0.0984, 2.0787 -0.9055 0.0984, 1.8898 -0.7087 0.0984, 1.9291 -0.6299 0.0984, 1.8898 -0.689 0.0984, 1.8307 -0.689 0.0984, 2.0276 -0.3347 0.0984, 1.9685 -0.3347 0.0984, 1.9291 -0.2362 0.0984, 1.9685 -0.4528 0.0984, 1.7913 -0.9055 0.0984, 1.5551 -0.9055 0.0984, 1.8307 -0.8268 0.0984, 1.5551 -0.689 0.0984, 1.8307 -0.7087 0.0984, 1.5571 -0.6737 0.0984, 1.563 -0.6595 0.0984, 2.0276 -0.4528 0.0984, 2.0787 0.0394 0.0984, 2.0551 0.0394 0.0984, 2.0551 0.6299 0.0984, 1.5989 -0.6319 0.0984, 1.6142 -0.6299 0.0984, 2.0787 0.6299 0.0984, 1.752 0.4724 0.0984, 1.752 -0.2362 0.0984, 1.5724 -0.6472 0.0984, 1.5847 -0.6378 0.0984, 1.752 -0.2362 0.0197, 1.752 0.4724 0.0197, 1.1614 -0.9055 0.0197, 1.5551 -0.9055 0.0197, 1.5551 -0.689 0.0197, 1.5571 -0.6737 0.0197, 0.7284 -0.9055 0.0197, 0.2953 -0.9055 0.0197, -1.8386 0.4724 0.0197, -0.1378 -0.9055 0.0197, -0.5709 -0.9055 0.0197, 1.5989 -0.6319 0.0197, 1.5847 -0.6378 0.0197, 1.5724 -0.6472 0.0197, 1.563 -0.6595 0.0197, 1.9291 -0.2362 0.0197, 1.9291 -0.6299 0.0197, 1.6142 -0.6299 0.0197, -1.0039 -0.9055 0.0197, -1.437 -0.9055 0.0197, -1.8386 -0.9055 0.0197, -1.8819 -0.9055 0.063, -1.8819 0.4724 0.063
            ]
        }
        coordIndex [
            0,1,2,-1,0,2,3,-1,3,2,4,-1,3,4,5,-1,6,7,8,-1,8,7,9,-1,8,9,10,-1,6,8,11,-1,11,8,3,-1,11,3,12,-1,12,3,5,-1,12,5,13,-1,14,2,15,-1,15,2,1,-1,15,16,14,-1,14,16,17,-1,18,19,17,-1,16,20,17,-1,17,20,21,-1,17,21,18,-1,19,18,22,-1,22,18,23,-1,22,23,24,-1,24,23,25,-1,24,25,26,-1,26,25,27,-1,28,29,30,-1,31,32,33,-1,33,32,34,-1,33,34,30,-1,30,34,35,-1,30,35,28,-1,36,37,35,-1,35,37,28,-1,38,39,40,-1,41,42,43,-1,43,42,44,-1,43,44,45,-1,45,44,46,-1,45,46,36,-1,46,47,36,-1,36,47,38,-1,36,38,37,-1,37,38,40,-1,48,49,50,-1,50,49,51,-1,50,51,52,-1,53,51,49,-1,3,8,54,-1,54,8,53,-1,54,53,55,-1,55,53,49,-1,53,8,56,-1,56,8,10,-1,57,58,59,-1,59,58,60,-1,59,60,61,-1,61,60,62,-1,61,62,63,-1,64,65,66,-1,66,65,67,-1,66,67,61,-1,68,69,70,-1,70,69,71,-1,70,71,72,-1,72,71,73,-1,72,73,74,-1,61,67,59,-1,59,67,75,-1,59,75,76,-1,75,64,76,-1,76,64,66,-1,76,66,77,-1,77,66,78,-1,72,79,63,-1,63,79,80,-1,63,80,61,-1,9,81,10,-1,10,81,78,-1,10,78,56,-1,56,78,66,-1,56,66,82,-1,82,66,83,-1,74,84,72,-1,72,84,85,-1,72,85,79,-1,86,87,83,-1,83,87,82,-1,87,86,88,-1,89,88,90,-1,90,88,91,-1,88,92,87,-1,87,92,93,-1,87,93,94,-1,94,93,95,-1,94,95,96,-1,97,98,86,-1,86,98,99,-1,86,99,88,-1,88,99,100,-1,88,100,91,-1,101,102,86,-1,86,102,103,-1,86,103,97,-1,96,104,94,-1,94,104,105,-1,94,105,106,-1,107,108,106,-1,106,108,94,-1,
        ]
    }
}
Shape{
    appearance Appearance {
        material  Material 	{
            diffuseColor 0.7529411764705882 0.7529411764705882 0.7529411764705882
            specularColor 0.3764705882352941 0.3764705882352941 0.3764705882352941
            ambientIntensity 0.7529
            transparency 0.0
            shininess 0.5
        }
    }
    geometry IndexedFaceSet {
        ccw TRUE
        solid FALSE
        coord DEF co Coordinate {
            point [
                -1.5748 0.4724 0.1969, -1.7323 0.4724 0.1969, -1.7126 0.4921 0.1969, -1.7323 0.4921 0.1969, -1.5748 0.4921 0.1969, -1.5945 0.4921 0.1969, -1.5945 0.5118 0.1969, -1.7126 0.5118 0.1969
            ]
        }
        coordIndex [
            0,1,2,-1,2,1,3,-1,4,0,5,-1,5,0,2,-1,5,2,6,-1,6,2,7,-1,
        ]
    }
}
Shape{
    appearance Appearance {
        material  Material 	{
            diffuseColor 0.25098039215686274 0.25098039215686274 0.25098039215686274
            specularColor 0.12549019607843137 0.12549019607843137 0.12549019607843137
            ambientIntensity 0.251
            transparency 0.0
            shininess 0.5
        }
    }
    geometry IndexedFaceSet {
        ccw TRUE
        solid FALSE
        coord DEF co Coordinate {
            point [
                -1.5748 0.6693 0.1969, -1.5748 0.6693 0.1299, -1.5748 0.4921 0.1969, -1.5748 0.4724 0.1299, -1.5748 0.4724 0.1969, -1.3779 0.6693 0.1299, -1.2992 0.6693 0.1299, -1.2992 0.4724 0.1299, -1.4961 0.8661 0.1299, -1.4567 0.9055 0.1299, -1.4961 0.6693 0.1299, -1.4173 0.9055 0.1299, -1.3779 0.8661 0.1299, -1.2992 0.4724 0.1969, -1.2992 0.4921 0.1969, -1.2992 0.6693 0.1969
            ]
        }
        coordIndex [
            0,1,2,-1,2,1,3,-1,2,3,4,-1,5,6,7,-1,8,9,10,-1,10,9,11,-1,3,1,7,-1,7,1,10,-1,7,10,5,-1,5,10,11,-1,5,11,12,-1,13,7,14,-1,14,7,6,-1,14,6,15,-1,
        ]
    }
}
Shape{
    appearance Appearance {
        material  Material 	{
            diffuseColor 0.7529411764705882 0.7529411764705882 0.7529411764705882
            specularColor 0.3764705882352941 0.3764705882352941 0.3764705882352941
            ambientIntensity 0.7529
            transparency 0.0
            shininess 0.5
        }
    }
    geometry IndexedFaceSet {
        ccw TRUE
        solid FALSE
        coord DEF co Coordinate {
            point [
                -1.1417 0.4724 0.1969, -1.2992 0.4724 0.1969, -1.2795 0.4921 0.1969, -1.2992 0.4921 0.1969, -1.1417 0.4921 0.1969, -1.1614 0.4921 0.1969, -1.1614 0.5118 0.1969, -1.2795 0.5118 0.1969
            ]
        }
        coordIndex [
            0,1,2,-1,2,1,3,-1,4,0,5,-1,5,0,2,-1,5,2,6,-1,6,2,7,-1,
        ]
    }
}
Shape{
    appearance Appearance {
        material  Material 	{
            diffuseColor 0.25098039215686274 0.25098039215686274 0.25098039215686274
            specularColor 0.12549019607843137 0.12549019607843137 0.12549019607843137
            ambientIntensity 0.251
            transparency 0.0
            shininess 0.5
        }
    }
    geometry IndexedFaceSet {
        ccw TRUE
        solid FALSE
        coord DEF co Coordinate {
            point [
                -1.1417 0.6693 0.1969, -1.1417 0.6693 0.1299, -1.1417 0.4921 0.1969, -1.1417 0.4724 0.1299, -1.1417 0.4724 0.1969, -0.8661 0.4724 0.1299, -1.063 0.6693 0.1299, -1.0236 0.9055 0.1299, -0.9842 0.9055 0.1299, -1.063 0.8661 0.1299, -0.9449 0.8661 0.1299, -0.9449 0.6693 0.1299, -0.8661 0.6693 0.1299, -0.8661 0.4724 0.1969, -0.8661 0.4921 0.1969, -0.8661 0.6693 0.1969
            ]
        }
        coordIndex [
            0,1,2,-1,2,1,3,-1,2,3,4,-1,3,1,5,-1,5,1,6,-1,7,8,9,-1,9,8,10,-1,9,10,6,-1,6,10,11,-1,6,11,5,-1,5,11,12,-1,13,5,14,-1,14,5,12,-1,14,12,15,-1,
        ]
    }
}
Shape{
    appearance Appearance {
        material  Material 	{
            diffuseColor 0.7529411764705882 0.7529411764705882 0.7529411764705882
            specularColor 0.3764705882352941 0.3764705882352941 0.3764705882352941
            ambientIntensity 0.7529
            transparency 0.0
            shininess 0.5
        }
    }
    geometry IndexedFaceSet {
        ccw TRUE
        solid FALSE
        coord DEF co Coordinate {
            point [
                -0.7087 0.4724 0.1969, -0.8661 0.4724 0.1969, -0.8465 0.4921 0.1969, -0.8661 0.4921 0.1969, -0.7087 0.4921 0.1969, -0.7283 0.4921 0.1969, -0.7283 0.5118 0.1969, -0.8465 0.5118 0.1969
            ]
        }
        coordIndex [
            0,1,2,-1,2,1,3,-1,4,0,5,-1,5,0,2,-1,5,2,6,-1,6,2,7,-1,
        ]
    }
}
Shape{
    appearance Appearance {
        material  Material 	{
            diffuseColor 0.25098039215686274 0.25098039215686274 0.25098039215686274
            specularColor 0.12549019607843137 0.12549019607843137 0.12549019607843137
            ambientIntensity 0.251
            transparency 0.0
            shininess 0.5
        }
    }
    geometry IndexedFaceSet {
        ccw TRUE
        solid FALSE
        coord DEF co Coordinate {
            point [
                -0.7087 0.6693 0.1969, -0.7087 0.6693 0.1299, -0.7087 0.4921 0.1969, -0.7087 0.4724 0.1299, -0.7087 0.4724 0.1969, -0.4331 0.4724 0.1299, -0.6299 0.6693 0.1299, -0.5118 0.6693 0.1299, -0.4331 0.6693 0.1299, -0.5512 0.9055 0.1299, -0.5118 0.8661 0.1299, -0.5905 0.9055 0.1299, -0.6299 0.8661 0.1299, -0.4331 0.4724 0.1969, -0.4331 0.4921 0.1969, -0.4331 0.6693 0.1969
            ]
        }
        coordIndex [
            0,1,2,-1,2,1,3,-1,2,3,4,-1,5,3,1,-1,1,6,5,-1,5,6,7,-1,5,7,8,-1,9,10,11,-1,11,10,7,-1,11,7,12,-1,12,7,6,-1,13,5,14,-1,14,5,8,-1,14,8,15,-1,
        ]
    }
}
Shape{
    appearance Appearance {
        material  Material 	{
            diffuseColor 0.7529411764705882 0.7529411764705882 0.7529411764705882
            specularColor 0.3764705882352941 0.3764705882352941 0.3764705882352941
            ambientIntensity 0.7529
            transparency 0.0
            shininess 0.5
        }
    }
    geometry IndexedFaceSet {
        ccw TRUE
        solid FALSE
        coord DEF co Coordinate {
            point [
                -0.2756 0.4724 0.1969, -0.4331 0.4724 0.1969, -0.4134 0.4921 0.1969, -0.4331 0.4921 0.1969, -0.2756 0.4921 0.1969, -0.2953 0.4921 0.1969, -0.2953 0.5118 0.1969, -0.4134 0.5118 0.1969, -0.2756 0.6693 0.1969, -0.2756 0.6693 0.1299, -0.2756 0.4724 0.1299
            ]
        }
        coordIndex [
            0,1,2,-1,2,1,3,-1,4,0,5,-1,5,0,2,-1,5,2,6,-1,6,2,7,-1,8,9,4,-1,4,9,10,-1,4,10,0,-1,
        ]
    }
}
Shape{
    appearance Appearance {
        material  Material 	{
            diffuseColor 0.25098039215686274 0.25098039215686274 0.25098039215686274
            specularColor 0.12549019607843137 0.12549019607843137 0.12549019607843137
            ambientIntensity 0.251
            transparency 0.0
            shininess 0.5
        }
    }
    geometry IndexedFaceSet {
        ccw TRUE
        solid FALSE
        coord DEF co Coordinate {
            point [
                0.0 0.4724 0.1299, -0.2756 0.4724 0.1299, -0.2756 0.6693 0.1299, -0.1968 0.6693 0.1299, -0.0787 0.6693 0.1299, 0.0 0.6693 0.1299, -0.1181 0.9055 0.1299, -0.0787 0.8661 0.1299, -0.1575 0.9055 0.1299, -0.1968 0.8661 0.1299, 0.0 0.4724 0.1969, 0.0 0.4921 0.1969, 0.0 0.6693 0.1969
            ]
        }
        coordIndex [
            0,1,2,-1,2,3,0,-1,0,3,4,-1,0,4,5,-1,6,7,8,-1,8,7,4,-1,8,4,9,-1,9,4,3,-1,10,0,11,-1,11,0,5,-1,11,5,12,-1,
        ]
    }
}
Shape{
    appearance Appearance {
        material  Material 	{
            diffuseColor 0.7529411764705882 0.7529411764705882 0.7529411764705882
            specularColor 0.3764705882352941 0.3764705882352941 0.3764705882352941
            ambientIntensity 0.7529
            transparency 0.0
            shininess 0.5
        }
    }
    geometry IndexedFaceSet {
        ccw TRUE
        solid FALSE
        coord DEF co Coordinate {
            point [
                0.1575 0.4724 0.1969, 0.0 0.4724 0.1969, 0.0197 0.4921 0.1969, 0.0 0.4921 0.1969, 0.1575 0.4921 0.1969, 0.1378 0.4921 0.1969, 0.1378 0.5118 0.1969, 0.0197 0.5118 0.1969
            ]
        }
        coordIndex [
            0,1,2,-1,2,1,3,-1,4,0,5,-1,5,0,2,-1,5,2,6,-1,6,2,7,-1,
        ]
    }
}
Shape{
    appearance Appearance {
        material  Material 	{
            diffuseColor 0.25098039215686274 0.25098039215686274 0.25098039215686274
            specularColor 0.12549019607843137 0.12549019607843137 0.12549019607843137
            ambientIntensity 0.251
            transparency 0.0
            shininess 0.5
        }
    }
    geometry IndexedFaceSet {
        ccw TRUE
        solid FALSE
        coord DEF co Coordinate {
            point [
                0.1575 0.6693 0.1969, 0.1575 0.6693 0.1299, 0.1575 0.4921 0.1969, 0.1575 0.4724 0.1299, 0.1575 0.4724 0.1969, 0.4331 0.4724 0.1299, 0.2362 0.6693 0.1299, 0.3543 0.6693 0.1299, 0.4331 0.6693 0.1299, 0.315 0.9055 0.1299, 0.3543 0.8661 0.1299, 0.2756 0.9055 0.1299, 0.2362 0.8661 0.1299, 0.4331 0.4724 0.1969, 0.4331 0.4921 0.1969, 0.4331 0.6693 0.1969
            ]
        }
        coordIndex [
            0,1,2,-1,2,1,3,-1,2,3,4,-1,5,3,1,-1,1,6,5,-1,5,6,7,-1,5,7,8,-1,9,10,11,-1,11,10,7,-1,11,7,12,-1,12,7,6,-1,13,5,14,-1,14,5,8,-1,14,8,15,-1,
        ]
    }
}
Shape{
    appearance Appearance {
        material  Material 	{
            diffuseColor 0.7529411764705882 0.7529411764705882 0.7529411764705882
            specularColor 0.3764705882352941 0.3764705882352941 0.3764705882352941
            ambientIntensity 0.7529
            transparency 0.0
            shininess 0.5
        }
    }
    geometry IndexedFaceSet {
        ccw TRUE
        solid FALSE
        coord DEF co Coordinate {
            point [
                0.5906 0.4724 0.1969, 0.4331 0.4724 0.1969, 0.4528 0.4921 0.1969, 0.4331 0.4921 0.1969, 0.5906 0.4921 0.1969, 0.5709 0.4921 0.1969, 0.5709 0.5118 0.1969, 0.4528 0.5118 0.1969
            ]
        }
        coordIndex [
            0,1,2,-1,2,1,3,-1,4,0,5,-1,5,0,2,-1,5,2,6,-1,6,2,7,-1,
        ]
    }
}
Shape{
    appearance Appearance {
        material  Material 	{
            diffuseColor 0.25098039215686274 0.25098039215686274 0.25098039215686274
            specularColor 0.12549019607843137 0.12549019607843137 0.12549019607843137
            ambientIntensity 0.251
            transparency 0.0
            shininess 0.5
        }
    }
    geometry IndexedFaceSet {
        ccw TRUE
        solid FALSE
        coord DEF co Coordinate {
            point [
                0.5906 0.6693 0.1969, 0.5906 0.6693 0.1299, 0.5906 0.4921 0.1969, 0.5906 0.4724 0.1299, 0.5906 0.4724 0.1969, 0.7874 0.6693 0.1299, 0.8661 0.6693 0.1299, 0.8661 0.4724 0.1299, 0.6693 0.8661 0.1299, 0.7087 0.9055 0.1299, 0.6693 0.6693 0.1299, 0.748 0.9055 0.1299, 0.7874 0.8661 0.1299, 0.8661 0.4724 0.1969, 0.8661 0.4921 0.1969, 0.8661 0.6693 0.1969
            ]
        }
        coordIndex [
            0,1,2,-1,2,1,3,-1,2,3,4,-1,5,6,7,-1,8,9,10,-1,10,9,11,-1,3,1,7,-1,7,1,10,-1,7,10,5,-1,5,10,11,-1,5,11,12,-1,13,7,14,-1,14,7,6,-1,14,6,15,-1,
        ]
    }
}
Shape{
    appearance Appearance {
        material  Material 	{
            diffuseColor 0.7529411764705882 0.7529411764705882 0.7529411764705882
            specularColor 0.3764705882352941 0.3764705882352941 0.3764705882352941
            ambientIntensity 0.7529
            transparency 0.0
            shininess 0.5
        }
    }
    geometry IndexedFaceSet {
        ccw TRUE
        solid FALSE
        coord DEF co Coordinate {
            point [
                1.0236 0.4724 0.1969, 0.8661 0.4724 0.1969, 0.8858 0.4921 0.1969, 0.8661 0.4921 0.1969, 1.0236 0.4921 0.1969, 1.0039 0.4921 0.1969, 1.0039 0.5118 0.1969, 0.8858 0.5118 0.1969, 1.0236 0.6693 0.1969, 1.0236 0.6693 0.1299, 1.0236 0.4724 0.1299
            ]
        }
        coordIndex [
            0,1,2,-1,2,1,3,-1,4,0,5,-1,5,0,2,-1,5,2,6,-1,6,2,7,-1,8,9,4,-1,4,9,10,-1,4,10,0,-1,
        ]
    }
}
Shape{
    appearance Appearance {
        material  Material 	{
            diffuseColor 0.25098039215686274 0.25098039215686274 0.25098039215686274
            specularColor 0.12549019607843137 0.12549019607843137 0.12549019607843137
            ambientIntensity 0.251
            transparency 0.0
            shininess 0.5
        }
    }
    geometry IndexedFaceSet {
        ccw TRUE
        solid FALSE
        coord DEF co Coordinate {
            point [
                1.0236 0.4724 0.1299, 1.0236 0.6693 0.1299, 1.2992 0.4724 0.1299, 1.1024 0.6693 0.1299, 1.1417 0.9055 0.1299, 1.1811 0.9055 0.1299, 1.1024 0.8661 0.1299, 1.2205 0.8661 0.1299, 1.2205 0.6693 0.1299, 1.2992 0.6693 0.1299, 1.2992 0.4724 0.1969, 1.2992 0.4921 0.1969, 1.2992 0.6693 0.1969
            ]
        }
        coordIndex [
            0,1,2,-1,2,1,3,-1,4,5,6,-1,6,5,7,-1,6,7,3,-1,3,7,8,-1,3,8,2,-1,2,8,9,-1,10,2,11,-1,11,2,9,-1,11,9,12,-1,
        ]
    }
}
Shape{
    appearance Appearance {
        material  Material 	{
            diffuseColor 0.7529411764705882 0.7529411764705882 0.7529411764705882
            specularColor 0.3764705882352941 0.3764705882352941 0.3764705882352941
            ambientIntensity 0.7529
            transparency 0.0
            shininess 0.5
        }
    }
    geometry IndexedFaceSet {
        ccw TRUE
        solid FALSE
        coord DEF co Coordinate {
            point [
                1.4567 0.4724 0.1969, 1.2992 0.4724 0.1969, 1.3189 0.4921 0.1969, 1.2992 0.4921 0.1969, 1.4567 0.4921 0.1969, 1.437 0.4921 0.1969, 1.437 0.5118 0.1969, 1.3189 0.5118 0.1969
            ]
        }
        coordIndex [
            0,1,2,-1,2,1,3,-1,4,0,5,-1,5,0,2,-1,5,2,6,-1,6,2,7,-1,
        ]
    }
}
Shape{
    appearance Appearance {
        material  Material 	{
            diffuseColor 0.25098039215686274 0.25098039215686274 0.25098039215686274
            specularColor 0.12549019607843137 0.12549019607843137 0.12549019607843137
            ambientIntensity 0.251
            transparency 0.0
            shininess 0.5
        }
    }
    geometry IndexedFaceSet {
        ccw TRUE
        solid FALSE
        coord DEF co Coordinate {
            point [
                -1.5354 -0.9055 0.5512, -1.5354 0.6693 0.5512, -1.5354 -0.9055 0.1969, -1.5354 0.6693 0.1969, -1.3386 0.6693 0.5512, -1.2992 0.6693 0.5512, -1.2992 -0.3937 0.5512, -1.1417 0.6693 0.5512, -1.1024 0.6693 0.5512, -1.1417 -0.3937 0.5512, -1.1024 -0.9055 0.5512, -1.3386 -0.9055 0.5512, -1.1024 -0.9055 0.1969, -1.1024 0.6693 0.1969, -1.3189 0.4921 0.1969, -1.2992 0.4921 0.1969, -1.2992 0.6693 0.1969, -1.1417 0.6693 0.1969, -1.1417 0.4921 0.1969, -1.122 0.4921 0.1969, -1.122 -0.7362 0.1969, -1.3386 -0.9055 0.1969, -1.3189 -0.7362 0.1969, -1.3386 0.6693 0.1969, -0.9055 0.6693 0.5512, -0.8661 0.6693 0.5512, -0.8661 -0.3937 0.5512, -0.7087 0.6693 0.5512, -0.6693 0.6693 0.5512, -0.7087 -0.3937 0.5512, -0.6693 -0.9055 0.5512, -0.9055 -0.9055 0.5512, -0.6693 -0.9055 0.1969, -0.6693 0.6693 0.1969, -0.8858 0.4921 0.1969, -0.8661 0.4921 0.1969, -0.8661 0.6693 0.1969, -0.7087 0.6693 0.1969, -0.7087 0.4921 0.1969, -0.689 0.4921 0.1969, -0.689 -0.7362 0.1969, -0.9055 -0.9055 0.1969, -0.8858 -0.7362 0.1969, -0.9055 0.6693 0.1969, -0.4724 0.6693 0.5512, -0.4331 0.6693 0.5512, -0.4331 -0.3937 0.5512, -0.2756 0.6693 0.5512, -0.2362 0.6693 0.5512, -0.2756 -0.3937 0.5512, -0.2362 -0.9055 0.5512, -0.4724 -0.9055 0.5512, -0.2362 -0.9055 0.1969, -0.2362 0.6693 0.1969, -0.4528 0.4921 0.1969, -0.4331 0.4921 0.1969, -0.4331 0.6693 0.1969, -0.2756 0.6693 0.1969, -0.2756 0.4921 0.1969, -0.2559 0.4921 0.1969, -0.2559 -0.7362 0.1969, -0.4724 -0.9055 0.1969, -0.4528 -0.7362 0.1969, -0.4724 0.6693 0.1969, -0.0394 0.6693 0.5512, 0.0 0.6693 0.5512, 0.0 -0.3937 0.5512, 0.1575 0.6693 0.5512, 0.1969 0.6693 0.5512, 0.1575 -0.3937 0.5512, 0.1969 -0.9055 0.5512, -0.0394 -0.9055 0.5512, 0.1969 -0.9055 0.1969, 0.1969 0.6693 0.1969, -0.0197 0.4921 0.1969, 0.0 0.4921 0.1969, 0.0 0.6693 0.1969, 0.1575 0.6693 0.1969, 0.1575 0.4921 0.1969, 0.1772 0.4921 0.1969, 0.1772 -0.7362 0.1969, -0.0394 -0.9055 0.1969, -0.0197 -0.7362 0.1969, -0.0394 0.6693 0.1969, 0.3937 0.6693 0.5512, 0.4331 0.6693 0.5512, 0.4331 -0.3937 0.5512, 0.5906 0.6693 0.5512, 0.6299 0.6693 0.5512, 0.5906 -0.3937 0.5512, 0.6299 -0.9055 0.5512, 0.3937 -0.9055 0.5512, 0.6299 -0.9055 0.1969, 0.6299 0.6693 0.1969, 0.4134 0.4921 0.1969, 0.4331 0.4921 0.1969, 0.4331 0.6693 0.1969, 0.5906 0.6693 0.1969, 0.5906 0.4921 0.1969, 0.6102 0.4921 0.1969, 0.6102 -0.7362 0.1969, 0.3937 -0.9055 0.1969, 0.4134 -0.7362 0.1969, 0.3937 0.6693 0.1969, 0.8268 0.6693 0.5512, 0.8661 0.6693 0.5512, 0.8661 -0.3937 0.5512, 1.0236 0.6693 0.5512, 1.063 0.6693 0.5512, 1.0236 -0.3937 0.5512, 1.063 -0.9055 0.5512, 0.8268 -0.9055 0.5512, 1.063 -0.9055 0.1969, 1.063 0.6693 0.1969, 0.8465 0.4921 0.1969, 0.8661 0.4921 0.1969, 0.8661 0.6693 0.1969, 1.0236 0.6693 0.1969, 1.0236 0.4921 0.1969, 1.0433 0.4921 0.1969, 1.0433 -0.7362 0.1969, 0.8268 -0.9055 0.1969, 0.8465 -0.7362 0.1969, 0.8268 0.6693 0.1969, 1.2598 0.6693 0.5512, 1.2992 0.6693 0.5512, 1.2992 -0.3937 0.5512, 1.4567 0.6693 0.5512, 1.4961 0.6693 0.5512, 1.4567 -0.3937 0.5512, 1.4961 -0.9055 0.5512, 1.2598 -0.9055 0.5512, 1.4961 -0.9055 0.1969, 1.4961 0.6693 0.1969, 1.2795 0.4921 0.1969, 1.2992 0.4921 0.1969, 1.2992 0.6693 0.1969, 1.4567 0.6693 0.1969, 1.4567 0.4921 0.1969, 1.4764 0.4921 0.1969, 1.4764 -0.7362 0.1969, 1.2598 -0.9055 0.1969, 1.2795 -0.7362 0.1969, 1.2598 0.6693 0.1969, 1.5551 -0.689 0.0984, 1.5551 -0.9055 0.0984, 1.5551 -0.689 0.0197, 1.5551 -0.9055 0.0197, 1.7913 -0.9055 0.0984, 1.8307 -0.8268 0.0984, 1.7913 -0.9055 0.1083, 1.8307 -0.8268 0.6496, 1.7913 -0.9055 0.6102
            ]
        }
        coordIndex [
            0,1,2,-1,2,1,3,-1,4,5,6,-1,7,8,9,-1,9,8,10,-1,9,10,6,-1,6,10,11,-1,6,11,4,-1,10,8,12,-1,12,8,13,-1,14,15,16,-1,17,18,13,-1,13,18,19,-1,13,19,12,-1,12,19,20,-1,12,20,21,-1,20,22,21,-1,21,22,14,-1,21,14,23,-1,23,14,16,-1,21,23,11,-1,11,23,4,-1,24,25,26,-1,27,28,29,-1,29,28,30,-1,29,30,26,-1,26,30,31,-1,26,31,24,-1,30,28,32,-1,32,28,33,-1,34,35,36,-1,37,38,33,-1,33,38,39,-1,33,39,32,-1,32,39,40,-1,32,40,41,-1,40,42,41,-1,41,42,34,-1,41,34,43,-1,43,34,36,-1,41,43,31,-1,31,43,24,-1,44,45,46,-1,47,48,49,-1,49,48,50,-1,49,50,46,-1,46,50,51,-1,46,51,44,-1,50,48,52,-1,52,48,53,-1,54,55,56,-1,57,58,53,-1,53,58,59,-1,53,59,52,-1,52,59,60,-1,52,60,61,-1,60,62,61,-1,61,62,54,-1,61,54,63,-1,63,54,56,-1,61,63,51,-1,51,63,44,-1,64,65,66,-1,67,68,69,-1,69,68,70,-1,69,70,66,-1,66,70,71,-1,66,71,64,-1,70,68,72,-1,72,68,73,-1,74,75,76,-1,77,78,73,-1,73,78,79,-1,73,79,72,-1,72,79,80,-1,72,80,81,-1,80,82,81,-1,81,82,74,-1,81,74,83,-1,83,74,76,-1,81,83,71,-1,71,83,64,-1,84,85,86,-1,87,88,89,-1,89,88,90,-1,89,90,86,-1,86,90,91,-1,86,91,84,-1,90,88,92,-1,92,88,93,-1,94,95,96,-1,97,98,93,-1,93,98,99,-1,93,99,92,-1,92,99,100,-1,92,100,101,-1,100,102,101,-1,101,102,94,-1,101,94,103,-1,103,94,96,-1,101,103,91,-1,91,103,84,-1,104,105,106,-1,107,108,109,-1,109,108,110,-1,109,110,106,-1,106,110,111,-1,106,111,104,-1,110,108,112,-1,112,108,113,-1,114,115,116,-1,117,118,113,-1,113,118,119,-1,113,119,112,-1,112,119,120,-1,112,120,121,-1,120,122,121,-1,121,122,114,-1,121,114,123,-1,123,114,116,-1,121,123,111,-1,111,123,104,-1,124,125,126,-1,127,128,129,-1,129,128,130,-1,129,130,126,-1,126,130,131,-1,126,131,124,-1,130,128,132,-1,132,128,133,-1,134,135,136,-1,137,138,133,-1,133,138,139,-1,133,139,132,-1,132,139,140,-1,132,140,141,-1,140,142,141,-1,141,142,134,-1,141,134,143,-1,143,134,136,-1,141,143,131,-1,131,143,124,-1,144,145,146,-1,146,145,147,-1,148,149,150,-1,150,149,151,-1,150,151,152,-1,
        ]
    }
}
Shape{
    appearance Appearance {
        material  Material 	{
            diffuseColor 0.7529411764705882 0.7529411764705882 0.7529411764705882
            specularColor 0.3764705882352941 0.3764705882352941 0.3764705882352941
            ambientIntensity 0.7529
            transparency 0.0
            shininess 0.5
        }
    }
    geometry IndexedFaceSet {
        ccw TRUE
        solid FALSE
        coord DEF co Coordinate {
            point [
                -2.0551 0.0394 0.7579, -2.0551 0.6299 0.7579, -2.0551 0.0394 0.4626, -2.0551 0.6299 0.4626, -2.1697 -0.8577 0.0872, -2.1735 -0.8546 0.0903, -2.2244 -0.9055 0.0394, -2.1523 -0.8656 0.0793, -2.1594 -0.8637 0.0812, -2.1523 -0.8656 0.0793, -2.1615 -0.8626 0.0822, -2.1667 -0.8601 0.0848, -1.9488 -0.895 0.0499, -1.9403 -0.8892 0.0556, -1.9882 -0.9055 0.0394, -1.9325 -0.8825 0.0624, -1.92 -0.8661 0.0787, -2.1457 -0.8661 0.0787, -1.9779 -0.9048 0.04, -1.9678 -0.9028 0.0421, -1.9581 -0.8995 0.0454, -1.9882 0.4291 0.0787, -2.1457 0.4291 0.0787, -1.9121 0.3708 0.0787, -1.92 0.3898 0.0787, -1.9121 -0.8472 0.0787, -1.9094 -0.8268 0.0787, -1.9094 0.3504 0.0787, -1.9325 0.4061 0.0787, -1.9488 0.4186 0.0787, -1.9678 0.4264 0.0787, -1.9882 0.4291 0.0, -1.9678 0.4264 0.0, -1.9488 0.4186 0.0, -1.9325 0.4061 0.0, -1.92 0.3898 0.0, -1.9121 0.3708 0.0, -1.9094 0.3504 0.0, -2.1457 -0.9055 0.0, -2.1457 0.4291 0.0, -1.9882 -0.9055 0.0, -1.9121 -0.8472 0.0, -1.92 -0.8661 0.0, -1.9094 -0.8268 0.0, -1.9325 -0.8825 0.0, -1.9488 -0.895 0.0, -1.9678 -0.9028 0.0, -2.218 0.622 0.4724, -2.218 0.622 0.748, -2.1398 0.6152 0.4724, -2.1398 0.6152 0.748, 2.1457 -0.8465 0.7874, 2.185 -0.8465 0.748, 2.185 -0.8617 0.75, 2.1457 -0.8516 0.7881, 2.185 -0.876 0.7559, 2.1457 -0.8563 0.79, 2.185 -0.8882 0.7653, 2.1457 -0.8604 0.7932, 2.185 -0.8976 0.7776, 2.1457 -0.8635 0.7972, 2.185 -0.9035 0.7918, 2.1457 -0.8655 0.802, 2.185 -0.9055 0.8071, 2.1457 -0.8661 0.8071, 2.2244 -0.8465 0.748, 2.2244 -0.5709 0.748, 2.185 -0.5709 0.748, 2.2244 -0.5556 0.746, 2.185 -0.5556 0.746, 2.2244 -0.5413 0.7401, 2.185 -0.5413 0.7401, 2.2244 -0.5291 0.7307, 2.185 -0.5291 0.7307, 2.2244 -0.5197 0.7185, 2.185 -0.5197 0.7185, 2.2244 -0.5138 0.7043, 2.185 -0.5138 0.7043, 2.2244 -0.5118 0.689, 2.185 -0.5118 0.689, 2.2205 -0.5118 0.4528, 2.2244 -0.5118 0.4528, 2.2205 -0.5118 0.6693, 2.185 -0.5118 0.6693
            ]
        }
        coordIndex [
            0,1,2,-1,2,1,3,-1,4,5,6,-1,7,8,6,-1,7,6,9,-1,8,10,6,-1,6,10,11,-1,6,11,4,-1,12,13,14,-1,13,15,14,-1,14,15,16,-1,14,16,6,-1,6,16,17,-1,6,17,9,-1,18,19,14,-1,14,19,20,-1,14,20,12,-1,21,22,17,-1,23,24,21,-1,16,25,17,-1,17,25,26,-1,17,26,21,-1,21,26,27,-1,21,27,23,-1,28,29,24,-1,24,29,30,-1,24,30,21,-1,31,21,30,-1,31,30,32,-1,32,30,29,-1,32,29,33,-1,33,29,28,-1,33,28,34,-1,34,28,24,-1,34,24,35,-1,35,24,23,-1,35,23,36,-1,36,23,27,-1,36,27,37,-1,38,39,40,-1,40,39,31,-1,41,42,40,-1,33,34,32,-1,32,34,35,-1,32,35,31,-1,35,36,31,-1,31,36,37,-1,31,37,40,-1,40,37,43,-1,40,43,41,-1,44,45,42,-1,42,45,46,-1,42,46,40,-1,47,48,49,-1,49,48,50,-1,14,40,18,-1,18,40,46,-1,18,46,19,-1,19,46,20,-1,20,46,45,-1,20,45,12,-1,12,45,13,-1,13,45,44,-1,13,44,15,-1,15,44,42,-1,15,42,16,-1,16,42,41,-1,16,41,25,-1,25,41,43,-1,25,43,26,-1,51,52,53,-1,51,53,54,-1,54,53,55,-1,54,55,56,-1,56,55,57,-1,56,57,58,-1,58,57,59,-1,58,59,60,-1,60,59,61,-1,60,61,62,-1,62,61,63,-1,62,63,64,-1,65,52,66,-1,66,52,67,-1,66,67,68,-1,68,67,69,-1,68,69,70,-1,70,69,71,-1,70,71,72,-1,72,71,73,-1,72,73,74,-1,74,73,75,-1,74,75,76,-1,76,75,77,-1,76,77,78,-1,78,77,79,-1,80,81,82,-1,82,81,78,-1,82,78,83,-1,83,78,79,-1,
        ]
    }
}
Shape{
    appearance Appearance {
        material  Material 	{
            diffuseColor 0.25098039215686274 0.25098039215686274 0.25098039215686274
            specularColor 0.12549019607843137 0.12549019607843137 0.12549019607843137
            ambientIntensity 0.251
            transparency 0.0
            shininess 0.5
        }
    }
    geometry IndexedFaceSet {
        ccw TRUE
        solid FALSE
        coord DEF co Coordinate {
            point [
                2.185 -0.5118 0.6693, 2.1457 -0.4724 0.6299, 2.1457 -0.5118 0.6693, 2.2205 -0.5118 0.6693, 2.2205 -0.5512 0.7087, 2.1339 -0.5512 0.7087, 2.1339 -0.5118 0.6693, 2.1339 -0.689 0.7087, 2.2205 -0.689 0.7087, 2.1339 -0.7087 0.7283, 2.2205 -0.7087 0.7283, 2.1339 -0.9055 0.7283, 2.2205 -0.9055 0.7283, 2.1339 -0.9055 0.4134, 2.1339 -0.5512 0.4134, 2.2205 -0.9055 0.4134, 2.2205 -0.5512 0.4134
            ]
        }
        coordIndex [
            0,1,2,-1,3,0,4,-1,4,0,2,-1,4,2,5,-1,5,2,6,-1,5,7,4,-1,4,7,8,-1,7,9,8,-1,8,9,10,-1,9,11,10,-1,10,11,12,-1,13,14,15,-1,15,14,16,-1,
        ]
    }
}
Shape{
    appearance Appearance {
        material  Material 	{
            diffuseColor 0.7529411764705882 0.7529411764705882 0.7529411764705882
            specularColor 0.3764705882352941 0.3764705882352941 0.3764705882352941
            ambientIntensity 0.7529
            transparency 0.0
            shininess 0.5
        }
    }
    geometry IndexedFaceSet {
        ccw TRUE
        solid FALSE
        coord DEF co Coordinate {
            point [
                2.2205 -0.5118 0.4528, 2.2205 -0.5512 0.4134, 2.1457 -0.5118 0.4528, 2.1339 -0.5512 0.4134, 2.1339 -0.5118 0.4528, 2.1457 -0.5138 0.4375, 2.2244 -0.5118 0.4528, 2.2244 -0.5138 0.4375, 2.2244 -0.5197 0.4232, 2.1457 -0.5197 0.4232, 2.2244 -0.5291 0.411, 2.1457 -0.5291 0.411, 2.2244 -0.5413 0.4016, 2.1457 -0.5413 0.4016, 2.2244 -0.5556 0.3957, 2.1457 -0.5556 0.3957, 2.2244 -0.5709 0.3937, 2.1457 -0.5709 0.3937, 2.1457 -0.8465 0.3937, 2.2244 -0.8465 0.3937, 2.185 -0.9055 0.3346, 2.2244 -0.9055 0.3346, 2.1845 -0.905 0.3424, 2.2244 -0.9035 0.3499, 2.183 -0.9035 0.3499, 2.1805 -0.901 0.3572, 2.2244 -0.8976 0.3642, 2.1771 -0.8976 0.3642, 2.1728 -0.8933 0.3706, 2.2244 -0.8882 0.3764, 2.1677 -0.8882 0.3764, 2.2244 -0.876 0.3858, 2.1555 -0.876 0.3858, 2.1457 -0.8661 0.3903, 2.2244 -0.8617 0.3917, 2.1457 -0.8617 0.3917, 2.2244 -0.9055 0.1378, 2.185 -0.9055 0.1378, 2.1457 -0.8661 0.1378, 2.1457 -0.5512 0.1378, 2.2244 -0.5512 0.1378, 2.1457 -0.5512 0.1575, 2.2244 -0.5512 0.1575, 2.2244 -0.5492 0.1728, 2.1457 -0.5492 0.1728, 2.2244 -0.5433 0.187, 2.1457 -0.5433 0.187, 2.2244 -0.5339 0.1992, 2.1457 -0.5339 0.1992, 2.2244 -0.5217 0.2086, 2.1457 -0.5217 0.2086, 2.2244 -0.5074 0.2145, 2.1457 -0.5074 0.2145, 2.2244 -0.4921 0.2165, 2.1457 -0.4921 0.2165, 2.1457 -0.2638 0.2165, 2.2244 -0.2638 0.2165, 2.2244 -0.2485 0.2145, 2.1457 -0.2485 0.2145, 2.2244 -0.2343 0.2086, 2.1457 -0.2343 0.2086, 2.2244 -0.222 0.1992, 2.1457 -0.222 0.1992, 2.2244 -0.2126 0.187, 2.1457 -0.2126 0.187, 2.2244 -0.2067 0.1728, 2.1457 -0.2067 0.1728, 2.2244 -0.2047 0.1575, 2.1457 -0.2047 0.1575, 1.8898 -0.2047 0.0787, 1.8898 -0.2047 0.0, 2.1063 -0.2047 0.0787, 2.1063 -0.2047 0.0, 2.1165 -0.2047 0.0801, 2.1369 -0.2047 0.004, 2.126 -0.2047 0.084, 2.1654 -0.2047 0.0158, 2.1341 -0.2047 0.0903, 2.1898 -0.2047 0.0346, 2.1404 -0.2047 0.0984, 2.2086 -0.2047 0.0591, 2.1443 -0.2047 0.1079, 2.2204 -0.2047 0.0875, 2.1457 -0.2047 0.1181, 2.2244 -0.2047 0.1181, 2.2244 0.189 0.1181, 2.2204 0.189 0.0875, 2.2086 0.189 0.0591, 2.1898 0.189 0.0346, 2.1654 0.189 0.0158, 2.1369 0.189 0.004, 2.1063 0.189 0.0, 2.1457 0.189 0.1398, 2.2244 0.189 0.1398, 2.1457 0.189 0.1181, 2.1443 0.189 0.1079, 2.1404 0.189 0.0984, 2.1341 0.189 0.0903, 2.126 0.189 0.084, 2.1165 0.189 0.0801, 2.1063 0.189 0.0787, 1.8898 0.189 0.0787, 1.8898 0.189 0.0, 2.2244 0.1902 0.1494, 2.1457 0.1902 0.1494, 2.2244 0.194 0.1585, 2.1457 0.194 0.1585, 2.2244 0.1999 0.1662, 2.1457 0.1999 0.1662, 2.2244 0.2077 0.1722, 2.1457 0.2077 0.1722, 2.2244 0.2167 0.1759, 2.1457 0.2167 0.1759, 2.2244 0.2264 0.1772, 2.1457 0.2264 0.1772, 2.1457 0.2303 0.1772, 2.2244 0.2303 0.1772, 2.1457 0.2677 0.1398, 2.2244 0.2677 0.1398, 2.1457 0.2664 0.1494, 2.2244 0.2664 0.1494, 2.1457 0.2627 0.1585, 2.2244 0.2627 0.1585, 2.1457 0.2568 0.1662, 2.2244 0.2568 0.1662, 2.1457 0.249 0.1722, 2.2244 0.249 0.1722, 2.1457 0.24 0.1759, 2.2244 0.24 0.1759, 2.2244 0.2677 0.0984, 2.2191 0.3279 0.374, 2.2229 0.285 0.4517, 2.2236 0.2769 0.4528, 2.221 0.3072 0.4294, 2.2196 0.3228 0.3747, 2.22 0.3181 0.3767, 2.2204 0.314 0.3798, 2.1934 0.622 0.0984, 2.1934 0.622 0.3425, 2.1962 0.5907 0.374, 2.1954 0.5988 0.3729, 2.2206 0.3109 0.3839, 2.2208 0.3089 0.3886, 2.2244 0.2677 0.4528, 2.2209 0.3083 0.3937, 2.2209 0.3083 0.4213, 2.1935 0.621 0.3507, 2.1938 0.6178 0.3583, 2.1942 0.6129 0.3648, 2.1948 0.6064 0.3698, 2.2212 0.3041 0.437, 2.2217 0.2991 0.4435, 2.2222 0.2926 0.4485, 2.1457 0.248 0.4528, 2.2244 0.248 0.4528, 2.1457 0.2677 0.4528, 2.1455 0.2701 0.4528, 2.2244 0.2327 0.4548, 2.1457 0.2327 0.4548, 2.2244 0.2185 0.4607, 2.1457 0.2185 0.4607, 2.2244 0.2063 0.4701, 2.1457 0.2063 0.4701, 2.2244 0.1969 0.4823, 2.1457 0.1969 0.4823, 2.2244 0.191 0.4965, 2.1457 0.191 0.4965, 2.2244 0.189 0.5118, 2.1457 0.189 0.5118, 2.1457 0.189 0.6299, 2.2244 0.189 0.6299, 2.2244 0.191 0.6452, 2.1457 0.191 0.6452, 2.2244 0.1969 0.6594, 2.1457 0.1969 0.6594, 2.2244 0.2063 0.6717, 2.1457 0.2063 0.6717, 2.2244 0.2185 0.6811, 2.1457 0.2185 0.6811, 2.2244 0.2327 0.687, 2.1457 0.2327 0.687, 2.2244 0.248 0.689, 2.1457 0.248 0.689, 2.1457 0.3937 0.689, 2.2244 0.3937 0.689, 2.1457 0.7087 1.0039, 2.2244 0.7087 1.0039, 2.1427 0.3014 0.4213, 2.1427 0.3014 0.3937, 2.1422 0.3072 0.3798, 2.1419 0.3112 0.3767, 2.1435 0.2923 0.4435, 2.1431 0.2972 0.437, 2.1428 0.3004 0.4294, 2.1427 0.3021 0.3886, 2.1425 0.3041 0.3839, 2.1415 0.316 0.3747, 2.141 0.3211 0.374, 2.1457 0.2677 0.0984, 2.1153 0.6152 0.3425, 2.1153 0.6152 0.0984, 2.1441 0.2858 0.4485, 2.1448 0.2782 0.4517, 2.1161 0.606 0.3648, 2.1156 0.611 0.3583, 2.1166 0.5995 0.3698, 2.1173 0.5919 0.3729, 2.118 0.5838 0.374, 2.1154 0.6141 0.3507, 2.1339 -0.5118 0.6693, 2.1457 -0.5118 0.6693, 2.185 -0.5118 0.689, 2.1457 -0.4724 0.689, 2.185 -0.5118 0.6693, 2.1457 -0.4724 0.6299, 2.185 -0.5709 0.748, 2.1457 -0.5709 0.7874, 2.185 -0.5556 0.746, 2.1457 -0.5454 0.784, 2.185 -0.5413 0.7401, 2.1457 -0.5217 0.7742, 2.185 -0.5291 0.7307, 2.1457 -0.5013 0.7586, 2.185 -0.5197 0.7185, 2.1457 -0.4856 0.7382, 2.185 -0.5138 0.7043, 2.1457 -0.4758 0.7145, 2.185 -0.8465 0.748, 2.1457 -0.8465 0.7874
            ]
        }
        coordIndex [
            0,1,2,-1,2,1,3,-1,2,3,4,-1,0,2,5,-1,6,0,7,-1,7,0,5,-1,7,5,8,-1,8,5,9,-1,8,9,10,-1,10,9,11,-1,10,11,12,-1,12,11,13,-1,12,13,14,-1,14,13,15,-1,14,15,16,-1,16,15,17,-1,18,19,17,-1,17,19,16,-1,20,21,22,-1,22,21,23,-1,22,23,24,-1,24,23,25,-1,25,23,26,-1,25,26,27,-1,27,26,28,-1,28,26,29,-1,28,29,30,-1,30,29,31,-1,30,31,32,-1,32,31,33,-1,33,31,34,-1,33,34,35,-1,35,34,19,-1,35,19,18,-1,21,20,36,-1,36,20,37,-1,38,39,37,-1,37,39,40,-1,37,40,36,-1,41,42,39,-1,39,42,40,-1,42,41,43,-1,43,41,44,-1,43,44,45,-1,45,44,46,-1,45,46,47,-1,47,46,48,-1,47,48,49,-1,49,48,50,-1,49,50,51,-1,51,50,52,-1,51,52,53,-1,53,52,54,-1,55,56,54,-1,54,56,53,-1,56,55,57,-1,57,55,58,-1,57,58,59,-1,59,58,60,-1,59,60,61,-1,61,60,62,-1,61,62,63,-1,63,62,64,-1,63,64,65,-1,65,64,66,-1,65,66,67,-1,67,66,68,-1,69,70,71,-1,71,70,72,-1,71,72,73,-1,73,72,74,-1,73,74,75,-1,75,74,76,-1,75,76,77,-1,77,76,78,-1,77,78,79,-1,79,78,80,-1,79,80,81,-1,81,80,82,-1,81,82,83,-1,83,82,84,-1,83,84,68,-1,68,84,67,-1,85,84,82,-1,85,82,86,-1,86,82,80,-1,86,80,87,-1,87,80,78,-1,87,78,88,-1,88,78,76,-1,88,76,89,-1,89,76,74,-1,89,74,90,-1,90,74,72,-1,90,72,91,-1,92,93,94,-1,94,93,85,-1,94,85,95,-1,95,85,86,-1,95,86,96,-1,96,86,87,-1,96,87,97,-1,97,87,88,-1,97,88,98,-1,98,88,89,-1,98,89,99,-1,99,89,90,-1,99,90,100,-1,100,90,91,-1,100,91,101,-1,101,91,102,-1,93,92,103,-1,103,92,104,-1,103,104,105,-1,105,104,106,-1,105,106,107,-1,107,106,108,-1,107,108,109,-1,109,108,110,-1,109,110,111,-1,111,110,112,-1,111,112,113,-1,113,112,114,-1,114,115,113,-1,113,115,116,-1,117,118,119,-1,119,118,120,-1,119,120,121,-1,121,120,122,-1,121,122,123,-1,123,122,124,-1,123,124,125,-1,125,124,126,-1,125,126,127,-1,127,126,128,-1,127,128,115,-1,115,128,116,-1,118,129,130,-1,131,132,133,-1,130,134,118,-1,118,134,135,-1,118,135,136,-1,129,137,130,-1,130,137,138,-1,130,138,139,-1,139,138,140,-1,136,141,118,-1,118,141,142,-1,118,142,143,-1,143,142,144,-1,143,144,132,-1,132,144,145,-1,132,145,133,-1,138,146,147,-1,147,148,138,-1,138,148,149,-1,138,149,140,-1,150,151,133,-1,133,151,152,-1,133,152,131,-1,153,154,155,-1,155,154,143,-1,155,143,156,-1,156,143,132,-1,154,153,157,-1,157,153,158,-1,157,158,159,-1,159,158,160,-1,159,160,161,-1,161,160,162,-1,161,162,163,-1,163,162,164,-1,163,164,165,-1,165,164,166,-1,165,166,167,-1,167,166,168,-1,169,170,168,-1,168,170,167,-1,170,169,171,-1,171,169,172,-1,171,172,173,-1,173,172,174,-1,173,174,175,-1,175,174,176,-1,175,176,177,-1,177,176,178,-1,177,178,179,-1,179,178,180,-1,179,180,181,-1,181,180,182,-1,183,184,182,-1,182,184,181,-1,185,186,183,-1,183,186,184,-1,187,188,156,-1,189,190,117,-1,191,192,193,-1,156,188,155,-1,155,188,194,-1,155,194,117,-1,117,194,195,-1,117,195,189,-1,190,196,117,-1,117,196,197,-1,117,197,198,-1,198,197,199,-1,198,199,200,-1,191,193,201,-1,187,156,193,-1,193,156,202,-1,193,202,201,-1,203,204,205,-1,205,204,206,-1,197,207,199,-1,199,207,206,-1,199,206,208,-1,208,206,204,-1,100,71,99,-1,99,71,73,-1,99,73,98,-1,98,73,75,-1,98,75,97,-1,97,75,77,-1,97,77,96,-1,96,77,79,-1,96,79,95,-1,95,79,81,-1,95,81,94,-1,94,81,83,-1,27,28,20,-1,20,28,30,-1,38,37,33,-1,33,37,20,-1,33,20,32,-1,32,20,30,-1,22,24,20,-1,20,24,25,-1,20,25,27,-1,209,210,4,-1,4,210,2,-1,211,212,213,-1,213,212,214,-1,215,216,217,-1,217,216,218,-1,217,218,219,-1,219,218,220,-1,219,220,221,-1,221,220,222,-1,221,222,223,-1,223,222,224,-1,223,224,225,-1,225,224,226,-1,225,226,211,-1,211,226,212,-1,227,228,215,-1,215,228,216,-1,
        ]
    }
}
Shape{
    appearance Appearance {
        material  Material 	{
            diffuseColor 0.25098039215686274 0.25098039215686274 0.25098039215686274
            specularColor 0.12549019607843137 0.12549019607843137 0.12549019607843137
            ambientIntensity 0.251
            transparency 0.0
            shininess 0.5
        }
    }
    geometry IndexedFaceSet {
        ccw TRUE
        solid FALSE
        coord DEF co Coordinate {
            point [
                1.8898 -0.8268 0.0984, 1.9291 -0.9055 0.0984, 1.8898 -0.8268 0.8858, 1.9291 -0.9055 0.9252, 1.8898 -0.8268 0.9252, 2.0787 0.0394 0.0984, 2.1339 0.0394 0.1535, 2.0787 -0.9055 0.0984, 2.1339 -0.9055 0.1535, 2.1339 0.0394 0.3543, 2.0551 0.0394 0.3543, 2.0551 0.0394 0.0984, 2.0551 0.6299 0.3543, 1.9685 0.6299 0.3543, 1.9685 -0.0787 0.3543, 2.1339 -0.0787 0.3543, 1.9685 -0.0787 0.6102, 1.9685 -0.0787 0.6496, 2.0276 -0.0787 0.6102, 2.1339 -0.0787 0.6496, 2.0276 -0.0787 0.4134, 1.9685 -0.0787 0.4134, 1.9685 0.4724 0.6102, 1.9685 0.5218 0.6165, 1.9685 0.568 0.635, 1.9685 0.5943 0.6496
            ]
        }
        coordIndex [
            0,1,2,-1,2,1,3,-1,2,3,4,-1,5,6,7,-1,7,6,8,-1,9,6,10,-1,10,6,5,-1,10,5,11,-1,12,13,10,-1,10,13,14,-1,10,14,9,-1,9,14,15,-1,16,17,18,-1,18,17,19,-1,18,19,20,-1,20,19,15,-1,20,15,21,-1,21,15,14,-1,17,16,22,-1,23,24,22,-1,22,24,25,-1,22,25,17,-1,
        ]
    }
}
Shape{
    appearance Appearance {
        material  Material 	{
            diffuseColor 0.7529411764705882 0.7529411764705882 0.7529411764705882
            specularColor 0.3764705882352941 0.3764705882352941 0.3764705882352941
            ambientIntensity 0.7529
            transparency 0.0
            shininess 0.5
        }
    }
    geometry IndexedFaceSet {
        ccw TRUE
        solid FALSE
        coord DEF co Coordinate {
            point [
                1.9685 0.5943 0.6496, 1.9685 0.9045 0.8217, 1.9685 0.9055 0.6496, 1.9685 0.9507 0.8402, 1.9685 1.0 0.8465, 1.9685 1.059 0.8465, 1.9685 1.0794 0.8438, 1.9685 1.0984 0.8359, 1.9685 1.1272 0.8071, 1.9685 1.1351 0.7881, 1.9685 1.1147 0.8234, 1.9685 1.1378 0.7677, 1.9685 1.059 0.5709, 1.9685 0.9091 0.5709, 1.9685 0.9055 0.5708, 1.9685 1.0984 0.5814, 1.9685 1.1351 0.6292, 1.9685 1.1147 0.5939, 1.9685 1.1272 0.6102, 1.9685 1.1378 0.6496, 1.9685 1.0794 0.5735, 1.7785 0.9028 0.9646, 1.7785 0.9028 0.6496, 1.8078 0.9023 0.6496, 1.8078 0.9023 0.9646, 1.825 0.9055 0.6496, 1.8362 0.9092 0.9646, 1.8362 0.9092 0.6496, 1.862 0.9231 0.6496, 1.862 0.9231 0.9646, 1.8834 0.9431 0.6496, 1.8834 0.9431 0.9646, 1.8989 0.9679 0.6496, 1.8989 0.9679 0.9646, 1.9077 0.9958 0.6496, 1.9077 0.9958 0.9646, 1.9091 1.025 0.6496, 1.9091 1.025 0.9646, 1.903 1.0537 0.6496, 1.903 1.0537 0.9646, 1.663 0.8031 0.9646, 1.663 0.8031 0.6496, 1.6661 0.8276 0.9646, 1.6661 0.8276 0.6496, 1.6749 0.8506 0.9646, 1.6749 0.8506 0.6496, 1.6891 0.8708 0.9646, 1.6891 0.8708 0.6496, 1.7078 0.8869 0.9646, 1.7078 0.8869 0.6496, 1.7298 0.898 0.9646, 1.7298 0.898 0.6496, 1.7539 0.9034 0.9646, 1.7539 0.9034 0.6496, 1.663 0.5276 0.9646, 1.663 0.5276 0.6496, 1.6787 0.4875 0.9646, 1.6787 0.4875 0.6496, 1.6702 0.4994 0.9646, 1.6702 0.4994 0.6496, 1.6649 0.513 0.9646, 1.6649 0.513 0.6496, 1.8585 0.2927 0.9646, 1.8585 0.2927 0.6496, 1.8898 0.2126 0.9646, 1.8898 0.2126 0.6496, 1.8861 0.2416 0.6496, 1.8861 0.2416 0.9646, 1.8755 0.2689 0.6496, 1.8755 0.2689 0.9646, 1.8858 1.1024 0.9646, 1.8858 1.1024 0.6496, 1.8301 1.0827 0.9646, 1.8301 1.0827 0.6496, 1.8473 1.034 0.9646, 1.8473 1.034 0.6496, 1.8502 1.0202 0.9646, 1.8502 1.0202 0.6496, 1.8496 1.0061 0.9646, 1.8496 1.0061 0.6496, 1.8453 0.9926 0.9646, 1.8453 0.9926 0.6496, 1.8378 0.9807 0.9646, 1.8378 0.9807 0.6496, 1.8275 0.971 0.9646, 1.8275 0.971 0.6496, 1.8151 0.9643 0.9646, 1.8151 0.9643 0.6496, 1.8013 0.961 0.9646, 1.8013 0.961 0.6496, 1.7872 0.9612 0.9646, 1.7872 0.9612 0.6496, 1.8307 -0.8268 0.0984, 1.8307 -0.7087 0.0984, 1.8294 -0.7087 0.0882, 1.8307 -0.9055 0.0984, 1.8294 -0.9055 0.0882, 1.8254 -0.9055 0.0787, 1.8254 -0.7087 0.0787, 1.8192 -0.9055 0.0706, 1.8192 -0.7087 0.0706, 1.811 -0.9055 0.0643, 1.811 -0.7087 0.0643, 1.8015 -0.9055 0.0604, 1.8015 -0.7087 0.0604, 1.7913 -0.9055 0.0591, 1.7913 -0.7087 0.0591, 1.8898 -0.9055 0.8858, 1.8307 -0.9055 0.8858, 1.8898 -0.9055 0.0984, 1.8864 -0.9055 0.073, 1.8766 -0.9055 0.0492, 1.8609 -0.9055 0.0288, 1.8406 -0.9055 0.0132, 1.8168 -0.9055 0.0034, 1.7913 -0.9055 0.0, 1.6535 -0.9055 0.0, 1.6339 -0.9055 0.0591, 1.6339 -0.9055 0.0197, 1.8898 -0.7087 0.8858, 1.8307 -0.7087 0.8858, 1.8898 -0.8268 0.8858, 1.8898 -0.7087 0.9252, 1.8307 -0.7087 0.9252, 1.8307 -0.689 0.6496, 1.8898 -0.689 0.6496, 1.8307 -0.7087 0.6496, 1.8898 -0.7087 0.6496
            ]
        }
        coordIndex [
            0,1,2,-1,2,1,3,-1,2,3,4,-1,4,5,2,-1,2,5,6,-1,2,6,7,-1,8,9,10,-1,10,9,11,-1,10,11,7,-1,7,11,12,-1,7,12,2,-1,2,12,13,-1,2,13,14,-1,15,16,17,-1,17,16,18,-1,11,19,12,-1,12,19,16,-1,12,16,20,-1,20,16,15,-1,21,22,23,-1,21,23,24,-1,24,23,25,-1,24,25,26,-1,25,27,26,-1,26,27,28,-1,26,28,29,-1,29,28,30,-1,29,30,31,-1,31,30,32,-1,31,32,33,-1,33,32,34,-1,33,34,35,-1,35,34,36,-1,35,36,37,-1,37,36,38,-1,37,38,39,-1,40,41,42,-1,42,41,43,-1,42,43,44,-1,44,43,45,-1,44,45,46,-1,46,45,47,-1,46,47,48,-1,48,47,49,-1,48,49,50,-1,50,49,51,-1,50,51,52,-1,52,51,53,-1,52,53,21,-1,21,53,22,-1,40,54,41,-1,41,54,55,-1,56,57,58,-1,58,57,59,-1,58,59,60,-1,60,59,61,-1,60,61,54,-1,54,61,55,-1,56,62,57,-1,57,62,63,-1,64,65,66,-1,64,66,67,-1,67,66,68,-1,67,68,69,-1,69,68,63,-1,69,63,62,-1,39,38,70,-1,70,38,71,-1,70,71,72,-1,72,71,73,-1,72,73,74,-1,74,73,75,-1,74,75,76,-1,76,75,77,-1,76,77,78,-1,78,77,79,-1,78,79,80,-1,80,79,81,-1,80,81,82,-1,82,81,83,-1,82,83,84,-1,84,83,85,-1,84,85,86,-1,86,85,87,-1,86,87,88,-1,88,87,89,-1,88,89,90,-1,90,89,91,-1,92,93,94,-1,95,92,96,-1,96,92,94,-1,96,94,97,-1,97,94,98,-1,97,98,99,-1,99,98,100,-1,99,100,101,-1,101,100,102,-1,101,102,103,-1,103,102,104,-1,103,104,105,-1,105,104,106,-1,107,108,109,-1,109,108,95,-1,109,95,110,-1,110,95,96,-1,110,96,111,-1,111,96,97,-1,111,97,112,-1,112,97,99,-1,112,99,113,-1,113,99,101,-1,113,101,114,-1,114,101,103,-1,114,103,115,-1,115,103,105,-1,115,105,116,-1,116,105,117,-1,116,117,118,-1,119,120,121,-1,121,120,108,-1,121,108,107,-1,119,122,120,-1,120,122,123,-1,124,125,126,-1,126,125,127,-1,
        ]
    }
}
Shape{
    appearance Appearance {
        material  Material 	{
            diffuseColor 0.25098039215686274 0.25098039215686274 0.25098039215686274
            specularColor 0.12549019607843137 0.12549019607843137 0.12549019607843137
            ambientIntensity 0.251
            transparency 0.0
            shininess 0.5
        }
    }
    geometry IndexedFaceSet {
        ccw TRUE
        solid FALSE
        coord DEF co Coordinate {
            point [
                1.8898 -0.8268 0.9252, 1.8898 -0.7087 0.9252, 1.8898 -0.8268 0.8858, 1.8898 -0.7087 0.8858, 1.1024 0.6693 0.7283, 1.0236 0.6693 0.7283, 1.0236 0.1968 0.7283, 1.2992 0.1968 0.7283, 1.2992 0.6693 0.7283, 1.2205 0.6693 0.7283, 1.1811 0.9055 0.7283, 1.1417 0.9055 0.7283, 1.2205 0.8661 0.7283, 1.1024 0.8661 0.7283, 1.063 0.6693 0.5512, 1.0236 0.6693 0.5512, 1.1024 0.6693 0.1299, 1.0236 0.6693 0.1299, 1.0236 0.6693 0.1969, 1.063 0.6693 0.1969, 0.5906 0.6693 0.7283, 0.5906 0.1968 0.7283, 0.6693 0.6693 0.7283, 0.8661 0.1968 0.7283, 0.7874 0.6693 0.7283, 0.8661 0.6693 0.7283, 0.7087 0.9055 0.7283, 0.6693 0.8661 0.7283, 0.748 0.9055 0.7283, 0.7874 0.8661 0.7283, 0.8661 0.6693 0.1969, 0.8661 0.6693 0.1299, 0.8268 0.6693 0.1969, 0.7874 0.6693 0.1299, 0.8268 0.6693 0.5512, 0.8661 0.6693 0.5512, 0.6299 0.6693 0.5512, 0.5906 0.6693 0.5512, 0.6693 0.6693 0.1299, 0.5906 0.6693 0.1299, 0.5906 0.6693 0.1969, 0.6299 0.6693 0.1969
            ]
        }
        coordIndex [
            0,1,2,-1,2,1,3,-1,4,5,6,-1,7,8,9,-1,10,11,12,-1,12,11,13,-1,12,13,9,-1,9,13,4,-1,9,4,7,-1,7,4,6,-1,14,15,5,-1,16,17,18,-1,18,19,16,-1,16,19,14,-1,16,14,4,-1,4,14,5,-1,20,21,22,-1,22,21,23,-1,22,23,24,-1,24,23,25,-1,26,27,28,-1,28,27,22,-1,28,22,29,-1,29,22,24,-1,30,31,32,-1,32,31,33,-1,32,33,34,-1,34,33,24,-1,34,24,35,-1,35,24,25,-1,36,37,20,-1,38,39,40,-1,40,41,38,-1,38,41,36,-1,38,36,22,-1,22,36,20,-1,
        ]
    }
}
Shape{
    appearance Appearance {
        material  Material 	{
            diffuseColor 0.7529411764705882 0.7529411764705882 0.7529411764705882
            specularColor 0.3764705882352941 0.3764705882352941 0.3764705882352941
            ambientIntensity 0.7529
            transparency 0.0
            shininess 0.5
        }
    }
    geometry IndexedFaceSet {
        ccw TRUE
        solid FALSE
        coord DEF co Coordinate {
            point [
                0.1575 0.6693 0.7283, 0.1575 0.1968 0.7283, 0.2362 0.6693 0.7283, 0.4331 0.1968 0.7283, 0.3543 0.6693 0.7283, 0.4331 0.6693 0.7283, 0.2756 0.9055 0.7283, 0.2362 0.8661 0.7283, 0.315 0.9055 0.7283, 0.3543 0.8661 0.7283
            ]
        }
        coordIndex [
            0,1,2,-1,2,1,3,-1,2,3,4,-1,4,3,5,-1,6,7,8,-1,8,7,2,-1,8,2,9,-1,9,2,4,-1,
        ]
    }
}
Shape{
    appearance Appearance {
        material  Material 	{
            diffuseColor 0.25098039215686274 0.25098039215686274 0.25098039215686274
            specularColor 0.12549019607843137 0.12549019607843137 0.12549019607843137
            ambientIntensity 0.251
            transparency 0.0
            shininess 0.5
        }
    }
    geometry IndexedFaceSet {
        ccw TRUE
        solid FALSE
        coord DEF co Coordinate {
            point [
                0.4331 0.6693 0.1969, 0.4331 0.6693 0.1299, 0.3937 0.6693 0.1969, 0.3543 0.6693 0.1299, 0.3937 0.6693 0.5512, 0.3543 0.6693 0.7283, 0.4331 0.6693 0.5512, 0.4331 0.6693 0.7283, 0.1969 0.6693 0.5512, 0.1575 0.6693 0.5512, 0.1575 0.6693 0.7283, 0.2362 0.6693 0.1299, 0.1575 0.6693 0.1299, 0.1575 0.6693 0.1969, 0.1969 0.6693 0.1969, 0.2362 0.6693 0.7283
            ]
        }
        coordIndex [
            0,1,2,-1,2,1,3,-1,2,3,4,-1,4,3,5,-1,4,5,6,-1,6,5,7,-1,8,9,10,-1,11,12,13,-1,13,14,11,-1,11,14,8,-1,11,8,15,-1,15,8,10,-1,
        ]
    }
}
Shape{
    appearance Appearance {
        material  Material 	{
            diffuseColor 0.7529411764705882 0.7529411764705882 0.7529411764705882
            specularColor 0.3764705882352941 0.3764705882352941 0.3764705882352941
            ambientIntensity 0.7529
            transparency 0.0
            shininess 0.5
        }
    }
    geometry IndexedFaceSet {
        ccw TRUE
        solid FALSE
        coord DEF co Coordinate {
            point [
                -0.2756 0.6693 0.7283, -0.2756 0.1968 0.7283, -0.1968 0.6693 0.7283, 0.0 0.1968 0.7283, -0.0787 0.6693 0.7283, 0.0 0.6693 0.7283, -0.1575 0.9055 0.7283, -0.1968 0.8661 0.7283, -0.1181 0.9055 0.7283, -0.0787 0.8661 0.7283
            ]
        }
        coordIndex [
            0,1,2,-1,2,1,3,-1,2,3,4,-1,4,3,5,-1,6,7,8,-1,8,7,2,-1,8,2,9,-1,9,2,4,-1,
        ]
    }
}
Shape{
    appearance Appearance {
        material  Material 	{
            diffuseColor 0.25098039215686274 0.25098039215686274 0.25098039215686274
            specularColor 0.12549019607843137 0.12549019607843137 0.12549019607843137
            ambientIntensity 0.251
            transparency 0.0
            shininess 0.5
        }
    }
    geometry IndexedFaceSet {
        ccw TRUE
        solid FALSE
        coord DEF co Coordinate {
            point [
                0.0 0.6693 0.1969, 0.0 0.6693 0.1299, -0.0394 0.6693 0.1969, -0.0787 0.6693 0.1299, -0.0394 0.6693 0.5512, -0.0787 0.6693 0.7283, 0.0 0.6693 0.5512, 0.0 0.6693 0.7283, -0.2362 0.6693 0.5512, -0.2756 0.6693 0.5512, -0.2756 0.6693 0.7283, -0.1968 0.6693 0.1299, -0.2756 0.6693 0.1299, -0.2756 0.6693 0.1969, -0.2362 0.6693 0.1969, -0.1968 0.6693 0.7283
            ]
        }
        coordIndex [
            0,1,2,-1,2,1,3,-1,2,3,4,-1,4,3,5,-1,4,5,6,-1,6,5,7,-1,8,9,10,-1,11,12,13,-1,13,14,11,-1,11,14,8,-1,11,8,15,-1,15,8,10,-1,
        ]
    }
}
Shape{
    appearance Appearance {
        material  Material 	{
            diffuseColor 0.7529411764705882 0.7529411764705882 0.7529411764705882
            specularColor 0.3764705882352941 0.3764705882352941 0.3764705882352941
            ambientIntensity 0.7529
            transparency 0.0
            shininess 0.5
        }
    }
    geometry IndexedFaceSet {
        ccw TRUE
        solid FALSE
        coord DEF co Coordinate {
            point [
                -0.7087 0.6693 0.7283, -0.7087 0.1968 0.7283, -0.6299 0.6693 0.7283, -0.4331 0.1968 0.7283, -0.5118 0.6693 0.7283, -0.4331 0.6693 0.7283, -0.5905 0.9055 0.7283, -0.6299 0.8661 0.7283, -0.5512 0.9055 0.7283, -0.5118 0.8661 0.7283
            ]
        }
        coordIndex [
            0,1,2,-1,2,1,3,-1,2,3,4,-1,4,3,5,-1,6,7,8,-1,8,7,2,-1,8,2,9,-1,9,2,4,-1,
        ]
    }
}
Shape{
    appearance Appearance {
        material  Material 	{
            diffuseColor 0.25098039215686274 0.25098039215686274 0.25098039215686274
            specularColor 0.12549019607843137 0.12549019607843137 0.12549019607843137
            ambientIntensity 0.251
            transparency 0.0
            shininess 0.5
        }
    }
    geometry IndexedFaceSet {
        ccw TRUE
        solid FALSE
        coord DEF co Coordinate {
            point [
                -0.4331 0.6693 0.1969, -0.4331 0.6693 0.1299, -0.4724 0.6693 0.1969, -0.5118 0.6693 0.1299, -0.4724 0.6693 0.5512, -0.5118 0.6693 0.7283, -0.4331 0.6693 0.5512, -0.4331 0.6693 0.7283, -0.6693 0.6693 0.5512, -0.7087 0.6693 0.5512, -0.7087 0.6693 0.7283, -0.6299 0.6693 0.1299, -0.7087 0.6693 0.1299, -0.7087 0.6693 0.1969, -0.6693 0.6693 0.1969, -0.6299 0.6693 0.7283
            ]
        }
        coordIndex [
            0,1,2,-1,2,1,3,-1,2,3,4,-1,4,3,5,-1,4,5,6,-1,6,5,7,-1,8,9,10,-1,11,12,13,-1,13,14,11,-1,11,14,8,-1,11,8,15,-1,15,8,10,-1,
        ]
    }
}
Shape{
    appearance Appearance {
        material  Material 	{
            diffuseColor 0.7529411764705882 0.7529411764705882 0.7529411764705882
            specularColor 0.3764705882352941 0.3764705882352941 0.3764705882352941
            ambientIntensity 0.7529
            transparency 0.0
            shininess 0.5
        }
    }
    geometry IndexedFaceSet {
        ccw TRUE
        solid FALSE
        coord DEF co Coordinate {
            point [
                -1.063 0.6693 0.7283, -1.1417 0.6693 0.7283, -1.1417 0.1968 0.7283, -0.8661 0.1968 0.7283, -0.8661 0.6693 0.7283, -0.9449 0.6693 0.7283, -0.9842 0.9055 0.7283, -1.0236 0.9055 0.7283, -0.9449 0.8661 0.7283, -1.063 0.8661 0.7283
            ]
        }
        coordIndex [
            0,1,2,-1,3,4,5,-1,6,7,8,-1,8,7,9,-1,8,9,5,-1,5,9,0,-1,5,0,3,-1,3,0,2,-1,
        ]
    }
}
Shape{
    appearance Appearance {
        material  Material 	{
            diffuseColor 0.25098039215686274 0.25098039215686274 0.25098039215686274
            specularColor 0.12549019607843137 0.12549019607843137 0.12549019607843137
            ambientIntensity 0.251
            transparency 0.0
            shininess 0.5
        }
    }
    geometry IndexedFaceSet {
        ccw TRUE
        solid FALSE
        coord DEF co Coordinate {
            point [
                -0.8661 0.6693 0.1969, -0.8661 0.6693 0.1299, -0.9055 0.6693 0.1969, -0.9449 0.6693 0.1299, -0.9055 0.6693 0.5512, -0.9449 0.6693 0.7283, -0.8661 0.6693 0.5512, -0.8661 0.6693 0.7283, -1.1024 0.6693 0.5512, -1.1417 0.6693 0.5512, -1.1417 0.6693 0.7283, -1.063 0.6693 0.1299, -1.1417 0.6693 0.1299, -1.1417 0.6693 0.1969, -1.1024 0.6693 0.1969, -1.063 0.6693 0.7283
            ]
        }
        coordIndex [
            0,1,2,-1,2,1,3,-1,2,3,4,-1,4,3,5,-1,4,5,6,-1,6,5,7,-1,8,9,10,-1,11,12,13,-1,13,14,11,-1,11,14,8,-1,11,8,15,-1,15,8,10,-1,
        ]
    }
}
Shape{
    appearance Appearance {
        material  Material 	{
            diffuseColor 0.7529411764705882 0.7529411764705882 0.7529411764705882
            specularColor 0.3764705882352941 0.3764705882352941 0.3764705882352941
            ambientIntensity 0.7529
            transparency 0.0
            shininess 0.5
        }
    }
    geometry IndexedFaceSet {
        ccw TRUE
        solid FALSE
        coord DEF co Coordinate {
            point [
                -1.5748 0.6693 0.7283, -1.5748 0.1968 0.7283, -1.4961 0.6693 0.7283, -1.2992 0.1968 0.7283, -1.3779 0.6693 0.7283, -1.2992 0.6693 0.7283, -1.4567 0.9055 0.7283, -1.4961 0.8661 0.7283, -1.4173 0.9055 0.7283, -1.3779 0.8661 0.7283
            ]
        }
        coordIndex [
            0,1,2,-1,2,1,3,-1,2,3,4,-1,4,3,5,-1,6,7,8,-1,8,7,2,-1,8,2,9,-1,9,2,4,-1,
        ]
    }
}
Shape{
    appearance Appearance {
        material  Material 	{
            diffuseColor 0.25098039215686274 0.25098039215686274 0.25098039215686274
            specularColor 0.12549019607843137 0.12549019607843137 0.12549019607843137
            ambientIntensity 0.251
            transparency 0.0
            shininess 0.5
        }
    }
    geometry IndexedFaceSet {
        ccw TRUE
        solid FALSE
        coord DEF co Coordinate {
            point [
                -1.2992 0.6693 0.1969, -1.2992 0.6693 0.1299, -1.3386 0.6693 0.1969, -1.3779 0.6693 0.1299, -1.3386 0.6693 0.5512, -1.3779 0.6693 0.7283, -1.2992 0.6693 0.5512, -1.2992 0.6693 0.7283, -1.5354 0.6693 0.5512, -1.5748 0.6693 0.5512, -1.5748 0.6693 0.7283, -1.4961 0.6693 0.1299, -1.5748 0.6693 0.1299, -1.5748 0.6693 0.1969, -1.5354 0.6693 0.1969, -1.4961 0.6693 0.7283
            ]
        }
        coordIndex [
            0,1,2,-1,2,1,3,-1,2,3,4,-1,4,3,5,-1,4,5,6,-1,6,5,7,-1,8,9,10,-1,11,12,13,-1,13,14,11,-1,11,14,8,-1,11,8,15,-1,15,8,10,-1,
        ]
    }
}
Shape{
    appearance Appearance {
        material  Material 	{
            diffuseColor 0.7529411764705882 0.7529411764705882 0.7529411764705882
            specularColor 0.3764705882352941 0.3764705882352941 0.3764705882352941
            ambientIntensity 0.7529
            transparency 0.0
            shininess 0.5
        }
    }
    geometry IndexedFaceSet {
        ccw TRUE
        solid FALSE
        coord DEF co Coordinate {
            point [
                1.6339 -0.7087 0.0197, 1.6339 -0.7087 0.0591, 1.6535 -0.7087 0.0, 1.7913 -0.7087 0.0591, 1.8307 -0.7087 0.6496, 1.8898 -0.7087 0.6496, 1.8307 -0.7087 0.0984, 1.8898 -0.7087 0.0984, 1.8294 -0.7087 0.0882, 1.8864 -0.7087 0.073, 1.8254 -0.7087 0.0787, 1.8766 -0.7087 0.0492, 1.8192 -0.7087 0.0706, 1.8609 -0.7087 0.0288, 1.811 -0.7087 0.0643, 1.8406 -0.7087 0.0132, 1.8015 -0.7087 0.0604, 1.8168 -0.7087 0.0034, 1.7913 -0.7087 0.0
            ]
        }
        coordIndex [
            0,1,2,-1,2,1,3,-1,4,5,6,-1,6,5,7,-1,6,7,8,-1,8,7,9,-1,8,9,10,-1,10,9,11,-1,10,11,12,-1,12,11,13,-1,12,13,14,-1,14,13,15,-1,14,15,16,-1,16,15,17,-1,16,17,3,-1,3,17,18,-1,3,18,2,-1,
        ]
    }
}
Shape{
    appearance Appearance {
        material  Material 	{
            diffuseColor 0.25098039215686274 0.25098039215686274 0.25098039215686274
            specularColor 0.12549019607843137 0.12549019607843137 0.12549019607843137
            ambientIntensity 0.251
            transparency 0.0
            shininess 0.5
        }
    }
    geometry IndexedFaceSet {
        ccw TRUE
        solid FALSE
        coord DEF co Coordinate {
            point [
                1.8898 -0.689 0.0984, 1.8898 -0.689 0.6496, 1.8307 -0.689 0.0984, 1.8307 -0.689 0.6496
            ]
        }
        coordIndex [
            0,1,2,-1,2,1,3,-1,
        ]
    }
}
Shape{
    appearance Appearance {
        material  Material 	{
            diffuseColor 0.7529411764705882 0.7529411764705882 0.7529411764705882
            specularColor 0.3764705882352941 0.3764705882352941 0.3764705882352941
            ambientIntensity 0.7529
            transparency 0.0
            shininess 0.5
        }
    }
    geometry IndexedFaceSet {
        ccw TRUE
        solid FALSE
        coord DEF co Coordinate {
            point [
                1.825 0.9055 0.6496, 1.6411 0.9055 0.6496, 1.6454 0.9105 0.6496, 1.675 0.936 0.6496, 1.7099 0.9536 0.6496, 1.7481 0.9622 0.6496, 1.8301 1.0827 0.6496, 1.8858 1.1024 0.6496, 1.8473 1.034 0.6496, 1.903 1.0537 0.6496, 1.8502 1.0202 0.6496, 1.9091 1.025 0.6496, 1.8496 1.0061 0.6496, 1.9077 0.9958 0.6496, 1.8453 0.9926 0.6496, 1.8989 0.9679 0.6496, 1.8378 0.9807 0.6496, 1.8834 0.9431 0.6496, 1.8275 0.971 0.6496, 1.862 0.9231 0.6496, 1.8151 0.9643 0.6496, 1.8362 0.9092 0.6496, 1.8013 0.961 0.6496, 1.7872 0.9612 0.6496
            ]
        }
        coordIndex [
            0,1,2,-1,2,3,0,-1,0,3,4,-1,0,4,5,-1,6,7,8,-1,8,7,9,-1,8,9,10,-1,10,9,11,-1,10,11,12,-1,12,11,13,-1,12,13,14,-1,14,13,15,-1,14,15,16,-1,16,15,17,-1,16,17,18,-1,18,17,19,-1,18,19,20,-1,20,19,21,-1,20,21,22,-1,22,21,0,-1,22,0,23,-1,23,0,5,-1,
        ]
    }
}
Shape{
    appearance Appearance {
        material  Material 	{
            diffuseColor 0.25098039215686274 0.25098039215686274 0.25098039215686274
            specularColor 0.12549019607843137 0.12549019607843137 0.12549019607843137
            ambientIntensity 0.251
            transparency 0.0
            shininess 0.5
        }
    }
    geometry IndexedFaceSet {
        ccw TRUE
        solid FALSE
        coord DEF co Coordinate {
            point [
                1.5354 0.6693 0.7283, 1.4567 0.6693 0.7283, 1.4567 0.1968 0.7283, 1.5748 0.9055 0.7283, 1.5354 0.8661 0.7283, 1.5945 0.9055 0.7283, 1.5945 0.1968 0.7283, 1.9685 0.8559 0.4833, 1.9685 0.8661 0.4846, 1.9685 0.8597 0.5646, 1.9685 0.9055 0.5708, 1.9685 0.8858 0.4793, 1.9685 0.894 0.4731, 1.9685 0.9002 0.4649, 1.9685 0.9042 0.4554, 1.9685 0.9055 0.4453, 1.9685 0.8763 0.4833, 1.9685 -0.0787 0.4134, 1.9685 -0.0787 0.3543, 1.9685 0.5234 0.4134, 1.9685 0.6299 0.3543, 1.9685 0.5727 0.4197, 1.9685 0.8465 0.4793, 1.9685 0.8136 0.5461, 1.9685 0.6189 0.4381, 2.1339 0.9055 0.4453, 2.1339 0.9042 0.4554, 2.1339 0.9002 0.4649, 2.1339 0.894 0.4731, 2.1339 0.8858 0.4793, 2.1339 0.8763 0.4833, 2.1339 0.8661 0.4846, 2.1339 0.8559 0.4833, 2.1339 0.8465 0.4793, 2.1339 0.6299 0.1535, 2.1339 0.9055 0.1535, 2.1339 0.6299 0.3543, 2.0787 0.9055 0.0984, 2.0787 0.6299 0.0984, 1.5748 0.9055 0.1299, 1.5354 0.8661 0.1299, 1.4961 0.6693 0.5512, 1.4567 0.6693 0.5512, 1.5354 0.6693 0.1299, 1.4567 0.6693 0.1299, 1.4567 0.6693 0.1969, 1.4961 0.6693 0.1969, 1.2992 0.6693 0.1969, 1.2992 0.6693 0.1299, 1.2598 0.6693 0.1969, 1.2205 0.6693 0.1299, 1.2598 0.6693 0.5512, 1.2205 0.6693 0.7283, 1.2992 0.6693 0.5512, 1.2992 0.6693 0.7283
            ]
        }
        coordIndex [
            0,1,2,-1,3,4,5,-1,5,4,0,-1,5,0,6,-1,6,0,2,-1,7,8,9,-1,10,11,12,-1,12,13,10,-1,10,13,14,-1,10,14,15,-1,9,8,10,-1,10,8,16,-1,10,16,11,-1,17,18,19,-1,19,18,20,-1,19,20,21,-1,7,9,22,-1,22,9,23,-1,22,23,20,-1,20,23,24,-1,20,24,21,-1,25,15,14,-1,25,14,26,-1,26,14,13,-1,26,13,27,-1,27,13,12,-1,27,12,28,-1,28,12,11,-1,28,11,29,-1,29,11,16,-1,29,16,30,-1,30,16,8,-1,30,8,31,-1,31,8,7,-1,31,7,32,-1,32,7,22,-1,32,22,33,-1,34,35,36,-1,36,35,25,-1,36,25,33,-1,25,26,27,-1,27,28,25,-1,25,28,29,-1,25,29,30,-1,30,31,25,-1,25,31,32,-1,25,32,33,-1,37,35,38,-1,38,35,34,-1,39,40,3,-1,3,40,4,-1,41,42,1,-1,43,44,45,-1,45,46,43,-1,43,46,41,-1,43,41,0,-1,0,41,1,-1,47,48,49,-1,49,48,50,-1,49,50,51,-1,51,50,52,-1,51,52,53,-1,53,52,54,-1,
        ]
    }
}
Shape{
    appearance Appearance {
        material  Material 	{
            diffuseColor 0.7529411764705882 0.7529411764705882 0.7529411764705882
            specularColor 0.3764705882352941 0.3764705882352941 0.3764705882352941
            ambientIntensity 0.7529
            transparency 0.0
            shininess 0.5
        }
    }
    geometry IndexedFaceSet {
        ccw TRUE
        solid FALSE
        coord DEF co Coordinate {
            point [
                -1.752 0.4921 0.1969, -1.752 0.4921 0.2559, -1.7323 0.4921 0.1969, -1.7126 0.4921 0.2559, -1.7126 0.4921 0.1969, -1.5945 0.4921 0.1969, -1.5945 0.4921 0.2559, -1.5748 0.4921 0.1969, -1.5551 0.4921 0.2559, -1.5551 0.4921 0.1969, -1.5551 -0.441 0.4764, -1.5551 -0.441 0.5354, -1.5551 -0.7362 0.4764, -1.5551 -0.7362 0.5354, -1.5551 -0.7648 0.4726, -1.5551 -0.78 0.5297, -1.5551 -0.7913 0.4616, -1.5551 -0.8209 0.5128, -1.5551 -0.8142 0.4441, -1.5551 -0.8559 0.4858, -1.5551 -0.8317 0.4213, -1.5551 -0.8828 0.4508, -1.5551 -0.8427 0.3947, -1.5551 -0.8997 0.41, -1.5551 -0.8465 0.3661, -1.5551 -0.9055 0.3661, -1.5551 -0.8427 0.3376, -1.5551 -0.8997 0.3223, -1.5551 -0.8317 0.311, -1.5551 -0.8828 0.2815, -1.5551 -0.8142 0.2882, -1.5551 -0.8559 0.2464, -1.5551 -0.7913 0.2707, -1.5551 -0.8209 0.2195, -1.5551 -0.7648 0.2597, -1.5551 -0.78 0.2026, -1.5551 -0.7362 0.2559, -1.5551 -0.7362 0.1969, -1.752 -0.7362 0.5354, -1.752 -0.78 0.5297, -1.752 -0.8209 0.5128, -1.752 -0.8559 0.4858, -1.752 -0.8828 0.4508, -1.752 -0.8997 0.41, -1.752 -0.9055 0.3661, -1.752 -0.8997 0.3223, -1.752 -0.8828 0.2815, -1.752 -0.8559 0.2464, -1.752 -0.8209 0.2195, -1.752 -0.78 0.2026, -1.752 -0.7362 0.1969, -1.752 -0.7362 0.2559, -1.752 -0.7648 0.2597, -1.752 -0.7913 0.2707, -1.752 -0.8142 0.2882, -1.752 -0.8317 0.311, -1.752 -0.8427 0.3376, -1.752 -0.8465 0.3661, -1.752 -0.8427 0.3947, -1.752 -0.8317 0.4213, -1.752 -0.8142 0.4441, -1.752 -0.7913 0.4616, -1.752 -0.7648 0.4726, -1.752 -0.7362 0.4764, -1.752 -0.441 0.4764, -1.752 -0.441 0.5354
            ]
        }
        coordIndex [
            0,1,2,-1,2,1,3,-1,2,3,4,-1,5,6,7,-1,7,6,8,-1,7,8,9,-1,10,11,12,-1,12,11,13,-1,12,13,14,-1,14,13,15,-1,14,15,16,-1,16,15,17,-1,16,17,18,-1,18,17,19,-1,18,19,20,-1,20,19,21,-1,20,21,22,-1,22,21,23,-1,22,23,24,-1,24,23,25,-1,24,25,26,-1,26,25,27,-1,26,27,28,-1,28,27,29,-1,28,29,30,-1,30,29,31,-1,30,31,32,-1,32,31,33,-1,32,33,34,-1,34,33,35,-1,34,35,36,-1,36,35,37,-1,36,37,8,-1,8,37,9,-1,13,38,39,-1,13,39,15,-1,15,39,40,-1,15,40,17,-1,17,40,41,-1,17,41,19,-1,19,41,42,-1,19,42,21,-1,21,42,43,-1,21,43,23,-1,23,43,44,-1,23,44,25,-1,25,44,45,-1,25,45,27,-1,27,45,46,-1,27,46,29,-1,29,46,47,-1,29,47,31,-1,31,47,48,-1,31,48,33,-1,33,48,49,-1,33,49,35,-1,35,49,50,-1,35,50,37,-1,1,0,51,-1,51,0,50,-1,51,50,52,-1,52,50,49,-1,52,49,53,-1,53,49,48,-1,53,48,54,-1,54,48,47,-1,54,47,55,-1,55,47,46,-1,55,46,56,-1,56,46,45,-1,56,45,57,-1,57,45,44,-1,57,44,58,-1,58,44,43,-1,58,43,59,-1,59,43,42,-1,59,42,60,-1,60,42,41,-1,60,41,61,-1,61,41,40,-1,61,40,62,-1,62,40,39,-1,62,39,63,-1,63,39,38,-1,63,38,64,-1,64,38,65,-1,
        ]
    }
}
Shape{
    appearance Appearance {
        material  Material 	{
            diffuseColor 0.25098039215686274 0.25098039215686274 0.25098039215686274
            specularColor 0.12549019607843137 0.12549019607843137 0.12549019607843137
            ambientIntensity 0.251
            transparency 0.0
            shininess 0.5
        }
    }
    geometry IndexedFaceSet {
        ccw TRUE
        solid FALSE
        coord DEF co Coordinate {
            point [
                1.5354 0.8661 0.1299, 1.5354 0.6693 0.1299, 1.5354 0.8661 0.7283, 1.5354 0.6693 0.7283
            ]
        }
        coordIndex [
            0,1,2,-1,2,1,3,-1,
        ]
    }
}
Shape{
    appearance Appearance {
        material  Material 	{
            diffuseColor 0.7529411764705882 0.7529411764705882 0.7529411764705882
            specularColor 0.3764705882352941 0.3764705882352941 0.3764705882352941
            ambientIntensity 0.7529
            transparency 0.0
            shininess 0.5
        }
    }
    geometry IndexedFaceSet {
        ccw TRUE
        solid FALSE
        coord DEF co Coordinate {
            point [
                2.0276 -0.4528 0.0984, 1.9685 -0.4528 0.0984, 2.0289 -0.4528 0.0882, 1.9762 -0.4528 0.072, 2.0328 -0.4528 0.0787, 1.9899 -0.4528 0.048, 2.0391 -0.4528 0.0706, 2.0087 -0.4528 0.0279, 2.0472 -0.4528 0.0643, 2.0317 -0.4528 0.0127, 2.0567 -0.4528 0.0604, 2.0669 -0.4528 0.0591, 2.2244 -0.4528 0.0, 2.2244 -0.4528 0.0591, 2.085 -0.4528 0.0, 2.0576 -0.4528 0.0032, 2.0669 -0.3347 0.0591, 2.0567 -0.3347 0.0604, 2.0472 -0.3347 0.0643, 2.0391 -0.3347 0.0706, 2.0328 -0.3347 0.0787, 2.0289 -0.3347 0.0882, 2.0276 -0.3347 0.0984, 1.9685 -0.3347 0.0984, 1.9762 -0.3347 0.072, 1.9899 -0.3347 0.048, 2.0087 -0.3347 0.0279, 2.0317 -0.3347 0.0127, 2.0576 -0.3347 0.0032, 2.085 -0.3347 0.0, 2.2244 -0.3347 0.0591, 2.2244 -0.3347 0.0
            ]
        }
        coordIndex [
            0,1,2,-1,2,1,3,-1,2,3,4,-1,4,3,5,-1,4,5,6,-1,6,5,7,-1,6,7,8,-1,8,7,9,-1,8,9,10,-1,10,9,11,-1,12,13,14,-1,14,13,11,-1,14,11,15,-1,15,11,9,-1,11,16,10,-1,10,16,17,-1,10,17,8,-1,8,17,18,-1,8,18,6,-1,6,18,19,-1,6,19,4,-1,4,19,20,-1,4,20,2,-1,2,20,21,-1,2,21,0,-1,0,21,22,-1,23,22,24,-1,24,22,21,-1,24,21,25,-1,25,21,20,-1,25,20,26,-1,26,20,19,-1,26,19,27,-1,19,18,27,-1,27,18,17,-1,27,17,28,-1,28,17,16,-1,28,16,29,-1,29,16,30,-1,29,30,31,-1,29,14,15,-1,29,15,28,-1,28,15,9,-1,28,9,27,-1,27,9,7,-1,27,7,26,-1,26,7,5,-1,26,5,25,-1,25,5,3,-1,25,3,24,-1,24,3,1,-1,24,1,23,-1,
        ]
    }
}
Shape{
    appearance Appearance {
        material  Material 	{
            diffuseColor 0.25098039215686274 0.25098039215686274 0.25098039215686274
            specularColor 0.12549019607843137 0.12549019607843137 0.12549019607843137
            ambientIntensity 0.251
            transparency 0.0
            shininess 0.5
        }
    }
    geometry IndexedFaceSet {
        ccw TRUE
        solid FALSE
        coord DEF co Coordinate {
            point [
                1.6142 -0.6299 0.0197, 1.6142 -0.6299 0.0984, 1.5989 -0.6319 0.0197, 1.5989 -0.6319 0.0984, 1.5847 -0.6378 0.0197, 1.5847 -0.6378 0.0984, 1.5724 -0.6472 0.0197, 1.5724 -0.6472 0.0984, 1.563 -0.6595 0.0197, 1.563 -0.6595 0.0984, 1.5571 -0.6737 0.0197, 1.5571 -0.6737 0.0984, 1.5551 -0.689 0.0197, 1.5551 -0.689 0.0984, 1.9291 -0.6299 0.0984, 1.9291 -0.6299 0.0197, 1.9291 -0.2362 0.0984, 1.9291 -0.2362 0.0197, 1.752 -0.2362 0.0984, 1.752 -0.2362 0.0197, 2.1339 0.6299 0.1535, 2.1339 0.6299 0.3543, 2.0787 0.6299 0.0984, 2.0551 0.6299 0.3543, 2.0551 0.6299 0.0984, 2.0551 0.0394 0.0984, 2.0551 0.0394 0.3543
            ]
        }
        coordIndex [
            0,1,2,-1,2,1,3,-1,2,3,4,-1,4,3,5,-1,4,5,6,-1,6,5,7,-1,6,7,8,-1,8,7,9,-1,8,9,10,-1,10,9,11,-1,10,11,12,-1,12,11,13,-1,1,0,14,-1,14,0,15,-1,16,14,17,-1,17,14,15,-1,16,17,18,-1,18,17,19,-1,20,21,22,-1,22,21,23,-1,22,23,24,-1,24,23,25,-1,25,23,26,-1,
        ]
    }
}
Shape{
    appearance Appearance {
        material  Material 	{
            diffuseColor 0.7529411764705882 0.7529411764705882 0.7529411764705882
            specularColor 0.3764705882352941 0.3764705882352941 0.3764705882352941
            ambientIntensity 0.7529
            transparency 0.0
            shininess 0.5
        }
    }
    geometry IndexedFaceSet {
        ccw TRUE
        solid FALSE
        coord DEF co Coordinate {
            point [
                1.8898 -0.8268 0.0984, 1.8898 -0.9055 0.0984, 1.8864 -0.9055 0.073, 1.7913 -0.9055 0.0, 1.7913 -0.7087 0.0, 1.8168 -0.7087 0.0034, 1.8168 -0.9055 0.0034, 1.8406 -0.7087 0.0132, 1.8406 -0.9055 0.0132, 1.8609 -0.7087 0.0288, 1.8609 -0.9055 0.0288, 1.8766 -0.7087 0.0492, 1.8766 -0.9055 0.0492, 1.8864 -0.7087 0.073, 1.8898 -0.7087 0.0984, 1.8898 -0.7087 0.6496, 1.8898 -0.689 0.0984, 1.8898 -0.689 0.6496, -1.7126 0.4921 0.1969, -1.7126 0.4921 0.2559, -1.7126 0.5118 0.1969, -1.7126 0.5118 0.2559, -1.7126 0.5271 0.1948, -1.7126 0.5424 0.2519, -1.7126 0.5413 0.1889, -1.7126 0.5709 0.2401, -1.7126 0.5536 0.1796, -1.7126 0.5953 0.2213, -1.7126 0.5629 0.1673, -1.7126 0.6141 0.1969, -1.7126 0.5688 0.1531, -1.7126 0.6259 0.1684, -1.7126 0.5709 0.1378, -1.7126 0.6299 0.1378, -1.7126 0.5709 0.1181, -1.7126 0.6299 0.1181, -1.7126 0.5749 0.0875, -1.7126 0.6319 0.1028, -1.7126 0.5867 0.0591, -1.7126 0.6378 0.0886, -1.7126 0.6055 0.0346, -1.7126 0.6472 0.0764, -1.7126 0.6299 0.0158, -1.7126 0.6594 0.067, -1.7126 0.6584 0.004, -1.7126 0.6737 0.0611, -1.7126 0.689 0.0, -1.7126 0.689 0.0591, -1.7126 0.9252 0.0, -1.7126 0.9252 0.0591, -1.5945 0.5118 0.1969, -1.5945 0.5271 0.1948, -1.5945 0.5413 0.1889, -1.5945 0.5536 0.1796, -1.5945 0.5629 0.1673, -1.5945 0.5688 0.1531, -1.5945 0.5709 0.1378, -1.5945 0.9252 0.0, -1.5945 0.9252 0.0591, -1.5945 0.689 0.0, -1.5945 0.689 0.0591, -1.5945 0.6584 0.004, -1.5945 0.6737 0.0611, -1.5945 0.6299 0.0158, -1.5945 0.6594 0.067, -1.5945 0.6055 0.0346, -1.5945 0.6472 0.0764, -1.5945 0.5867 0.0591, -1.5945 0.6378 0.0886, -1.5945 0.5749 0.0875, -1.5945 0.6319 0.1028, -1.5945 0.5709 0.1181, -1.5945 0.6299 0.1181, -1.5945 0.6299 0.1378, -1.5945 0.6259 0.1684, -1.5945 0.6141 0.1969, -1.5945 0.5953 0.2213, -1.5945 0.5709 0.2401, -1.5945 0.5424 0.2519, -1.5945 0.5118 0.2559, -1.5945 0.4921 0.1969, -1.5945 0.4921 0.2559
            ]
        }
        coordIndex [
            0,1,2,-1,3,4,5,-1,3,5,6,-1,6,5,7,-1,6,7,8,-1,8,7,9,-1,8,9,10,-1,10,9,11,-1,10,11,12,-1,12,11,13,-1,12,13,2,-1,2,13,14,-1,2,14,0,-1,14,15,16,-1,16,15,17,-1,18,19,20,-1,20,19,21,-1,20,21,22,-1,22,21,23,-1,22,23,24,-1,24,23,25,-1,24,25,26,-1,26,25,27,-1,26,27,28,-1,28,27,29,-1,28,29,30,-1,30,29,31,-1,30,31,32,-1,32,31,33,-1,32,33,34,-1,34,33,35,-1,34,35,36,-1,36,35,37,-1,36,37,38,-1,38,37,39,-1,38,39,40,-1,40,39,41,-1,40,41,42,-1,42,41,43,-1,42,43,44,-1,44,43,45,-1,44,45,46,-1,46,45,47,-1,46,47,48,-1,48,47,49,-1,50,20,51,-1,51,20,22,-1,51,22,52,-1,52,22,24,-1,52,24,53,-1,53,24,26,-1,53,26,54,-1,54,26,28,-1,54,28,55,-1,55,28,30,-1,55,30,56,-1,56,30,32,-1,57,58,59,-1,59,58,60,-1,59,60,61,-1,61,60,62,-1,61,62,63,-1,63,62,64,-1,63,64,65,-1,65,64,66,-1,65,66,67,-1,67,66,68,-1,67,68,69,-1,69,68,70,-1,69,70,71,-1,71,70,72,-1,71,72,56,-1,56,72,73,-1,56,73,55,-1,55,73,74,-1,55,74,54,-1,54,74,75,-1,54,75,53,-1,53,75,76,-1,53,76,52,-1,52,76,77,-1,52,77,51,-1,51,77,78,-1,51,78,50,-1,50,78,79,-1,50,79,80,-1,80,79,81,-1,
        ]
    }
}
Shape{
    appearance Appearance {
        material  Material 	{
            diffuseColor 0.25098039215686274 0.25098039215686274 0.25098039215686274
            specularColor 0.12549019607843137 0.12549019607843137 0.12549019607843137
            ambientIntensity 0.251
            transparency 0.0
            shininess 0.5
        }
    }
    geometry IndexedFaceSet {
        ccw TRUE
        solid FALSE
        coord DEF co Coordinate {
            point [
                -1.4961 0.8661 0.7283, -1.4961 0.8661 0.1299, -1.4961 0.6693 0.7283, -1.4961 0.6693 0.1299, -1.4567 0.9055 0.7283, -1.4567 0.9055 0.1299, -1.4173 0.9055 0.7283, -1.4173 0.9055 0.1299, -1.3779 0.8661 0.7283, -1.3779 0.8661 0.1299, -1.3779 0.6693 0.7283, -1.3779 0.6693 0.1299
            ]
        }
        coordIndex [
            0,1,2,-1,2,1,3,-1,0,4,1,-1,1,4,5,-1,4,6,5,-1,5,6,7,-1,6,8,7,-1,7,8,9,-1,8,10,9,-1,9,10,11,-1,
        ]
    }
}
Shape{
    appearance Appearance {
        material  Material 	{
            diffuseColor 0.7529411764705882 0.7529411764705882 0.7529411764705882
            specularColor 0.3764705882352941 0.3764705882352941 0.3764705882352941
            ambientIntensity 0.7529
            transparency 0.0
            shininess 0.5
        }
    }
    geometry IndexedFaceSet {
        ccw TRUE
        solid FALSE
        coord DEF co Coordinate {
            point [
                -1.3189 0.4921 0.1969, -1.3189 0.4921 0.2559, -1.2992 0.4921 0.1969, -1.2795 0.4921 0.2559, -1.2795 0.4921 0.1969, -1.2795 0.5118 0.1969, -1.2795 0.5118 0.2559, -1.2795 0.5271 0.1948, -1.2795 0.5424 0.2519, -1.2795 0.5413 0.1889, -1.2795 0.5709 0.2401, -1.2795 0.5536 0.1796, -1.2795 0.5953 0.2213, -1.2795 0.5629 0.1673, -1.2795 0.6141 0.1969, -1.2795 0.5688 0.1531, -1.2795 0.6259 0.1684, -1.2795 0.5709 0.1378, -1.2795 0.6299 0.1378, -1.2795 0.5709 0.1181, -1.2795 0.6299 0.1181, -1.2795 0.5749 0.0875, -1.2795 0.6319 0.1028, -1.2795 0.5867 0.0591, -1.2795 0.6378 0.0886, -1.2795 0.6055 0.0346, -1.2795 0.6472 0.0764, -1.2795 0.6299 0.0158, -1.2795 0.6594 0.067, -1.2795 0.6584 0.004, -1.2795 0.6737 0.0611, -1.2795 0.689 0.0, -1.2795 0.689 0.0591, -1.2795 0.9252 0.0, -1.2795 0.9252 0.0591, -1.1614 0.5118 0.1969, -1.1614 0.5271 0.1948, -1.1614 0.5413 0.1889, -1.1614 0.5536 0.1796, -1.1614 0.5629 0.1673, -1.1614 0.5688 0.1531, -1.1614 0.5709 0.1378, -1.1614 0.9252 0.0, -1.1614 0.9252 0.0591, -1.1614 0.689 0.0, -1.1614 0.689 0.0591, -1.1614 0.6584 0.004, -1.1614 0.6737 0.0611, -1.1614 0.6299 0.0158, -1.1614 0.6594 0.067, -1.1614 0.6055 0.0346, -1.1614 0.6472 0.0764, -1.1614 0.5867 0.0591, -1.1614 0.6378 0.0886, -1.1614 0.5749 0.0875, -1.1614 0.6319 0.1028, -1.1614 0.5709 0.1181, -1.1614 0.6299 0.1181, -1.1614 0.6299 0.1378, -1.1614 0.6259 0.1684, -1.1614 0.6141 0.1969, -1.1614 0.5953 0.2213, -1.1614 0.5709 0.2401, -1.1614 0.5424 0.2519, -1.1614 0.5118 0.2559, -1.1614 0.4921 0.1969, -1.1614 0.4921 0.2559, -1.1417 0.4921 0.1969, -1.122 0.4921 0.2559, -1.122 0.4921 0.1969
            ]
        }
        coordIndex [
            0,1,2,-1,2,1,3,-1,2,3,4,-1,4,3,5,-1,5,3,6,-1,5,6,7,-1,7,6,8,-1,7,8,9,-1,9,8,10,-1,9,10,11,-1,11,10,12,-1,11,12,13,-1,13,12,14,-1,13,14,15,-1,15,14,16,-1,15,16,17,-1,17,16,18,-1,17,18,19,-1,19,18,20,-1,19,20,21,-1,21,20,22,-1,21,22,23,-1,23,22,24,-1,23,24,25,-1,25,24,26,-1,25,26,27,-1,27,26,28,-1,27,28,29,-1,29,28,30,-1,29,30,31,-1,31,30,32,-1,31,32,33,-1,33,32,34,-1,35,5,36,-1,36,5,7,-1,36,7,37,-1,37,7,9,-1,37,9,38,-1,38,9,11,-1,38,11,39,-1,39,11,13,-1,39,13,40,-1,40,13,15,-1,40,15,41,-1,41,15,17,-1,42,43,44,-1,44,43,45,-1,44,45,46,-1,46,45,47,-1,46,47,48,-1,48,47,49,-1,48,49,50,-1,50,49,51,-1,50,51,52,-1,52,51,53,-1,52,53,54,-1,54,53,55,-1,54,55,56,-1,56,55,57,-1,56,57,41,-1,41,57,58,-1,41,58,40,-1,40,58,59,-1,40,59,39,-1,39,59,60,-1,39,60,38,-1,38,60,61,-1,38,61,37,-1,37,61,62,-1,37,62,36,-1,36,62,63,-1,36,63,35,-1,35,63,64,-1,35,64,65,-1,65,64,66,-1,65,66,67,-1,67,66,68,-1,67,68,69,-1,
        ]
    }
}
Shape{
    appearance Appearance {
        material  Material 	{
            diffuseColor 0.25098039215686274 0.25098039215686274 0.25098039215686274
            specularColor 0.12549019607843137 0.12549019607843137 0.12549019607843137
            ambientIntensity 0.251
            transparency 0.0
            shininess 0.5
        }
    }
    geometry IndexedFaceSet {
        ccw TRUE
        solid FALSE
        coord DEF co Coordinate {
            point [
                -1.063 0.8661 0.1299, -1.063 0.6693 0.1299, -1.063 0.8661 0.7283, -1.063 0.6693 0.7283, -1.0236 0.9055 0.1299, -1.0236 0.9055 0.7283, -0.9842 0.9055 0.7283, -0.9842 0.9055 0.1299, -0.9449 0.8661 0.7283, -0.9449 0.8661 0.1299, -0.9449 0.6693 0.7283, -0.9449 0.6693 0.1299
            ]
        }
        coordIndex [
            0,1,2,-1,2,1,3,-1,4,0,5,-1,5,0,2,-1,5,6,4,-1,4,6,7,-1,6,8,7,-1,7,8,9,-1,8,10,9,-1,9,10,11,-1,
        ]
    }
}
Shape{
    appearance Appearance {
        material  Material 	{
            diffuseColor 0.7529411764705882 0.7529411764705882 0.7529411764705882
            specularColor 0.3764705882352941 0.3764705882352941 0.3764705882352941
            ambientIntensity 0.7529
            transparency 0.0
            shininess 0.5
        }
    }
    geometry IndexedFaceSet {
        ccw TRUE
        solid FALSE
        coord DEF co Coordinate {
            point [
                -0.8858 0.4921 0.1969, -0.8858 0.4921 0.2559, -0.8661 0.4921 0.1969, -0.8465 0.4921 0.2559, -0.8465 0.4921 0.1969, -0.8465 0.5118 0.1969, -0.8465 0.5118 0.2559, -0.8465 0.5271 0.1948, -0.8465 0.5424 0.2519, -0.8465 0.5413 0.1889, -0.8465 0.5709 0.2401, -0.8465 0.5536 0.1796, -0.8465 0.5953 0.2213, -0.8465 0.5629 0.1673, -0.8465 0.6141 0.1969, -0.8465 0.5688 0.1531, -0.8465 0.6259 0.1684, -0.8465 0.5709 0.1378, -0.8465 0.6299 0.1378, -0.8465 0.5709 0.1181, -0.8465 0.6299 0.1181, -0.8465 0.5749 0.0875, -0.8465 0.6319 0.1028, -0.8465 0.5867 0.0591, -0.8465 0.6378 0.0886, -0.8465 0.6055 0.0346, -0.8465 0.6472 0.0764, -0.8465 0.6299 0.0158, -0.8465 0.6594 0.067, -0.8465 0.6584 0.004, -0.8465 0.6737 0.0611, -0.8465 0.689 0.0, -0.8465 0.689 0.0591, -0.8465 0.9252 0.0, -0.8465 0.9252 0.0591, -0.7283 0.5118 0.1969, -0.7283 0.5271 0.1948, -0.7283 0.5413 0.1889, -0.7283 0.5536 0.1796, -0.7283 0.5629 0.1673, -0.7283 0.5688 0.1531, -0.7283 0.5709 0.1378, -0.7283 0.9252 0.0, -0.7283 0.9252 0.0591, -0.7283 0.689 0.0, -0.7283 0.689 0.0591, -0.7283 0.6584 0.004, -0.7283 0.6737 0.0611, -0.7283 0.6299 0.0158, -0.7283 0.6594 0.067, -0.7283 0.6055 0.0346, -0.7283 0.6472 0.0764, -0.7283 0.5867 0.0591, -0.7283 0.6378 0.0886, -0.7283 0.5749 0.0875, -0.7283 0.6319 0.1028, -0.7283 0.5709 0.1181, -0.7283 0.6299 0.1181, -0.7283 0.6299 0.1378, -0.7283 0.6259 0.1684, -0.7283 0.6141 0.1969, -0.7283 0.5953 0.2213, -0.7283 0.5709 0.2401, -0.7283 0.5424 0.2519, -0.7283 0.5118 0.2559, -0.7283 0.4921 0.1969, -0.7283 0.4921 0.2559, -0.7087 0.4921 0.1969, -0.689 0.4921 0.2559, -0.689 0.4921 0.1969
            ]
        }
        coordIndex [
            0,1,2,-1,2,1,3,-1,2,3,4,-1,4,3,5,-1,5,3,6,-1,5,6,7,-1,7,6,8,-1,7,8,9,-1,9,8,10,-1,9,10,11,-1,11,10,12,-1,11,12,13,-1,13,12,14,-1,13,14,15,-1,15,14,16,-1,15,16,17,-1,17,16,18,-1,17,18,19,-1,19,18,20,-1,19,20,21,-1,21,20,22,-1,21,22,23,-1,23,22,24,-1,23,24,25,-1,25,24,26,-1,25,26,27,-1,27,26,28,-1,27,28,29,-1,29,28,30,-1,29,30,31,-1,31,30,32,-1,31,32,33,-1,33,32,34,-1,35,5,36,-1,36,5,7,-1,36,7,37,-1,37,7,9,-1,37,9,38,-1,38,9,11,-1,38,11,39,-1,39,11,13,-1,39,13,40,-1,40,13,15,-1,40,15,41,-1,41,15,17,-1,42,43,44,-1,44,43,45,-1,44,45,46,-1,46,45,47,-1,46,47,48,-1,48,47,49,-1,48,49,50,-1,50,49,51,-1,50,51,52,-1,52,51,53,-1,52,53,54,-1,54,53,55,-1,54,55,56,-1,56,55,57,-1,56,57,41,-1,41,57,58,-1,41,58,40,-1,40,58,59,-1,40,59,39,-1,39,59,60,-1,39,60,38,-1,38,60,61,-1,38,61,37,-1,37,61,62,-1,37,62,36,-1,36,62,63,-1,36,63,35,-1,35,63,64,-1,35,64,65,-1,65,64,66,-1,65,66,67,-1,67,66,68,-1,67,68,69,-1,
        ]
    }
}
Shape{
    appearance Appearance {
        material  Material 	{
            diffuseColor 0.25098039215686274 0.25098039215686274 0.25098039215686274
            specularColor 0.12549019607843137 0.12549019607843137 0.12549019607843137
            ambientIntensity 0.251
            transparency 0.0
            shininess 0.5
        }
    }
    geometry IndexedFaceSet {
        ccw TRUE
        solid FALSE
        coord DEF co Coordinate {
            point [
                -0.6299 0.8661 0.1299, -0.6299 0.6693 0.1299, -0.6299 0.8661 0.7283, -0.6299 0.6693 0.7283, -0.5905 0.9055 0.1299, -0.5905 0.9055 0.7283, -0.5512 0.9055 0.7283, -0.5512 0.9055 0.1299, -0.5118 0.8661 0.7283, -0.5118 0.8661 0.1299, -0.5118 0.6693 0.7283, -0.5118 0.6693 0.1299
            ]
        }
        coordIndex [
            0,1,2,-1,2,1,3,-1,4,0,5,-1,5,0,2,-1,5,6,4,-1,4,6,7,-1,6,8,7,-1,7,8,9,-1,8,10,9,-1,9,10,11,-1,
        ]
    }
}
Shape{
    appearance Appearance {
        material  Material 	{
            diffuseColor 0.7529411764705882 0.7529411764705882 0.7529411764705882
            specularColor 0.3764705882352941 0.3764705882352941 0.3764705882352941
            ambientIntensity 0.7529
            transparency 0.0
            shininess 0.5
        }
    }
    geometry IndexedFaceSet {
        ccw TRUE
        solid FALSE
        coord DEF co Coordinate {
            point [
                -0.4528 0.4921 0.1969, -0.4528 0.4921 0.2559, -0.4331 0.4921 0.1969, -0.4134 0.4921 0.2559, -0.4134 0.4921 0.1969, -0.4134 0.5118 0.1969, -0.4134 0.5118 0.2559, -0.4134 0.5271 0.1948, -0.4134 0.5424 0.2519, -0.4134 0.5413 0.1889, -0.4134 0.5709 0.2401, -0.4134 0.5536 0.1796, -0.4134 0.5953 0.2213, -0.4134 0.5629 0.1673, -0.4134 0.6141 0.1969, -0.4134 0.5688 0.1531, -0.4134 0.6259 0.1684, -0.4134 0.5709 0.1378, -0.4134 0.6299 0.1378, -0.4134 0.5709 0.1181, -0.4134 0.6299 0.1181, -0.4134 0.5749 0.0875, -0.4134 0.6319 0.1028, -0.4134 0.5867 0.0591, -0.4134 0.6378 0.0886, -0.4134 0.6055 0.0346, -0.4134 0.6472 0.0764, -0.4134 0.6299 0.0158, -0.4134 0.6594 0.067, -0.4134 0.6584 0.004, -0.4134 0.6737 0.0611, -0.4134 0.689 0.0, -0.4134 0.689 0.0591, -0.4134 0.9252 0.0, -0.4134 0.9252 0.0591, -0.2953 0.5118 0.1969, -0.2953 0.5271 0.1948, -0.2953 0.5413 0.1889, -0.2953 0.5536 0.1796, -0.2953 0.5629 0.1673, -0.2953 0.5688 0.1531, -0.2953 0.5709 0.1378, -0.2953 0.9252 0.0, -0.2953 0.9252 0.0591, -0.2953 0.689 0.0, -0.2953 0.689 0.0591, -0.2953 0.6584 0.004, -0.2953 0.6737 0.0611, -0.2953 0.6299 0.0158, -0.2953 0.6594 0.067, -0.2953 0.6055 0.0346, -0.2953 0.6472 0.0764, -0.2953 0.5867 0.0591, -0.2953 0.6378 0.0886, -0.2953 0.5749 0.0875, -0.2953 0.6319 0.1028, -0.2953 0.5709 0.1181, -0.2953 0.6299 0.1181, -0.2953 0.6299 0.1378, -0.2953 0.6259 0.1684, -0.2953 0.6141 0.1969, -0.2953 0.5953 0.2213, -0.2953 0.5709 0.2401, -0.2953 0.5424 0.2519, -0.2953 0.5118 0.2559, -0.2953 0.4921 0.1969, -0.2953 0.4921 0.2559, -0.2756 0.4921 0.1969, -0.2559 0.4921 0.2559, -0.2559 0.4921 0.1969
            ]
        }
        coordIndex [
            0,1,2,-1,2,1,3,-1,2,3,4,-1,4,3,5,-1,5,3,6,-1,5,6,7,-1,7,6,8,-1,7,8,9,-1,9,8,10,-1,9,10,11,-1,11,10,12,-1,11,12,13,-1,13,12,14,-1,13,14,15,-1,15,14,16,-1,15,16,17,-1,17,16,18,-1,17,18,19,-1,19,18,20,-1,19,20,21,-1,21,20,22,-1,21,22,23,-1,23,22,24,-1,23,24,25,-1,25,24,26,-1,25,26,27,-1,27,26,28,-1,27,28,29,-1,29,28,30,-1,29,30,31,-1,31,30,32,-1,31,32,33,-1,33,32,34,-1,35,5,36,-1,36,5,7,-1,36,7,37,-1,37,7,9,-1,37,9,38,-1,38,9,11,-1,38,11,39,-1,39,11,13,-1,39,13,40,-1,40,13,15,-1,40,15,41,-1,41,15,17,-1,42,43,44,-1,44,43,45,-1,44,45,46,-1,46,45,47,-1,46,47,48,-1,48,47,49,-1,48,49,50,-1,50,49,51,-1,50,51,52,-1,52,51,53,-1,52,53,54,-1,54,53,55,-1,54,55,56,-1,56,55,57,-1,56,57,41,-1,41,57,58,-1,41,58,40,-1,40,58,59,-1,40,59,39,-1,39,59,60,-1,39,60,38,-1,38,60,61,-1,38,61,37,-1,37,61,62,-1,37,62,36,-1,36,62,63,-1,36,63,35,-1,35,63,64,-1,35,64,65,-1,65,64,66,-1,65,66,67,-1,67,66,68,-1,67,68,69,-1,
        ]
    }
}
Shape{
    appearance Appearance {
        material  Material 	{
            diffuseColor 0.25098039215686274 0.25098039215686274 0.25098039215686274
            specularColor 0.12549019607843137 0.12549019607843137 0.12549019607843137
            ambientIntensity 0.251
            transparency 0.0
            shininess 0.5
        }
    }
    geometry IndexedFaceSet {
        ccw TRUE
        solid FALSE
        coord DEF co Coordinate {
            point [
                -0.1968 0.8661 0.1299, -0.1968 0.6693 0.1299, -0.1968 0.8661 0.7283, -0.1968 0.6693 0.7283, -0.1575 0.9055 0.1299, -0.1575 0.9055 0.7283, -0.1181 0.9055 0.7283, -0.1181 0.9055 0.1299, -0.0787 0.8661 0.7283, -0.0787 0.8661 0.1299, -0.0787 0.6693 0.7283, -0.0787 0.6693 0.1299
            ]
        }
        coordIndex [
            0,1,2,-1,2,1,3,-1,4,0,5,-1,5,0,2,-1,5,6,4,-1,4,6,7,-1,6,8,7,-1,7,8,9,-1,8,10,9,-1,9,10,11,-1,
        ]
    }
}
Shape{
    appearance Appearance {
        material  Material 	{
            diffuseColor 0.7529411764705882 0.7529411764705882 0.7529411764705882
            specularColor 0.3764705882352941 0.3764705882352941 0.3764705882352941
            ambientIntensity 0.7529
            transparency 0.0
            shininess 0.5
        }
    }
    geometry IndexedFaceSet {
        ccw TRUE
        solid FALSE
        coord DEF co Coordinate {
            point [
                -0.0197 0.4921 0.1969, -0.0197 0.4921 0.2559, 0.0 0.4921 0.1969, 0.0197 0.4921 0.2559, 0.0197 0.4921 0.1969, 0.0197 0.5118 0.1969, 0.0197 0.5118 0.2559, 0.0197 0.5271 0.1948, 0.0197 0.5424 0.2519, 0.0197 0.5413 0.1889, 0.0197 0.5709 0.2401, 0.0197 0.5536 0.1796, 0.0197 0.5953 0.2213, 0.0197 0.5629 0.1673, 0.0197 0.6141 0.1969, 0.0197 0.5688 0.1531, 0.0197 0.6259 0.1684, 0.0197 0.5709 0.1378, 0.0197 0.6299 0.1378, 0.0197 0.5709 0.1181, 0.0197 0.6299 0.1181, 0.0197 0.5749 0.0875, 0.0197 0.6319 0.1028, 0.0197 0.5867 0.0591, 0.0197 0.6378 0.0886, 0.0197 0.6055 0.0346, 0.0197 0.6472 0.0764, 0.0197 0.6299 0.0158, 0.0197 0.6594 0.067, 0.0197 0.6584 0.004, 0.0197 0.6737 0.0611, 0.0197 0.689 0.0, 0.0197 0.689 0.0591, 0.0197 0.9252 0.0, 0.0197 0.9252 0.0591, 0.1378 0.5118 0.1969, 0.1378 0.5271 0.1948, 0.1378 0.5413 0.1889, 0.1378 0.5536 0.1796, 0.1378 0.5629 0.1673, 0.1378 0.5688 0.1531, 0.1378 0.5709 0.1378, 0.1378 0.9252 0.0, 0.1378 0.9252 0.0591, 0.1378 0.689 0.0, 0.1378 0.689 0.0591, 0.1378 0.6584 0.004, 0.1378 0.6737 0.0611, 0.1378 0.6299 0.0158, 0.1378 0.6594 0.067, 0.1378 0.6055 0.0346, 0.1378 0.6472 0.0764, 0.1378 0.5867 0.0591, 0.1378 0.6378 0.0886, 0.1378 0.5749 0.0875, 0.1378 0.6319 0.1028, 0.1378 0.5709 0.1181, 0.1378 0.6299 0.1181, 0.1378 0.6299 0.1378, 0.1378 0.6259 0.1684, 0.1378 0.6141 0.1969, 0.1378 0.5953 0.2213, 0.1378 0.5709 0.2401, 0.1378 0.5424 0.2519, 0.1378 0.5118 0.2559, 0.1378 0.4921 0.1969, 0.1378 0.4921 0.2559, 0.1575 0.4921 0.1969, 0.1772 0.4921 0.2559, 0.1772 0.4921 0.1969
            ]
        }
        coordIndex [
            0,1,2,-1,2,1,3,-1,2,3,4,-1,4,3,5,-1,5,3,6,-1,5,6,7,-1,7,6,8,-1,7,8,9,-1,9,8,10,-1,9,10,11,-1,11,10,12,-1,11,12,13,-1,13,12,14,-1,13,14,15,-1,15,14,16,-1,15,16,17,-1,17,16,18,-1,17,18,19,-1,19,18,20,-1,19,20,21,-1,21,20,22,-1,21,22,23,-1,23,22,24,-1,23,24,25,-1,25,24,26,-1,25,26,27,-1,27,26,28,-1,27,28,29,-1,29,28,30,-1,29,30,31,-1,31,30,32,-1,31,32,33,-1,33,32,34,-1,35,5,36,-1,36,5,7,-1,36,7,37,-1,37,7,9,-1,37,9,38,-1,38,9,11,-1,38,11,39,-1,39,11,13,-1,39,13,40,-1,40,13,15,-1,40,15,41,-1,41,15,17,-1,42,43,44,-1,44,43,45,-1,44,45,46,-1,46,45,47,-1,46,47,48,-1,48,47,49,-1,48,49,50,-1,50,49,51,-1,50,51,52,-1,52,51,53,-1,52,53,54,-1,54,53,55,-1,54,55,56,-1,56,55,57,-1,56,57,41,-1,41,57,58,-1,41,58,40,-1,40,58,59,-1,40,59,39,-1,39,59,60,-1,39,60,38,-1,38,60,61,-1,38,61,37,-1,37,61,62,-1,37,62,36,-1,36,62,63,-1,36,63,35,-1,35,63,64,-1,35,64,65,-1,65,64,66,-1,65,66,67,-1,67,66,68,-1,67,68,69,-1,
        ]
    }
}
Shape{
    appearance Appearance {
        material  Material 	{
            diffuseColor 0.25098039215686274 0.25098039215686274 0.25098039215686274
            specularColor 0.12549019607843137 0.12549019607843137 0.12549019607843137
            ambientIntensity 0.251
            transparency 0.0
            shininess 0.5
        }
    }
    geometry IndexedFaceSet {
        ccw TRUE
        solid FALSE
        coord DEF co Coordinate {
            point [
                0.2362 0.8661 0.1299, 0.2362 0.6693 0.1299, 0.2362 0.8661 0.7283, 0.2362 0.6693 0.7283, 0.2756 0.9055 0.1299, 0.2756 0.9055 0.7283, 0.315 0.9055 0.7283, 0.315 0.9055 0.1299, 0.3543 0.8661 0.7283, 0.3543 0.8661 0.1299, 0.3543 0.6693 0.7283, 0.3543 0.6693 0.1299
            ]
        }
        coordIndex [
            0,1,2,-1,2,1,3,-1,4,0,5,-1,5,0,2,-1,5,6,4,-1,4,6,7,-1,6,8,7,-1,7,8,9,-1,8,10,9,-1,9,10,11,-1,
        ]
    }
}
Shape{
    appearance Appearance {
        material  Material 	{
            diffuseColor 0.7529411764705882 0.7529411764705882 0.7529411764705882
            specularColor 0.3764705882352941 0.3764705882352941 0.3764705882352941
            ambientIntensity 0.7529
            transparency 0.0
            shininess 0.5
        }
    }
    geometry IndexedFaceSet {
        ccw TRUE
        solid FALSE
        coord DEF co Coordinate {
            point [
                0.4134 0.4921 0.1969, 0.4134 0.4921 0.2559, 0.4331 0.4921 0.1969, 0.4528 0.4921 0.2559, 0.4528 0.4921 0.1969, 0.4528 0.5118 0.1969, 0.4528 0.5118 0.2559, 0.4528 0.5271 0.1948, 0.4528 0.5424 0.2519, 0.4528 0.5413 0.1889, 0.4528 0.5709 0.2401, 0.4528 0.5536 0.1796, 0.4528 0.5953 0.2213, 0.4528 0.5629 0.1673, 0.4528 0.6141 0.1969, 0.4528 0.5688 0.1531, 0.4528 0.6259 0.1684, 0.4528 0.5709 0.1378, 0.4528 0.6299 0.1378, 0.4528 0.5709 0.1181, 0.4528 0.6299 0.1181, 0.4528 0.5749 0.0875, 0.4528 0.6319 0.1028, 0.4528 0.5867 0.0591, 0.4528 0.6378 0.0886, 0.4528 0.6055 0.0346, 0.4528 0.6472 0.0764, 0.4528 0.6299 0.0158, 0.4528 0.6594 0.067, 0.4528 0.6584 0.004, 0.4528 0.6737 0.0611, 0.4528 0.689 0.0, 0.4528 0.689 0.0591, 0.4528 0.9252 0.0, 0.4528 0.9252 0.0591, 0.5709 0.5118 0.1969, 0.5709 0.5271 0.1948, 0.5709 0.5413 0.1889, 0.5709 0.5536 0.1796, 0.5709 0.5629 0.1673, 0.5709 0.5688 0.1531, 0.5709 0.5709 0.1378, 0.5709 0.9252 0.0, 0.5709 0.9252 0.0591, 0.5709 0.689 0.0, 0.5709 0.689 0.0591, 0.5709 0.6584 0.004, 0.5709 0.6737 0.0611, 0.5709 0.6299 0.0158, 0.5709 0.6594 0.067, 0.5709 0.6055 0.0346, 0.5709 0.6472 0.0764, 0.5709 0.5867 0.0591, 0.5709 0.6378 0.0886, 0.5709 0.5749 0.0875, 0.5709 0.6319 0.1028, 0.5709 0.5709 0.1181, 0.5709 0.6299 0.1181, 0.5709 0.6299 0.1378, 0.5709 0.6259 0.1684, 0.5709 0.6141 0.1969, 0.5709 0.5953 0.2213, 0.5709 0.5709 0.2401, 0.5709 0.5424 0.2519, 0.5709 0.5118 0.2559, 0.5709 0.4921 0.1969, 0.5709 0.4921 0.2559, 0.5906 0.4921 0.1969, 0.6102 0.4921 0.2559, 0.6102 0.4921 0.1969
            ]
        }
        coordIndex [
            0,1,2,-1,2,1,3,-1,2,3,4,-1,4,3,5,-1,5,3,6,-1,5,6,7,-1,7,6,8,-1,7,8,9,-1,9,8,10,-1,9,10,11,-1,11,10,12,-1,11,12,13,-1,13,12,14,-1,13,14,15,-1,15,14,16,-1,15,16,17,-1,17,16,18,-1,17,18,19,-1,19,18,20,-1,19,20,21,-1,21,20,22,-1,21,22,23,-1,23,22,24,-1,23,24,25,-1,25,24,26,-1,25,26,27,-1,27,26,28,-1,27,28,29,-1,29,28,30,-1,29,30,31,-1,31,30,32,-1,31,32,33,-1,33,32,34,-1,35,5,36,-1,36,5,7,-1,36,7,37,-1,37,7,9,-1,37,9,38,-1,38,9,11,-1,38,11,39,-1,39,11,13,-1,39,13,40,-1,40,13,15,-1,40,15,41,-1,41,15,17,-1,42,43,44,-1,44,43,45,-1,44,45,46,-1,46,45,47,-1,46,47,48,-1,48,47,49,-1,48,49,50,-1,50,49,51,-1,50,51,52,-1,52,51,53,-1,52,53,54,-1,54,53,55,-1,54,55,56,-1,56,55,57,-1,56,57,41,-1,41,57,58,-1,41,58,40,-1,40,58,59,-1,40,59,39,-1,39,59,60,-1,39,60,38,-1,38,60,61,-1,38,61,37,-1,37,61,62,-1,37,62,36,-1,36,62,63,-1,36,63,35,-1,35,63,64,-1,35,64,65,-1,65,64,66,-1,65,66,67,-1,67,66,68,-1,67,68,69,-1,
        ]
    }
}
Shape{
    appearance Appearance {
        material  Material 	{
            diffuseColor 0.25098039215686274 0.25098039215686274 0.25098039215686274
            specularColor 0.12549019607843137 0.12549019607843137 0.12549019607843137
            ambientIntensity 0.251
            transparency 0.0
            shininess 0.5
        }
    }
    geometry IndexedFaceSet {
        ccw TRUE
        solid FALSE
        coord DEF co Coordinate {
            point [
                0.6693 0.8661 0.1299, 0.6693 0.6693 0.1299, 0.6693 0.8661 0.7283, 0.6693 0.6693 0.7283, 0.7087 0.9055 0.1299, 0.7087 0.9055 0.7283, 0.748 0.9055 0.7283, 0.748 0.9055 0.1299, 0.7874 0.8661 0.7283, 0.7874 0.8661 0.1299, 0.7874 0.6693 0.7283, 0.7874 0.6693 0.1299
            ]
        }
        coordIndex [
            0,1,2,-1,2,1,3,-1,4,0,5,-1,5,0,2,-1,5,6,4,-1,4,6,7,-1,6,8,7,-1,7,8,9,-1,8,10,9,-1,9,10,11,-1,
        ]
    }
}
Shape{
    appearance Appearance {
        material  Material 	{
            diffuseColor 0.7529411764705882 0.7529411764705882 0.7529411764705882
            specularColor 0.3764705882352941 0.3764705882352941 0.3764705882352941
            ambientIntensity 0.7529
            transparency 0.0
            shininess 0.5
        }
    }
    geometry IndexedFaceSet {
        ccw TRUE
        solid FALSE
        coord DEF co Coordinate {
            point [
                0.8465 0.4921 0.1969, 0.8465 0.4921 0.2559, 0.8661 0.4921 0.1969, 0.8858 0.4921 0.2559, 0.8858 0.4921 0.1969, 0.8858 0.5118 0.1969, 0.8858 0.5118 0.2559, 0.8858 0.5271 0.1948, 0.8858 0.5424 0.2519, 0.8858 0.5413 0.1889, 0.8858 0.5709 0.2401, 0.8858 0.5536 0.1796, 0.8858 0.5953 0.2213, 0.8858 0.5629 0.1673, 0.8858 0.6141 0.1969, 0.8858 0.5688 0.1531, 0.8858 0.6259 0.1684, 0.8858 0.5709 0.1378, 0.8858 0.6299 0.1378, 0.8858 0.5709 0.1181, 0.8858 0.6299 0.1181, 0.8858 0.5749 0.0875, 0.8858 0.6319 0.1028, 0.8858 0.5867 0.0591, 0.8858 0.6378 0.0886, 0.8858 0.6055 0.0346, 0.8858 0.6472 0.0764, 0.8858 0.6299 0.0158, 0.8858 0.6594 0.067, 0.8858 0.6584 0.004, 0.8858 0.6737 0.0611, 0.8858 0.689 0.0, 0.8858 0.689 0.0591, 0.8858 0.9252 0.0, 0.8858 0.9252 0.0591, 1.0039 0.5118 0.1969, 1.0039 0.5271 0.1948, 1.0039 0.5413 0.1889, 1.0039 0.5536 0.1796, 1.0039 0.5629 0.1673, 1.0039 0.5688 0.1531, 1.0039 0.5709 0.1378, 1.0039 0.9252 0.0, 1.0039 0.9252 0.0591, 1.0039 0.689 0.0, 1.0039 0.689 0.0591, 1.0039 0.6584 0.004, 1.0039 0.6737 0.0611, 1.0039 0.6299 0.0158, 1.0039 0.6594 0.067, 1.0039 0.6055 0.0346, 1.0039 0.6472 0.0764, 1.0039 0.5867 0.0591, 1.0039 0.6378 0.0886, 1.0039 0.5749 0.0875, 1.0039 0.6319 0.1028, 1.0039 0.5709 0.1181, 1.0039 0.6299 0.1181, 1.0039 0.6299 0.1378, 1.0039 0.6259 0.1684, 1.0039 0.6141 0.1969, 1.0039 0.5953 0.2213, 1.0039 0.5709 0.2401, 1.0039 0.5424 0.2519, 1.0039 0.5118 0.2559, 1.0039 0.4921 0.1969, 1.0039 0.4921 0.2559, 1.0236 0.4921 0.1969, 1.0433 0.4921 0.2559, 1.0433 0.4921 0.1969
            ]
        }
        coordIndex [
            0,1,2,-1,2,1,3,-1,2,3,4,-1,4,3,5,-1,5,3,6,-1,5,6,7,-1,7,6,8,-1,7,8,9,-1,9,8,10,-1,9,10,11,-1,11,10,12,-1,11,12,13,-1,13,12,14,-1,13,14,15,-1,15,14,16,-1,15,16,17,-1,17,16,18,-1,17,18,19,-1,19,18,20,-1,19,20,21,-1,21,20,22,-1,21,22,23,-1,23,22,24,-1,23,24,25,-1,25,24,26,-1,25,26,27,-1,27,26,28,-1,27,28,29,-1,29,28,30,-1,29,30,31,-1,31,30,32,-1,31,32,33,-1,33,32,34,-1,35,5,36,-1,36,5,7,-1,36,7,37,-1,37,7,9,-1,37,9,38,-1,38,9,11,-1,38,11,39,-1,39,11,13,-1,39,13,40,-1,40,13,15,-1,40,15,41,-1,41,15,17,-1,42,43,44,-1,44,43,45,-1,44,45,46,-1,46,45,47,-1,46,47,48,-1,48,47,49,-1,48,49,50,-1,50,49,51,-1,50,51,52,-1,52,51,53,-1,52,53,54,-1,54,53,55,-1,54,55,56,-1,56,55,57,-1,56,57,41,-1,41,57,58,-1,41,58,40,-1,40,58,59,-1,40,59,39,-1,39,59,60,-1,39,60,38,-1,38,60,61,-1,38,61,37,-1,37,61,62,-1,37,62,36,-1,36,62,63,-1,36,63,35,-1,35,63,64,-1,35,64,65,-1,65,64,66,-1,65,66,67,-1,67,66,68,-1,67,68,69,-1,
        ]
    }
}
Shape{
    appearance Appearance {
        material  Material 	{
            diffuseColor 0.25098039215686274 0.25098039215686274 0.25098039215686274
            specularColor 0.12549019607843137 0.12549019607843137 0.12549019607843137
            ambientIntensity 0.251
            transparency 0.0
            shininess 0.5
        }
    }
    geometry IndexedFaceSet {
        ccw TRUE
        solid FALSE
        coord DEF co Coordinate {
            point [
                1.1024 0.8661 0.1299, 1.1024 0.6693 0.1299, 1.1024 0.8661 0.7283, 1.1024 0.6693 0.7283, 1.1417 0.9055 0.1299, 1.1417 0.9055 0.7283, 1.1811 0.9055 0.7283, 1.1811 0.9055 0.1299, 1.2205 0.8661 0.7283, 1.2205 0.8661 0.1299, 1.2205 0.6693 0.7283, 1.2205 0.6693 0.1299
            ]
        }
        coordIndex [
            0,1,2,-1,2,1,3,-1,4,0,5,-1,5,0,2,-1,5,6,4,-1,4,6,7,-1,6,8,7,-1,7,8,9,-1,8,10,9,-1,9,10,11,-1,
        ]
    }
}
Shape{
    appearance Appearance {
        material  Material 	{
            diffuseColor 0.7529411764705882 0.7529411764705882 0.7529411764705882
            specularColor 0.3764705882352941 0.3764705882352941 0.3764705882352941
            ambientIntensity 0.7529
            transparency 0.0
            shininess 0.5
        }
    }
    geometry IndexedFaceSet {
        ccw TRUE
        solid FALSE
        coord DEF co Coordinate {
            point [
                1.2795 0.4921 0.1969, 1.2795 0.4921 0.2559, 1.2992 0.4921 0.1969, 1.3189 0.4921 0.2559, 1.3189 0.4921 0.1969, 1.3189 0.5118 0.1969, 1.3189 0.5118 0.2559, 1.3189 0.5271 0.1948, 1.3189 0.5424 0.2519, 1.3189 0.5413 0.1889, 1.3189 0.5709 0.2401, 1.3189 0.5536 0.1796, 1.3189 0.5953 0.2213, 1.3189 0.5629 0.1673, 1.3189 0.6141 0.1969, 1.3189 0.5688 0.1531, 1.3189 0.6259 0.1684, 1.3189 0.5709 0.1378, 1.3189 0.6299 0.1378, 1.3189 0.5709 0.1181, 1.3189 0.6299 0.1181, 1.3189 0.5749 0.0875, 1.3189 0.6319 0.1028, 1.3189 0.5867 0.0591, 1.3189 0.6378 0.0886, 1.3189 0.6055 0.0346, 1.3189 0.6472 0.0764, 1.3189 0.6299 0.0158, 1.3189 0.6594 0.067, 1.3189 0.6584 0.004, 1.3189 0.6737 0.0611, 1.3189 0.689 0.0, 1.3189 0.689 0.0591, 1.3189 0.9252 0.0, 1.3189 0.9252 0.0591, 1.437 0.5118 0.1969, 1.437 0.5271 0.1948, 1.437 0.5413 0.1889, 1.437 0.5536 0.1796, 1.437 0.5629 0.1673, 1.437 0.5688 0.1531, 1.437 0.5709 0.1378, 1.437 0.9252 0.0, 1.437 0.9252 0.0591, 1.437 0.689 0.0, 1.437 0.689 0.0591, 1.437 0.6584 0.004, 1.437 0.6737 0.0611, 1.437 0.6299 0.0158, 1.437 0.6594 0.067, 1.437 0.6055 0.0346, 1.437 0.6472 0.0764, 1.437 0.5867 0.0591, 1.437 0.6378 0.0886, 1.437 0.5749 0.0875, 1.437 0.6319 0.1028, 1.437 0.5709 0.1181, 1.437 0.6299 0.1181, 1.437 0.6299 0.1378, 1.437 0.6259 0.1684, 1.437 0.6141 0.1969, 1.437 0.5953 0.2213, 1.437 0.5709 0.2401, 1.437 0.5424 0.2519, 1.437 0.5118 0.2559, 1.437 0.4921 0.1969, 1.437 0.4921 0.2559, 1.4567 0.4921 0.1969, 1.4764 0.4921 0.2559, 1.4764 0.4921 0.1969, -1.122 -0.441 0.4764, -1.122 -0.441 0.5354, -1.122 -0.7362 0.4764, -1.122 -0.7362 0.5354, -1.122 -0.7648 0.4726, -1.122 -0.78 0.5297, -1.122 -0.7913 0.4616, -1.122 -0.8209 0.5128, -1.122 -0.8142 0.4441, -1.122 -0.8559 0.4858, -1.122 -0.8317 0.4213, -1.122 -0.8828 0.4508, -1.122 -0.8427 0.3947, -1.122 -0.8997 0.41, -1.122 -0.8465 0.3661, -1.122 -0.9055 0.3661, -1.122 -0.8427 0.3376, -1.122 -0.8997 0.3223, -1.122 -0.8317 0.311, -1.122 -0.8828 0.2815, -1.122 -0.8142 0.2882, -1.122 -0.8559 0.2464, -1.122 -0.7913 0.2707, -1.122 -0.8209 0.2195, -1.122 -0.7648 0.2597, -1.122 -0.78 0.2026, -1.122 -0.7362 0.2559, -1.122 -0.7362 0.1969, -1.122 0.4921 0.2559, -1.122 0.4921 0.1969, -1.3189 -0.7362 0.5354, -1.3189 -0.78 0.5297, -1.3189 -0.8209 0.5128, -1.3189 -0.8559 0.4858, -1.3189 -0.8828 0.4508, -1.3189 -0.8997 0.41, -1.3189 -0.9055 0.3661, -1.3189 -0.8997 0.3223, -1.3189 -0.8828 0.2815, -1.3189 -0.8559 0.2464, -1.3189 -0.8209 0.2195, -1.3189 -0.78 0.2026, -1.3189 -0.7362 0.1969, -1.3189 0.4921 0.2559, -1.3189 0.4921 0.1969, -1.3189 -0.7362 0.2559, -1.3189 -0.7648 0.2597, -1.3189 -0.7913 0.2707, -1.3189 -0.8142 0.2882, -1.3189 -0.8317 0.311, -1.3189 -0.8427 0.3376, -1.3189 -0.8465 0.3661, -1.3189 -0.8427 0.3947, -1.3189 -0.8317 0.4213, -1.3189 -0.8142 0.4441, -1.3189 -0.7913 0.4616, -1.3189 -0.7648 0.4726, -1.3189 -0.7362 0.4764, -1.3189 -0.441 0.4764, -1.3189 -0.441 0.5354, -0.689 -0.441 0.4764, -0.689 -0.441 0.5354, -0.689 -0.7362 0.4764, -0.689 -0.7362 0.5354, -0.689 -0.7648 0.4726, -0.689 -0.78 0.5297, -0.689 -0.7913 0.4616, -0.689 -0.8209 0.5128, -0.689 -0.8142 0.4441, -0.689 -0.8559 0.4858, -0.689 -0.8317 0.4213, -0.689 -0.8828 0.4508, -0.689 -0.8427 0.3947, -0.689 -0.8997 0.41, -0.689 -0.8465 0.3661, -0.689 -0.9055 0.3661, -0.689 -0.8427 0.3376, -0.689 -0.8997 0.3223, -0.689 -0.8317 0.311, -0.689 -0.8828 0.2815, -0.689 -0.8142 0.2882, -0.689 -0.8559 0.2464, -0.689 -0.7913 0.2707, -0.689 -0.8209 0.2195, -0.689 -0.7648 0.2597, -0.689 -0.78 0.2026, -0.689 -0.7362 0.2559, -0.689 -0.7362 0.1969, -0.689 0.4921 0.2559, -0.689 0.4921 0.1969, -0.8858 -0.7362 0.5354, -0.8858 -0.78 0.5297, -0.8858 -0.8209 0.5128, -0.8858 -0.8559 0.4858, -0.8858 -0.8828 0.4508, -0.8858 -0.8997 0.41, -0.8858 -0.9055 0.3661, -0.8858 -0.8997 0.3223, -0.8858 -0.8828 0.2815, -0.8858 -0.8559 0.2464, -0.8858 -0.8209 0.2195, -0.8858 -0.78 0.2026, -0.8858 -0.7362 0.1969, -0.8858 0.4921 0.2559, -0.8858 0.4921 0.1969, -0.8858 -0.7362 0.2559, -0.8858 -0.7648 0.2597, -0.8858 -0.7913 0.2707, -0.8858 -0.8142 0.2882, -0.8858 -0.8317 0.311, -0.8858 -0.8427 0.3376, -0.8858 -0.8465 0.3661, -0.8858 -0.8427 0.3947, -0.8858 -0.8317 0.4213, -0.8858 -0.8142 0.4441, -0.8858 -0.7913 0.4616, -0.8858 -0.7648 0.4726, -0.8858 -0.7362 0.4764, -0.8858 -0.441 0.4764, -0.8858 -0.441 0.5354, -0.2559 -0.441 0.4764, -0.2559 -0.441 0.5354, -0.2559 -0.7362 0.4764, -0.2559 -0.7362 0.5354, -0.2559 -0.7648 0.4726, -0.2559 -0.78 0.5297, -0.2559 -0.7913 0.4616, -0.2559 -0.8209 0.5128, -0.2559 -0.8142 0.4441, -0.2559 -0.8559 0.4858, -0.2559 -0.8317 0.4213, -0.2559 -0.8828 0.4508, -0.2559 -0.8427 0.3947, -0.2559 -0.8997 0.41, -0.2559 -0.8465 0.3661, -0.2559 -0.9055 0.3661, -0.2559 -0.8427 0.3376, -0.2559 -0.8997 0.3223, -0.2559 -0.8317 0.311, -0.2559 -0.8828 0.2815, -0.2559 -0.8142 0.2882, -0.2559 -0.8559 0.2464, -0.2559 -0.7913 0.2707, -0.2559 -0.8209 0.2195, -0.2559 -0.7648 0.2597, -0.2559 -0.78 0.2026, -0.2559 -0.7362 0.2559, -0.2559 -0.7362 0.1969, -0.2559 0.4921 0.2559, -0.2559 0.4921 0.1969, -0.4528 -0.7362 0.5354, -0.4528 -0.78 0.5297, -0.4528 -0.8209 0.5128, -0.4528 -0.8559 0.4858, -0.4528 -0.8828 0.4508, -0.4528 -0.8997 0.41, -0.4528 -0.9055 0.3661, -0.4528 -0.8997 0.3223, -0.4528 -0.8828 0.2815, -0.4528 -0.8559 0.2464, -0.4528 -0.8209 0.2195, -0.4528 -0.78 0.2026, -0.4528 -0.7362 0.1969, -0.4528 0.4921 0.2559, -0.4528 0.4921 0.1969, -0.4528 -0.7362 0.2559, -0.4528 -0.7648 0.2597, -0.4528 -0.7913 0.2707, -0.4528 -0.8142 0.2882, -0.4528 -0.8317 0.311, -0.4528 -0.8427 0.3376, -0.4528 -0.8465 0.3661, -0.4528 -0.8427 0.3947, -0.4528 -0.8317 0.4213, -0.4528 -0.8142 0.4441, -0.4528 -0.7913 0.4616, -0.4528 -0.7648 0.4726, -0.4528 -0.7362 0.4764, -0.4528 -0.441 0.4764, -0.4528 -0.441 0.5354, 0.1772 -0.441 0.4764, 0.1772 -0.441 0.5354, 0.1772 -0.7362 0.4764, 0.1772 -0.7362 0.5354, 0.1772 -0.7648 0.4726, 0.1772 -0.78 0.5297, 0.1772 -0.7913 0.4616, 0.1772 -0.8209 0.5128, 0.1772 -0.8142 0.4441, 0.1772 -0.8559 0.4858, 0.1772 -0.8317 0.4213, 0.1772 -0.8828 0.4508, 0.1772 -0.8427 0.3947, 0.1772 -0.8997 0.41, 0.1772 -0.8465 0.3661, 0.1772 -0.9055 0.3661, 0.1772 -0.8427 0.3376, 0.1772 -0.8997 0.3223, 0.1772 -0.8317 0.311, 0.1772 -0.8828 0.2815, 0.1772 -0.8142 0.2882, 0.1772 -0.8559 0.2464, 0.1772 -0.7913 0.2707, 0.1772 -0.8209 0.2195, 0.1772 -0.7648 0.2597, 0.1772 -0.78 0.2026, 0.1772 -0.7362 0.2559, 0.1772 -0.7362 0.1969, 0.1772 0.4921 0.2559, 0.1772 0.4921 0.1969, -0.0197 -0.7362 0.5354, -0.0197 -0.78 0.5297, -0.0197 -0.8209 0.5128, -0.0197 -0.8559 0.4858, -0.0197 -0.8828 0.4508, -0.0197 -0.8997 0.41, -0.0197 -0.9055 0.3661, -0.0197 -0.8997 0.3223, -0.0197 -0.8828 0.2815, -0.0197 -0.8559 0.2464, -0.0197 -0.8209 0.2195, -0.0197 -0.78 0.2026, -0.0197 -0.7362 0.1969, -0.0197 0.4921 0.2559, -0.0197 0.4921 0.1969, -0.0197 -0.7362 0.2559, -0.0197 -0.7648 0.2597, -0.0197 -0.7913 0.2707, -0.0197 -0.8142 0.2882, -0.0197 -0.8317 0.311, -0.0197 -0.8427 0.3376, -0.0197 -0.8465 0.3661, -0.0197 -0.8427 0.3947, -0.0197 -0.8317 0.4213, -0.0197 -0.8142 0.4441, -0.0197 -0.7913 0.4616, -0.0197 -0.7648 0.4726, -0.0197 -0.7362 0.4764, -0.0197 -0.441 0.4764, -0.0197 -0.441 0.5354, 0.6102 -0.441 0.4764, 0.6102 -0.441 0.5354, 0.6102 -0.7362 0.4764, 0.6102 -0.7362 0.5354, 0.6102 -0.7648 0.4726, 0.6102 -0.78 0.5297, 0.6102 -0.7913 0.4616, 0.6102 -0.8209 0.5128, 0.6102 -0.8142 0.4441, 0.6102 -0.8559 0.4858, 0.6102 -0.8317 0.4213, 0.6102 -0.8828 0.4508, 0.6102 -0.8427 0.3947, 0.6102 -0.8997 0.41, 0.6102 -0.8465 0.3661, 0.6102 -0.9055 0.3661, 0.6102 -0.8427 0.3376, 0.6102 -0.8997 0.3223, 0.6102 -0.8317 0.311, 0.6102 -0.8828 0.2815, 0.6102 -0.8142 0.2882, 0.6102 -0.8559 0.2464, 0.6102 -0.7913 0.2707, 0.6102 -0.8209 0.2195, 0.6102 -0.7648 0.2597, 0.6102 -0.78 0.2026, 0.6102 -0.7362 0.2559, 0.6102 -0.7362 0.1969, 0.6102 0.4921 0.2559, 0.6102 0.4921 0.1969, 0.4134 -0.7362 0.5354, 0.4134 -0.78 0.5297, 0.4134 -0.8209 0.5128, 0.4134 -0.8559 0.4858, 0.4134 -0.8828 0.4508, 0.4134 -0.8997 0.41, 0.4134 -0.9055 0.3661, 0.4134 -0.8997 0.3223, 0.4134 -0.8828 0.2815, 0.4134 -0.8559 0.2464, 0.4134 -0.8209 0.2195, 0.4134 -0.78 0.2026, 0.4134 -0.7362 0.1969, 0.4134 0.4921 0.2559, 0.4134 0.4921 0.1969, 0.4134 -0.7362 0.2559, 0.4134 -0.7648 0.2597, 0.4134 -0.7913 0.2707, 0.4134 -0.8142 0.2882, 0.4134 -0.8317 0.311, 0.4134 -0.8427 0.3376, 0.4134 -0.8465 0.3661, 0.4134 -0.8427 0.3947, 0.4134 -0.8317 0.4213, 0.4134 -0.8142 0.4441, 0.4134 -0.7913 0.4616, 0.4134 -0.7648 0.4726, 0.4134 -0.7362 0.4764, 0.4134 -0.441 0.4764, 0.4134 -0.441 0.5354, 1.0433 -0.441 0.4764, 1.0433 -0.441 0.5354, 1.0433 -0.7362 0.4764, 1.0433 -0.7362 0.5354, 1.0433 -0.7648 0.4726, 1.0433 -0.78 0.5297, 1.0433 -0.7913 0.4616, 1.0433 -0.8209 0.5128, 1.0433 -0.8142 0.4441, 1.0433 -0.8559 0.4858, 1.0433 -0.8317 0.4213, 1.0433 -0.8828 0.4508, 1.0433 -0.8427 0.3947, 1.0433 -0.8997 0.41, 1.0433 -0.8465 0.3661, 1.0433 -0.9055 0.3661, 1.0433 -0.8427 0.3376, 1.0433 -0.8997 0.3223, 1.0433 -0.8317 0.311, 1.0433 -0.8828 0.2815, 1.0433 -0.8142 0.2882, 1.0433 -0.8559 0.2464, 1.0433 -0.7913 0.2707, 1.0433 -0.8209 0.2195, 1.0433 -0.7648 0.2597, 1.0433 -0.78 0.2026, 1.0433 -0.7362 0.2559, 1.0433 -0.7362 0.1969, 1.0433 0.4921 0.2559, 1.0433 0.4921 0.1969, 0.8465 -0.7362 0.5354, 0.8465 -0.78 0.5297, 0.8465 -0.8209 0.5128, 0.8465 -0.8559 0.4858, 0.8465 -0.8828 0.4508, 0.8465 -0.8997 0.41, 0.8465 -0.9055 0.3661, 0.8465 -0.8997 0.3223, 0.8465 -0.8828 0.2815, 0.8465 -0.8559 0.2464, 0.8465 -0.8209 0.2195, 0.8465 -0.78 0.2026, 0.8465 -0.7362 0.1969, 0.8465 0.4921 0.2559, 0.8465 0.4921 0.1969, 0.8465 -0.7362 0.2559, 0.8465 -0.7648 0.2597, 0.8465 -0.7913 0.2707, 0.8465 -0.8142 0.2882, 0.8465 -0.8317 0.311, 0.8465 -0.8427 0.3376, 0.8465 -0.8465 0.3661, 0.8465 -0.8427 0.3947, 0.8465 -0.8317 0.4213, 0.8465 -0.8142 0.4441, 0.8465 -0.7913 0.4616, 0.8465 -0.7648 0.4726, 0.8465 -0.7362 0.4764, 0.8465 -0.441 0.4764, 0.8465 -0.441 0.5354, 1.4764 -0.441 0.4764, 1.4764 -0.441 0.5354, 1.4764 -0.7362 0.4764, 1.4764 -0.7362 0.5354, 1.4764 -0.7648 0.4726, 1.4764 -0.78 0.5297, 1.4764 -0.7913 0.4616, 1.4764 -0.8209 0.5128, 1.4764 -0.8142 0.4441, 1.4764 -0.8559 0.4858, 1.4764 -0.8317 0.4213, 1.4764 -0.8828 0.4508, 1.4764 -0.8427 0.3947, 1.4764 -0.8997 0.41, 1.4764 -0.8465 0.3661, 1.4764 -0.9055 0.3661, 1.4764 -0.8427 0.3376, 1.4764 -0.8997 0.3223, 1.4764 -0.8317 0.311, 1.4764 -0.8828 0.2815, 1.4764 -0.8142 0.2882, 1.4764 -0.8559 0.2464, 1.4764 -0.7913 0.2707, 1.4764 -0.8209 0.2195, 1.4764 -0.7648 0.2597, 1.4764 -0.78 0.2026, 1.4764 -0.7362 0.2559, 1.4764 -0.7362 0.1969, 1.2795 -0.7362 0.5354, 1.2795 -0.78 0.5297, 1.2795 -0.8209 0.5128, 1.2795 -0.8559 0.4858, 1.2795 -0.8828 0.4508, 1.2795 -0.8997 0.41, 1.2795 -0.9055 0.3661, 1.2795 -0.8997 0.3223, 1.2795 -0.8828 0.2815, 1.2795 -0.8559 0.2464, 1.2795 -0.8209 0.2195, 1.2795 -0.78 0.2026, 1.2795 -0.7362 0.1969, 1.2795 -0.7362 0.2559, 1.2795 -0.7648 0.2597, 1.2795 -0.7913 0.2707, 1.2795 -0.8142 0.2882, 1.2795 -0.8317 0.311, 1.2795 -0.8427 0.3376, 1.2795 -0.8465 0.3661, 1.2795 -0.8427 0.3947, 1.2795 -0.8317 0.4213, 1.2795 -0.8142 0.4441, 1.2795 -0.7913 0.4616, 1.2795 -0.7648 0.4726, 1.2795 -0.7362 0.4764, 1.2795 -0.441 0.4764, 1.2795 -0.441 0.5354, -1.9094 -0.8268 0.0787, -1.9094 -0.8268 0.0, -1.9094 0.3504 0.0787, -1.9094 0.3504 0.0, 2.1063 -0.2047 0.0787, 2.1063 0.189 0.0787, 1.8898 -0.2047 0.0787, 1.8898 0.189 0.0787, 1.8137 -0.1464 0.0787, 1.8216 -0.1654 0.0787, 1.8216 0.1496 0.0787, 1.8341 0.1659 0.0787, 1.8694 0.1863 0.0787, 1.8504 0.1784 0.0787, 1.8341 -0.1817 0.0787, 1.8504 -0.1942 0.0787, 1.8694 -0.202 0.0787, 1.8137 0.1306 0.0787, 1.811 0.1102 0.0787, 1.811 -0.126 0.0787, 1.8898 -0.2047 0.0, 1.8694 -0.202 0.0, 1.8504 -0.1942 0.0, 1.8341 -0.1817 0.0, 1.8216 -0.1654 0.0, 1.8137 -0.1464 0.0, 1.811 -0.126 0.0, 2.1063 0.189 0.0, 2.1063 -0.2047 0.0, 1.8898 0.189 0.0, 1.811 0.1102 0.0, 1.8216 0.1496 0.0, 1.8341 0.1659 0.0, 1.8504 0.1784 0.0, 1.8137 0.1306 0.0, 1.8694 0.1863 0.0, 2.2244 0.2677 0.1398, 2.1457 0.2677 0.1398, 2.2244 0.2677 0.0984, 2.1457 0.2677 0.0984, 2.1934 0.622 0.0984, 2.1153 0.6152 0.0984, 2.1153 0.6152 0.3425, 2.1934 0.622 0.3425, 2.1154 0.6141 0.3507, 2.1935 0.621 0.3507, 2.1156 0.611 0.3583, 2.1938 0.6178 0.3583, 2.1161 0.606 0.3648, 2.1942 0.6129 0.3648, 2.1166 0.5995 0.3698, 2.1948 0.6064 0.3698, 2.1173 0.5919 0.3729, 2.1954 0.5988 0.3729, 2.118 0.5838 0.374, 2.1962 0.5907 0.374, 2.141 0.3211 0.374, 2.2191 0.3279 0.374, 2.2196 0.3228 0.3747, 2.1415 0.316 0.3747, 2.22 0.3181 0.3767, 2.1419 0.3112 0.3767, 2.2204 0.314 0.3798, 2.1422 0.3072 0.3798, 2.2206 0.3109 0.3839, 2.1425 0.3041 0.3839, 2.2208 0.3089 0.3886, 2.1427 0.3021 0.3886, 2.2209 0.3083 0.3937, 2.1427 0.3014 0.3937, 2.1427 0.3014 0.4213, 2.2209 0.3083 0.4213, 2.1428 0.3004 0.4294, 2.221 0.3072 0.4294, 2.1431 0.2972 0.437, 2.2212 0.3041 0.437, 2.1435 0.2923 0.4435, 2.2217 0.2991 0.4435, 2.1441 0.2858 0.4485, 2.2222 0.2926 0.4485, 2.1448 0.2782 0.4517, 2.2229 0.285 0.4517, 2.1455 0.2701 0.4528, 2.2236 0.2769 0.4528, 1.8898 -0.9055 0.0984, 1.8898 -0.8268 0.0984, 1.8898 -0.9055 0.8858, 1.8898 -0.8268 0.8858
            ]
        }
        coordIndex [
            0,1,2,-1,2,1,3,-1,2,3,4,-1,4,3,5,-1,5,3,6,-1,5,6,7,-1,7,6,8,-1,7,8,9,-1,9,8,10,-1,9,10,11,-1,11,10,12,-1,11,12,13,-1,13,12,14,-1,13,14,15,-1,15,14,16,-1,15,16,17,-1,17,16,18,-1,17,18,19,-1,19,18,20,-1,19,20,21,-1,21,20,22,-1,21,22,23,-1,23,22,24,-1,23,24,25,-1,25,24,26,-1,25,26,27,-1,27,26,28,-1,27,28,29,-1,29,28,30,-1,29,30,31,-1,31,30,32,-1,31,32,33,-1,33,32,34,-1,35,5,36,-1,36,5,7,-1,36,7,37,-1,37,7,9,-1,37,9,38,-1,38,9,11,-1,38,11,39,-1,39,11,13,-1,39,13,40,-1,40,13,15,-1,40,15,41,-1,41,15,17,-1,42,43,44,-1,44,43,45,-1,44,45,46,-1,46,45,47,-1,46,47,48,-1,48,47,49,-1,48,49,50,-1,50,49,51,-1,50,51,52,-1,52,51,53,-1,52,53,54,-1,54,53,55,-1,54,55,56,-1,56,55,57,-1,56,57,41,-1,41,57,58,-1,41,58,40,-1,40,58,59,-1,40,59,39,-1,39,59,60,-1,39,60,38,-1,38,60,61,-1,38,61,37,-1,37,61,62,-1,37,62,36,-1,36,62,63,-1,36,63,35,-1,35,63,64,-1,35,64,65,-1,65,64,66,-1,65,66,67,-1,67,66,68,-1,67,68,69,-1,70,71,72,-1,72,71,73,-1,72,73,74,-1,74,73,75,-1,74,75,76,-1,76,75,77,-1,76,77,78,-1,78,77,79,-1,78,79,80,-1,80,79,81,-1,80,81,82,-1,82,81,83,-1,82,83,84,-1,84,83,85,-1,84,85,86,-1,86,85,87,-1,86,87,88,-1,88,87,89,-1,88,89,90,-1,90,89,91,-1,90,91,92,-1,92,91,93,-1,92,93,94,-1,94,93,95,-1,94,95,96,-1,96,95,97,-1,96,97,98,-1,98,97,99,-1,73,100,101,-1,73,101,75,-1,75,101,102,-1,75,102,77,-1,77,102,103,-1,77,103,79,-1,79,103,104,-1,79,104,81,-1,81,104,105,-1,81,105,83,-1,83,105,106,-1,83,106,85,-1,85,106,107,-1,85,107,87,-1,87,107,108,-1,87,108,89,-1,89,108,109,-1,89,109,91,-1,91,109,110,-1,91,110,93,-1,93,110,111,-1,93,111,95,-1,95,111,112,-1,95,112,97,-1,113,114,115,-1,115,114,112,-1,115,112,116,-1,116,112,111,-1,116,111,117,-1,117,111,110,-1,117,110,118,-1,118,110,109,-1,118,109,119,-1,119,109,108,-1,119,108,120,-1,120,108,107,-1,120,107,121,-1,121,107,106,-1,121,106,122,-1,122,106,105,-1,122,105,123,-1,123,105,104,-1,123,104,124,-1,124,104,103,-1,124,103,125,-1,125,103,102,-1,125,102,126,-1,126,102,101,-1,126,101,127,-1,127,101,100,-1,127,100,128,-1,128,100,129,-1,130,131,132,-1,132,131,133,-1,132,133,134,-1,134,133,135,-1,134,135,136,-1,136,135,137,-1,136,137,138,-1,138,137,139,-1,138,139,140,-1,140,139,141,-1,140,141,142,-1,142,141,143,-1,142,143,144,-1,144,143,145,-1,144,145,146,-1,146,145,147,-1,146,147,148,-1,148,147,149,-1,148,149,150,-1,150,149,151,-1,150,151,152,-1,152,151,153,-1,152,153,154,-1,154,153,155,-1,154,155,156,-1,156,155,157,-1,156,157,158,-1,158,157,159,-1,133,160,161,-1,133,161,135,-1,135,161,162,-1,135,162,137,-1,137,162,163,-1,137,163,139,-1,139,163,164,-1,139,164,141,-1,141,164,165,-1,141,165,143,-1,143,165,166,-1,143,166,145,-1,145,166,167,-1,145,167,147,-1,147,167,168,-1,147,168,149,-1,149,168,169,-1,149,169,151,-1,151,169,170,-1,151,170,153,-1,153,170,171,-1,153,171,155,-1,155,171,172,-1,155,172,157,-1,173,174,175,-1,175,174,172,-1,175,172,176,-1,176,172,171,-1,176,171,177,-1,177,171,170,-1,177,170,178,-1,178,170,169,-1,178,169,179,-1,179,169,168,-1,179,168,180,-1,180,168,167,-1,180,167,181,-1,181,167,166,-1,181,166,182,-1,182,166,165,-1,182,165,183,-1,183,165,164,-1,183,164,184,-1,184,164,163,-1,184,163,185,-1,185,163,162,-1,185,162,186,-1,186,162,161,-1,186,161,187,-1,187,161,160,-1,187,160,188,-1,188,160,189,-1,190,191,192,-1,192,191,193,-1,192,193,194,-1,194,193,195,-1,194,195,196,-1,196,195,197,-1,196,197,198,-1,198,197,199,-1,198,199,200,-1,200,199,201,-1,200,201,202,-1,202,201,203,-1,202,203,204,-1,204,203,205,-1,204,205,206,-1,206,205,207,-1,206,207,208,-1,208,207,209,-1,208,209,210,-1,210,209,211,-1,210,211,212,-1,212,211,213,-1,212,213,214,-1,214,213,215,-1,214,215,216,-1,216,215,217,-1,216,217,218,-1,218,217,219,-1,193,220,221,-1,193,221,195,-1,195,221,222,-1,195,222,197,-1,197,222,223,-1,197,223,199,-1,199,223,224,-1,199,224,201,-1,201,224,225,-1,201,225,203,-1,203,225,226,-1,203,226,205,-1,205,226,227,-1,205,227,207,-1,207,227,228,-1,207,228,209,-1,209,228,229,-1,209,229,211,-1,211,229,230,-1,211,230,213,-1,213,230,231,-1,213,231,215,-1,215,231,232,-1,215,232,217,-1,233,234,235,-1,235,234,232,-1,235,232,236,-1,236,232,231,-1,236,231,237,-1,237,231,230,-1,237,230,238,-1,238,230,229,-1,238,229,239,-1,239,229,228,-1,239,228,240,-1,240,228,227,-1,240,227,241,-1,241,227,226,-1,241,226,242,-1,242,226,225,-1,242,225,243,-1,243,225,224,-1,243,224,244,-1,244,224,223,-1,244,223,245,-1,245,223,222,-1,245,222,246,-1,246,222,221,-1,246,221,247,-1,247,221,220,-1,247,220,248,-1,248,220,249,-1,250,251,252,-1,252,251,253,-1,252,253,254,-1,254,253,255,-1,254,255,256,-1,256,255,257,-1,256,257,258,-1,258,257,259,-1,258,259,260,-1,260,259,261,-1,260,261,262,-1,262,261,263,-1,262,263,264,-1,264,263,265,-1,264,265,266,-1,266,265,267,-1,266,267,268,-1,268,267,269,-1,268,269,270,-1,270,269,271,-1,270,271,272,-1,272,271,273,-1,272,273,274,-1,274,273,275,-1,274,275,276,-1,276,275,277,-1,276,277,278,-1,278,277,279,-1,253,280,281,-1,253,281,255,-1,255,281,282,-1,255,282,257,-1,257,282,283,-1,257,283,259,-1,259,283,284,-1,259,284,261,-1,261,284,285,-1,261,285,263,-1,263,285,286,-1,263,286,265,-1,265,286,287,-1,265,287,267,-1,267,287,288,-1,267,288,269,-1,269,288,289,-1,269,289,271,-1,271,289,290,-1,271,290,273,-1,273,290,291,-1,273,291,275,-1,275,291,292,-1,275,292,277,-1,293,294,295,-1,295,294,292,-1,295,292,296,-1,296,292,291,-1,296,291,297,-1,297,291,290,-1,297,290,298,-1,298,290,289,-1,298,289,299,-1,299,289,288,-1,299,288,300,-1,300,288,287,-1,300,287,301,-1,301,287,286,-1,301,286,302,-1,302,286,285,-1,302,285,303,-1,303,285,284,-1,303,284,304,-1,304,284,283,-1,304,283,305,-1,305,283,282,-1,305,282,306,-1,306,282,281,-1,306,281,307,-1,307,281,280,-1,307,280,308,-1,308,280,309,-1,310,311,312,-1,312,311,313,-1,312,313,314,-1,314,313,315,-1,314,315,316,-1,316,315,317,-1,316,317,318,-1,318,317,319,-1,318,319,320,-1,320,319,321,-1,320,321,322,-1,322,321,323,-1,322,323,324,-1,324,323,325,-1,324,325,326,-1,326,325,327,-1,326,327,328,-1,328,327,329,-1,328,329,330,-1,330,329,331,-1,330,331,332,-1,332,331,333,-1,332,333,334,-1,334,333,335,-1,334,335,336,-1,336,335,337,-1,336,337,338,-1,338,337,339,-1,313,340,341,-1,313,341,315,-1,315,341,342,-1,315,342,317,-1,317,342,343,-1,317,343,319,-1,319,343,344,-1,319,344,321,-1,321,344,345,-1,321,345,323,-1,323,345,346,-1,323,346,325,-1,325,346,347,-1,325,347,327,-1,327,347,348,-1,327,348,329,-1,329,348,349,-1,329,349,331,-1,331,349,350,-1,331,350,333,-1,333,350,351,-1,333,351,335,-1,335,351,352,-1,335,352,337,-1,353,354,355,-1,355,354,352,-1,355,352,356,-1,356,352,351,-1,356,351,357,-1,357,351,350,-1,357,350,358,-1,358,350,349,-1,358,349,359,-1,359,349,348,-1,359,348,360,-1,360,348,347,-1,360,347,361,-1,361,347,346,-1,361,346,362,-1,362,346,345,-1,362,345,363,-1,363,345,344,-1,363,344,364,-1,364,344,343,-1,364,343,365,-1,365,343,342,-1,365,342,366,-1,366,342,341,-1,366,341,367,-1,367,341,340,-1,367,340,368,-1,368,340,369,-1,370,371,372,-1,372,371,373,-1,372,373,374,-1,374,373,375,-1,374,375,376,-1,376,375,377,-1,376,377,378,-1,378,377,379,-1,378,379,380,-1,380,379,381,-1,380,381,382,-1,382,381,383,-1,382,383,384,-1,384,383,385,-1,384,385,386,-1,386,385,387,-1,386,387,388,-1,388,387,389,-1,388,389,390,-1,390,389,391,-1,390,391,392,-1,392,391,393,-1,392,393,394,-1,394,393,395,-1,394,395,396,-1,396,395,397,-1,396,397,398,-1,398,397,399,-1,373,400,401,-1,373,401,375,-1,375,401,402,-1,375,402,377,-1,377,402,403,-1,377,403,379,-1,379,403,404,-1,379,404,381,-1,381,404,405,-1,381,405,383,-1,383,405,406,-1,383,406,385,-1,385,406,407,-1,385,407,387,-1,387,407,408,-1,387,408,389,-1,389,408,409,-1,389,409,391,-1,391,409,410,-1,391,410,393,-1,393,410,411,-1,393,411,395,-1,395,411,412,-1,395,412,397,-1,413,414,415,-1,415,414,412,-1,415,412,416,-1,416,412,411,-1,416,411,417,-1,417,411,410,-1,417,410,418,-1,418,410,409,-1,418,409,419,-1,419,409,408,-1,419,408,420,-1,420,408,407,-1,420,407,421,-1,421,407,406,-1,421,406,422,-1,422,406,405,-1,422,405,423,-1,423,405,404,-1,423,404,424,-1,424,404,403,-1,424,403,425,-1,425,403,402,-1,425,402,426,-1,426,402,401,-1,426,401,427,-1,427,401,400,-1,427,400,428,-1,428,400,429,-1,430,431,432,-1,432,431,433,-1,432,433,434,-1,434,433,435,-1,434,435,436,-1,436,435,437,-1,436,437,438,-1,438,437,439,-1,438,439,440,-1,440,439,441,-1,440,441,442,-1,442,441,443,-1,442,443,444,-1,444,443,445,-1,444,445,446,-1,446,445,447,-1,446,447,448,-1,448,447,449,-1,448,449,450,-1,450,449,451,-1,450,451,452,-1,452,451,453,-1,452,453,454,-1,454,453,455,-1,454,455,456,-1,456,455,457,-1,456,457,68,-1,68,457,69,-1,433,458,459,-1,433,459,435,-1,435,459,460,-1,435,460,437,-1,437,460,461,-1,437,461,439,-1,439,461,462,-1,439,462,441,-1,441,462,463,-1,441,463,443,-1,443,463,464,-1,443,464,445,-1,445,464,465,-1,445,465,447,-1,447,465,466,-1,447,466,449,-1,449,466,467,-1,449,467,451,-1,451,467,468,-1,451,468,453,-1,453,468,469,-1,453,469,455,-1,455,469,470,-1,455,470,457,-1,1,0,471,-1,471,0,470,-1,471,470,472,-1,472,470,469,-1,472,469,473,-1,473,469,468,-1,473,468,474,-1,474,468,467,-1,474,467,475,-1,475,467,466,-1,475,466,476,-1,476,466,465,-1,476,465,477,-1,477,465,464,-1,477,464,478,-1,478,464,463,-1,478,463,479,-1,479,463,462,-1,479,462,480,-1,480,462,461,-1,480,461,481,-1,481,461,460,-1,481,460,482,-1,482,460,459,-1,482,459,483,-1,483,459,458,-1,483,458,484,-1,484,458,485,-1,486,487,488,-1,488,487,489,-1,490,491,492,-1,492,491,493,-1,494,495,492,-1,496,493,497,-1,497,493,498,-1,497,498,499,-1,495,500,492,-1,492,500,501,-1,492,501,502,-1,496,503,493,-1,493,503,504,-1,493,504,492,-1,492,504,505,-1,492,505,494,-1,506,492,502,-1,506,502,507,-1,507,502,501,-1,507,501,508,-1,508,501,500,-1,508,500,509,-1,509,500,495,-1,509,495,510,-1,510,495,494,-1,510,494,511,-1,511,494,505,-1,511,505,512,-1,513,514,515,-1,515,514,506,-1,516,515,512,-1,512,515,506,-1,512,506,511,-1,511,506,507,-1,507,508,511,-1,511,508,509,-1,511,509,510,-1,517,518,519,-1,516,520,515,-1,515,520,517,-1,515,517,521,-1,521,517,519,-1,516,504,503,-1,516,503,520,-1,520,503,496,-1,520,496,517,-1,517,496,497,-1,517,497,518,-1,518,497,499,-1,518,499,519,-1,519,499,498,-1,519,498,521,-1,521,498,493,-1,521,493,515,-1,522,523,524,-1,524,523,525,-1,526,524,527,-1,527,524,525,-1,527,528,526,-1,526,528,529,-1,529,528,530,-1,529,530,531,-1,531,530,532,-1,531,532,533,-1,533,532,534,-1,533,534,535,-1,535,534,536,-1,535,536,537,-1,537,536,538,-1,537,538,539,-1,539,538,540,-1,539,540,541,-1,542,543,540,-1,540,543,541,-1,543,542,544,-1,544,542,545,-1,544,545,546,-1,546,545,547,-1,546,547,548,-1,548,547,549,-1,548,549,550,-1,550,549,551,-1,550,551,552,-1,552,551,553,-1,552,553,554,-1,554,553,555,-1,556,557,555,-1,555,557,554,-1,557,556,558,-1,557,558,559,-1,559,558,560,-1,559,560,561,-1,561,560,562,-1,561,562,563,-1,563,562,564,-1,563,564,565,-1,565,564,566,-1,565,566,567,-1,567,566,568,-1,567,568,569,-1,570,571,572,-1,572,571,573,-1,
        ]
    }
}
Shape{
    appearance Appearance {
        material  Material 	{
            diffuseColor 0.25098039215686274 0.25098039215686274 0.25098039215686274
            specularColor 0.12549019607843137 0.12549019607843137 0.12549019607843137
            ambientIntensity 0.251
            transparency 0.0
            shininess 0.5
        }
    }
    geometry IndexedFaceSet {
        ccw TRUE
        solid FALSE
        coord DEF co Coordinate {
            point [
                2.1339 0.6299 0.3543, 2.1339 0.8465 0.4793, 2.0551 0.6299 0.3543, 1.9685 0.8465 0.4793, 1.9685 0.6299 0.3543
            ]
        }
        coordIndex [
            0,1,2,-1,2,1,3,-1,2,3,4,-1,
        ]
    }
}
Shape{
    appearance Appearance {
        material  Material 	{
            diffuseColor 0.7529411764705882 0.7529411764705882 0.7529411764705882
            specularColor 0.3764705882352941 0.3764705882352941 0.3764705882352941
            ambientIntensity 0.7529
            transparency 0.0
            shininess 0.5
        }
    }
    geometry IndexedFaceSet {
        ccw TRUE
        solid FALSE
        coord DEF co Coordinate {
            point [
                2.0276 0.4724 0.6102, 1.9685 0.4724 0.6102, 2.0276 -0.0787 0.6102, 1.9685 -0.0787 0.6102, 2.0276 -0.0787 0.4134, 1.9685 -0.0787 0.4134, 2.0276 0.5234 0.4134, 1.9685 0.5234 0.4134, 2.0276 0.5218 0.6165, 2.0276 0.5727 0.4197, 2.0276 0.568 0.635, 2.0276 0.6189 0.4381, 2.0276 0.9045 0.8217, 2.0276 0.8136 0.5461, 2.0276 0.8597 0.5646, 2.0276 0.9091 0.5709, 2.0276 0.9507 0.8402, 2.0276 1.059 0.5709, 2.0276 1.0 0.8465, 2.0276 1.059 0.8465, 2.0276 1.0984 0.8359, 2.0276 1.0794 0.8438, 2.0276 1.1147 0.8234, 2.0276 1.1272 0.8071, 2.0276 1.1351 0.7881, 2.0276 1.0794 0.5735, 2.0276 1.1351 0.6292, 2.0276 1.1378 0.6496, 2.0276 1.1378 0.7677, 2.0276 1.0984 0.5814, 2.0276 1.1147 0.5939, 2.0276 1.1272 0.6102, 1.9685 0.568 0.635, 1.9685 0.5218 0.6165, 1.9685 0.5943 0.6496, 1.9685 0.9045 0.8217, 1.9685 1.0 0.8465, 1.9685 0.9507 0.8402, 1.9685 1.059 0.8465, 1.9685 1.1378 0.7677, 1.9685 1.1351 0.7881, 1.9685 1.1272 0.8071, 1.9685 1.1147 0.8234, 1.9685 1.0984 0.8359, 1.9685 1.0794 0.8438, 1.9685 1.1378 0.6496, 1.9685 1.059 0.5709, 1.9685 1.0794 0.5735, 1.9685 1.0984 0.5814, 1.9685 1.1147 0.5939, 1.9685 1.1272 0.6102, 1.9685 1.1351 0.6292, 1.9685 0.9091 0.5709, 1.9685 0.8136 0.5461, 1.9685 0.9055 0.5708, 1.9685 0.8597 0.5646, 1.6339 -0.7087 0.0591, 1.6339 -0.9055 0.0591, 1.7913 -0.7087 0.0591, 1.7913 -0.9055 0.0591, 1.6339 -0.7087 0.0197, 1.6339 -0.9055 0.0197, 1.6535 -0.7087 0.0, 1.6535 -0.9055 0.0, 1.7913 -0.7087 0.0, 1.7913 -0.9055 0.0, 1.9685 0.6189 0.4381, 1.9685 0.5727 0.4197, -1.5551 -0.7362 0.2559, -1.5551 0.4921 0.2559, -1.752 -0.7362 0.2559, -1.5945 0.4921 0.2559, -1.752 0.4921 0.2559, -1.7126 0.4921 0.2559, -1.7126 0.5118 0.2559, -1.5945 0.5118 0.2559, -1.5551 -0.7648 0.2597, -1.752 -0.7648 0.2597, -1.5551 -0.7913 0.2707, -1.752 -0.7913 0.2707, -1.5551 -0.8142 0.2882, -1.752 -0.8142 0.2882, -1.5551 -0.8317 0.311, -1.752 -0.8317 0.311, -1.5551 -0.8427 0.3376, -1.752 -0.8427 0.3376, -1.5551 -0.8465 0.3661, -1.752 -0.8465 0.3661, -1.5551 -0.8427 0.3947, -1.752 -0.8427 0.3947, -1.5551 -0.8317 0.4213, -1.752 -0.8317 0.4213, -1.5551 -0.8142 0.4441, -1.752 -0.8142 0.4441, -1.5551 -0.7913 0.4616, -1.752 -0.7913 0.4616, -1.5551 -0.7648 0.4726, -1.752 -0.7648 0.4726, -1.5551 -0.7362 0.4764, -1.752 -0.7362 0.4764, -1.752 -0.441 0.4764, -1.7126 -0.441 0.4764, -1.5551 -0.441 0.4764, -1.5945 -0.441 0.4764, -1.5945 -0.4134 0.4764, -1.7126 -0.4134 0.4764, -1.5551 -0.441 0.5354, -1.5945 -0.441 0.5354, -1.5551 -0.7362 0.5354, -1.752 -0.7362 0.5354, -1.752 -0.441 0.5354, -1.7126 -0.441 0.5354, -1.7126 -0.4134 0.5354, -1.5945 -0.4134 0.5354, 2.2244 -0.4528 0.0, 2.085 -0.4528 0.0, 2.2244 -0.3347 0.0, 2.085 -0.3347 0.0, 2.2244 -0.3347 0.0591, 2.2244 -0.4528 0.0591, 2.0669 -0.3347 0.0591, 2.0669 -0.4528 0.0591, -1.5945 0.6299 0.1378, -1.7126 0.6299 0.1378, -1.7126 0.6259 0.1684, -1.5945 0.6259 0.1684, -1.7126 0.6141 0.1969, -1.5945 0.6141 0.1969, -1.7126 0.5953 0.2213, -1.5945 0.5953 0.2213, -1.7126 0.5709 0.2401, -1.5945 0.5709 0.2401, -1.7126 0.5424 0.2519, -1.5945 0.5424 0.2519, -1.5945 0.6299 0.1181, -1.7126 0.6299 0.1181, -1.5945 0.689 0.0591, -1.7126 0.689 0.0591, -1.5945 0.6737 0.0611, -1.7126 0.6737 0.0611, -1.5945 0.6594 0.067, -1.7126 0.6594 0.067, -1.5945 0.6472 0.0764, -1.7126 0.6472 0.0764, -1.5945 0.6378 0.0886, -1.7126 0.6378 0.0886, -1.5945 0.6319 0.1028, -1.7126 0.6319 0.1028, -1.5945 0.9252 0.0591, -1.7126 0.9252 0.0591, -1.5945 0.9252 0.0, -1.7126 0.9252 0.0, -1.5945 0.689 0.0, -1.7126 0.689 0.0, -1.5945 0.5709 0.1181, -1.7126 0.5709 0.1181, -1.7126 0.5749 0.0875, -1.5945 0.5749 0.0875, -1.7126 0.5867 0.0591, -1.5945 0.5867 0.0591, -1.7126 0.6055 0.0346, -1.5945 0.6055 0.0346, -1.7126 0.6299 0.0158, -1.5945 0.6299 0.0158, -1.7126 0.6584 0.004, -1.5945 0.6584 0.004, -1.5945 0.5709 0.1378, -1.7126 0.5709 0.1378, -1.122 -0.7362 0.2559, -1.122 0.4921 0.2559, -1.3189 -0.7362 0.2559, -1.1614 0.4921 0.2559, -1.3189 0.4921 0.2559, -1.2795 0.4921 0.2559, -1.2795 0.5118 0.2559, -1.1614 0.5118 0.2559, -1.1614 0.6299 0.1378, -1.2795 0.6299 0.1378, -1.2795 0.6259 0.1684, -1.1614 0.6259 0.1684, -1.2795 0.6141 0.1969, -1.1614 0.6141 0.1969, -1.2795 0.5953 0.2213, -1.1614 0.5953 0.2213, -1.2795 0.5709 0.2401, -1.1614 0.5709 0.2401, -1.2795 0.5424 0.2519, -1.1614 0.5424 0.2519, -1.1614 0.6299 0.1181, -1.2795 0.6299 0.1181, -1.1614 0.689 0.0591, -1.2795 0.689 0.0591, -1.1614 0.6737 0.0611, -1.2795 0.6737 0.0611, -1.1614 0.6594 0.067, -1.2795 0.6594 0.067, -1.1614 0.6472 0.0764, -1.2795 0.6472 0.0764, -1.1614 0.6378 0.0886, -1.2795 0.6378 0.0886, -1.1614 0.6319 0.1028, -1.2795 0.6319 0.1028, -1.1614 0.9252 0.0591, -1.2795 0.9252 0.0591, -1.1614 0.9252 0.0, -1.2795 0.9252 0.0, -1.1614 0.689 0.0, -1.2795 0.689 0.0, -1.1614 0.5709 0.1181, -1.2795 0.5709 0.1181, -1.2795 0.5749 0.0875, -1.1614 0.5749 0.0875, -1.2795 0.5867 0.0591, -1.1614 0.5867 0.0591, -1.2795 0.6055 0.0346, -1.1614 0.6055 0.0346, -1.2795 0.6299 0.0158, -1.1614 0.6299 0.0158, -1.2795 0.6584 0.004, -1.1614 0.6584 0.004, -1.1614 0.5709 0.1378, -1.2795 0.5709 0.1378, -0.689 -0.7362 0.2559, -0.689 0.4921 0.2559, -0.8858 -0.7362 0.2559, -0.7283 0.4921 0.2559, -0.8858 0.4921 0.2559, -0.8465 0.4921 0.2559, -0.8465 0.5118 0.2559, -0.7283 0.5118 0.2559, -0.7283 0.6299 0.1378, -0.8465 0.6299 0.1378, -0.8465 0.6259 0.1684, -0.7283 0.6259 0.1684, -0.8465 0.6141 0.1969, -0.7283 0.6141 0.1969, -0.8465 0.5953 0.2213, -0.7283 0.5953 0.2213, -0.8465 0.5709 0.2401, -0.7283 0.5709 0.2401, -0.8465 0.5424 0.2519, -0.7283 0.5424 0.2519, -0.7283 0.6299 0.1181, -0.8465 0.6299 0.1181, -0.7283 0.689 0.0591, -0.8465 0.689 0.0591, -0.7283 0.6737 0.0611, -0.8465 0.6737 0.0611, -0.7283 0.6594 0.067, -0.8465 0.6594 0.067, -0.7283 0.6472 0.0764, -0.8465 0.6472 0.0764, -0.7283 0.6378 0.0886, -0.8465 0.6378 0.0886, -0.7283 0.6319 0.1028, -0.8465 0.6319 0.1028, -0.7283 0.9252 0.0591, -0.8465 0.9252 0.0591, -0.7283 0.9252 0.0, -0.8465 0.9252 0.0, -0.7283 0.689 0.0, -0.8465 0.689 0.0, -0.7283 0.5709 0.1181, -0.8465 0.5709 0.1181, -0.8465 0.5749 0.0875, -0.7283 0.5749 0.0875, -0.8465 0.5867 0.0591, -0.7283 0.5867 0.0591, -0.8465 0.6055 0.0346, -0.7283 0.6055 0.0346, -0.8465 0.6299 0.0158, -0.7283 0.6299 0.0158, -0.8465 0.6584 0.004, -0.7283 0.6584 0.004, -0.7283 0.5709 0.1378, -0.8465 0.5709 0.1378, -0.2559 -0.7362 0.2559, -0.2559 0.4921 0.2559, -0.4528 -0.7362 0.2559, -0.2953 0.4921 0.2559, -0.4528 0.4921 0.2559, -0.4134 0.4921 0.2559, -0.4134 0.5118 0.2559, -0.2953 0.5118 0.2559, -0.2953 0.6299 0.1378, -0.4134 0.6299 0.1378, -0.4134 0.6259 0.1684, -0.2953 0.6259 0.1684, -0.4134 0.6141 0.1969, -0.2953 0.6141 0.1969, -0.4134 0.5953 0.2213, -0.2953 0.5953 0.2213, -0.4134 0.5709 0.2401, -0.2953 0.5709 0.2401, -0.4134 0.5424 0.2519, -0.2953 0.5424 0.2519, -0.2953 0.6299 0.1181, -0.4134 0.6299 0.1181, -0.2953 0.689 0.0591, -0.4134 0.689 0.0591, -0.2953 0.6737 0.0611, -0.4134 0.6737 0.0611, -0.2953 0.6594 0.067, -0.4134 0.6594 0.067, -0.2953 0.6472 0.0764, -0.4134 0.6472 0.0764, -0.2953 0.6378 0.0886, -0.4134 0.6378 0.0886, -0.2953 0.6319 0.1028, -0.4134 0.6319 0.1028, -0.2953 0.9252 0.0591, -0.4134 0.9252 0.0591, -0.2953 0.9252 0.0, -0.4134 0.9252 0.0, -0.2953 0.689 0.0, -0.4134 0.689 0.0, -0.2953 0.5709 0.1181, -0.4134 0.5709 0.1181, -0.4134 0.5749 0.0875, -0.2953 0.5749 0.0875, -0.4134 0.5867 0.0591, -0.2953 0.5867 0.0591, -0.4134 0.6055 0.0346, -0.2953 0.6055 0.0346, -0.4134 0.6299 0.0158, -0.2953 0.6299 0.0158, -0.4134 0.6584 0.004, -0.2953 0.6584 0.004, -0.2953 0.5709 0.1378, -0.4134 0.5709 0.1378, 0.1772 -0.7362 0.2559, 0.1772 0.4921 0.2559, -0.0197 -0.7362 0.2559, 0.1378 0.4921 0.2559, -0.0197 0.4921 0.2559, 0.0197 0.4921 0.2559, 0.0197 0.5118 0.2559, 0.1378 0.5118 0.2559, 0.1378 0.6299 0.1378, 0.0197 0.6299 0.1378, 0.0197 0.6259 0.1684, 0.1378 0.6259 0.1684, 0.0197 0.6141 0.1969, 0.1378 0.6141 0.1969, 0.0197 0.5953 0.2213, 0.1378 0.5953 0.2213, 0.0197 0.5709 0.2401, 0.1378 0.5709 0.2401, 0.0197 0.5424 0.2519, 0.1378 0.5424 0.2519, 0.1378 0.6299 0.1181, 0.0197 0.6299 0.1181, 0.1378 0.689 0.0591, 0.0197 0.689 0.0591, 0.1378 0.6737 0.0611, 0.0197 0.6737 0.0611, 0.1378 0.6594 0.067, 0.0197 0.6594 0.067, 0.1378 0.6472 0.0764, 0.0197 0.6472 0.0764, 0.1378 0.6378 0.0886, 0.0197 0.6378 0.0886, 0.1378 0.6319 0.1028, 0.0197 0.6319 0.1028, 0.1378 0.9252 0.0591, 0.0197 0.9252 0.0591, 0.1378 0.9252 0.0, 0.0197 0.9252 0.0, 0.1378 0.689 0.0, 0.0197 0.689 0.0, 0.1378 0.5709 0.1181, 0.0197 0.5709 0.1181, 0.0197 0.5749 0.0875, 0.1378 0.5749 0.0875, 0.0197 0.5867 0.0591, 0.1378 0.5867 0.0591, 0.0197 0.6055 0.0346, 0.1378 0.6055 0.0346, 0.0197 0.6299 0.0158, 0.1378 0.6299 0.0158, 0.0197 0.6584 0.004, 0.1378 0.6584 0.004, 0.1378 0.5709 0.1378, 0.0197 0.5709 0.1378, 0.6102 -0.7362 0.2559, 0.6102 0.4921 0.2559, 0.4134 -0.7362 0.2559, 0.5709 0.4921 0.2559, 0.4134 0.4921 0.2559, 0.4528 0.4921 0.2559, 0.4528 0.5118 0.2559, 0.5709 0.5118 0.2559, 0.5709 0.6299 0.1378, 0.4528 0.6299 0.1378, 0.4528 0.6259 0.1684, 0.5709 0.6259 0.1684, 0.4528 0.6141 0.1969, 0.5709 0.6141 0.1969, 0.4528 0.5953 0.2213, 0.5709 0.5953 0.2213, 0.4528 0.5709 0.2401, 0.5709 0.5709 0.2401, 0.4528 0.5424 0.2519, 0.5709 0.5424 0.2519, 0.5709 0.6299 0.1181, 0.4528 0.6299 0.1181, 0.5709 0.689 0.0591, 0.4528 0.689 0.0591, 0.5709 0.6737 0.0611, 0.4528 0.6737 0.0611, 0.5709 0.6594 0.067, 0.4528 0.6594 0.067, 0.5709 0.6472 0.0764, 0.4528 0.6472 0.0764, 0.5709 0.6378 0.0886, 0.4528 0.6378 0.0886, 0.5709 0.6319 0.1028, 0.4528 0.6319 0.1028, 0.5709 0.9252 0.0591, 0.4528 0.9252 0.0591, 0.5709 0.9252 0.0, 0.4528 0.9252 0.0, 0.5709 0.689 0.0, 0.4528 0.689 0.0, 0.5709 0.5709 0.1181, 0.4528 0.5709 0.1181, 0.4528 0.5749 0.0875, 0.5709 0.5749 0.0875, 0.4528 0.5867 0.0591, 0.5709 0.5867 0.0591, 0.4528 0.6055 0.0346, 0.5709 0.6055 0.0346, 0.4528 0.6299 0.0158, 0.5709 0.6299 0.0158, 0.4528 0.6584 0.004, 0.5709 0.6584 0.004, 0.5709 0.5709 0.1378, 0.4528 0.5709 0.1378, 1.0433 -0.7362 0.2559, 1.0433 0.4921 0.2559, 0.8465 -0.7362 0.2559, 1.0039 0.4921 0.2559, 0.8465 0.4921 0.2559, 0.8858 0.4921 0.2559, 0.8858 0.5118 0.2559, 1.0039 0.5118 0.2559, 1.0039 0.6299 0.1378, 0.8858 0.6299 0.1378, 0.8858 0.6259 0.1684, 1.0039 0.6259 0.1684, 0.8858 0.6141 0.1969, 1.0039 0.6141 0.1969, 0.8858 0.5953 0.2213, 1.0039 0.5953 0.2213, 0.8858 0.5709 0.2401, 1.0039 0.5709 0.2401, 0.8858 0.5424 0.2519, 1.0039 0.5424 0.2519, 1.0039 0.6299 0.1181, 0.8858 0.6299 0.1181, 1.0039 0.689 0.0591, 0.8858 0.689 0.0591, 1.0039 0.6737 0.0611, 0.8858 0.6737 0.0611, 1.0039 0.6594 0.067, 0.8858 0.6594 0.067, 1.0039 0.6472 0.0764, 0.8858 0.6472 0.0764, 1.0039 0.6378 0.0886, 0.8858 0.6378 0.0886, 1.0039 0.6319 0.1028, 0.8858 0.6319 0.1028, 1.0039 0.9252 0.0591, 0.8858 0.9252 0.0591, 1.0039 0.9252 0.0, 0.8858 0.9252 0.0, 1.0039 0.689 0.0, 0.8858 0.689 0.0, 1.0039 0.5709 0.1181, 0.8858 0.5709 0.1181, 0.8858 0.5749 0.0875, 1.0039 0.5749 0.0875, 0.8858 0.5867 0.0591, 1.0039 0.5867 0.0591, 0.8858 0.6055 0.0346, 1.0039 0.6055 0.0346, 0.8858 0.6299 0.0158, 1.0039 0.6299 0.0158, 0.8858 0.6584 0.004, 1.0039 0.6584 0.004, 1.0039 0.5709 0.1378, 0.8858 0.5709 0.1378, 1.4764 -0.7362 0.2559, 1.4764 0.4921 0.2559, 1.2795 -0.7362 0.2559, 1.437 0.4921 0.2559, 1.2795 0.4921 0.2559, 1.3189 0.4921 0.2559, 1.3189 0.5118 0.2559, 1.437 0.5118 0.2559, 1.437 0.6299 0.1378, 1.3189 0.6299 0.1378, 1.3189 0.6259 0.1684, 1.437 0.6259 0.1684, 1.3189 0.6141 0.1969, 1.437 0.6141 0.1969, 1.3189 0.5953 0.2213, 1.437 0.5953 0.2213, 1.3189 0.5709 0.2401, 1.437 0.5709 0.2401, 1.3189 0.5424 0.2519, 1.437 0.5424 0.2519, 1.437 0.6299 0.1181, 1.3189 0.6299 0.1181, 1.437 0.689 0.0591, 1.3189 0.689 0.0591, 1.437 0.6737 0.0611, 1.3189 0.6737 0.0611, 1.437 0.6594 0.067, 1.3189 0.6594 0.067, 1.437 0.6472 0.0764, 1.3189 0.6472 0.0764, 1.437 0.6378 0.0886, 1.3189 0.6378 0.0886, 1.437 0.6319 0.1028, 1.3189 0.6319 0.1028, 1.437 0.9252 0.0591, 1.3189 0.9252 0.0591, 1.437 0.9252 0.0, 1.3189 0.9252 0.0, 1.437 0.689 0.0, 1.3189 0.689 0.0, 1.437 0.5709 0.1181, 1.3189 0.5709 0.1181, 1.3189 0.5749 0.0875, 1.437 0.5749 0.0875, 1.3189 0.5867 0.0591, 1.437 0.5867 0.0591, 1.3189 0.6055 0.0346, 1.437 0.6055 0.0346, 1.3189 0.6299 0.0158, 1.437 0.6299 0.0158, 1.3189 0.6584 0.004, 1.437 0.6584 0.004, 1.437 0.5709 0.1378, 1.3189 0.5709 0.1378, -1.122 -0.7648 0.2597, -1.3189 -0.7648 0.2597, -1.122 -0.7913 0.2707, -1.3189 -0.7913 0.2707, -1.122 -0.8142 0.2882, -1.3189 -0.8142 0.2882, -1.122 -0.8317 0.311, -1.3189 -0.8317 0.311, -1.122 -0.8427 0.3376, -1.3189 -0.8427 0.3376, -1.122 -0.8465 0.3661, -1.3189 -0.8465 0.3661, -1.122 -0.8427 0.3947, -1.3189 -0.8427 0.3947, -1.122 -0.8317 0.4213, -1.3189 -0.8317 0.4213, -1.122 -0.8142 0.4441, -1.3189 -0.8142 0.4441, -1.122 -0.7913 0.4616, -1.3189 -0.7913 0.4616, -1.122 -0.7648 0.4726, -1.3189 -0.7648 0.4726, -1.122 -0.7362 0.4764, -1.3189 -0.7362 0.4764, -1.3189 -0.441 0.4764, -1.2795 -0.441 0.4764, -1.122 -0.441 0.4764, -1.1614 -0.441 0.4764, -1.1614 -0.4134 0.4764, -1.2795 -0.4134 0.4764, -1.122 -0.441 0.5354, -1.1614 -0.441 0.5354, -1.122 -0.7362 0.5354, -1.3189 -0.7362 0.5354, -1.3189 -0.441 0.5354, -1.2795 -0.441 0.5354, -1.2795 -0.4134 0.5354, -1.1614 -0.4134 0.5354, -0.689 -0.7648 0.2597, -0.8858 -0.7648 0.2597, -0.689 -0.7913 0.2707, -0.8858 -0.7913 0.2707, -0.689 -0.8142 0.2882, -0.8858 -0.8142 0.2882, -0.689 -0.8317 0.311, -0.8858 -0.8317 0.311, -0.689 -0.8427 0.3376, -0.8858 -0.8427 0.3376, -0.689 -0.8465 0.3661, -0.8858 -0.8465 0.3661, -0.689 -0.8427 0.3947, -0.8858 -0.8427 0.3947, -0.689 -0.8317 0.4213, -0.8858 -0.8317 0.4213, -0.689 -0.8142 0.4441, -0.8858 -0.8142 0.4441, -0.689 -0.7913 0.4616, -0.8858 -0.7913 0.4616, -0.689 -0.7648 0.4726, -0.8858 -0.7648 0.4726, -0.689 -0.7362 0.4764, -0.8858 -0.7362 0.4764, -0.8858 -0.441 0.4764, -0.8465 -0.441 0.4764, -0.689 -0.441 0.4764, -0.7283 -0.441 0.4764, -0.7283 -0.4134 0.4764, -0.8465 -0.4134 0.4764, -0.689 -0.441 0.5354, -0.7283 -0.441 0.5354, -0.689 -0.7362 0.5354, -0.8858 -0.7362 0.5354, -0.8858 -0.441 0.5354, -0.8465 -0.441 0.5354, -0.8465 -0.4134 0.5354, -0.7283 -0.4134 0.5354, -0.2559 -0.7648 0.2597, -0.4528 -0.7648 0.2597, -0.2559 -0.7913 0.2707, -0.4528 -0.7913 0.2707, -0.2559 -0.8142 0.2882, -0.4528 -0.8142 0.2882, -0.2559 -0.8317 0.311, -0.4528 -0.8317 0.311, -0.2559 -0.8427 0.3376, -0.4528 -0.8427 0.3376, -0.2559 -0.8465 0.3661, -0.4528 -0.8465 0.3661, -0.2559 -0.8427 0.3947, -0.4528 -0.8427 0.3947, -0.2559 -0.8317 0.4213, -0.4528 -0.8317 0.4213, -0.2559 -0.8142 0.4441, -0.4528 -0.8142 0.4441, -0.2559 -0.7913 0.4616, -0.4528 -0.7913 0.4616, -0.2559 -0.7648 0.4726, -0.4528 -0.7648 0.4726, -0.2559 -0.7362 0.4764, -0.4528 -0.7362 0.4764, -0.4528 -0.441 0.4764, -0.4134 -0.441 0.4764, -0.2559 -0.441 0.4764, -0.2953 -0.441 0.4764, -0.2953 -0.4134 0.4764, -0.4134 -0.4134 0.4764, -0.2559 -0.441 0.5354, -0.2953 -0.441 0.5354, -0.2559 -0.7362 0.5354, -0.4528 -0.7362 0.5354, -0.4528 -0.441 0.5354, -0.4134 -0.441 0.5354, -0.4134 -0.4134 0.5354, -0.2953 -0.4134 0.5354, 0.1772 -0.7648 0.2597, -0.0197 -0.7648 0.2597, 0.1772 -0.7913 0.2707, -0.0197 -0.7913 0.2707, 0.1772 -0.8142 0.2882, -0.0197 -0.8142 0.2882, 0.1772 -0.8317 0.311, -0.0197 -0.8317 0.311, 0.1772 -0.8427 0.3376, -0.0197 -0.8427 0.3376, 0.1772 -0.8465 0.3661, -0.0197 -0.8465 0.3661, 0.1772 -0.8427 0.3947, -0.0197 -0.8427 0.3947, 0.1772 -0.8317 0.4213, -0.0197 -0.8317 0.4213, 0.1772 -0.8142 0.4441, -0.0197 -0.8142 0.4441, 0.1772 -0.7913 0.4616, -0.0197 -0.7913 0.4616, 0.1772 -0.7648 0.4726, -0.0197 -0.7648 0.4726, 0.1772 -0.7362 0.4764, -0.0197 -0.7362 0.4764, -0.0197 -0.441 0.4764, 0.0197 -0.441 0.4764, 0.1772 -0.441 0.4764, 0.1378 -0.441 0.4764, 0.1378 -0.4134 0.4764, 0.0197 -0.4134 0.4764, 0.1772 -0.441 0.5354, 0.1378 -0.441 0.5354, 0.1772 -0.7362 0.5354, -0.0197 -0.7362 0.5354, -0.0197 -0.441 0.5354, 0.0197 -0.441 0.5354, 0.0197 -0.4134 0.5354, 0.1378 -0.4134 0.5354, 0.6102 -0.7648 0.2597, 0.4134 -0.7648 0.2597, 0.6102 -0.7913 0.2707, 0.4134 -0.7913 0.2707, 0.6102 -0.8142 0.2882, 0.4134 -0.8142 0.2882, 0.6102 -0.8317 0.311, 0.4134 -0.8317 0.311, 0.6102 -0.8427 0.3376, 0.4134 -0.8427 0.3376, 0.6102 -0.8465 0.3661, 0.4134 -0.8465 0.3661, 0.6102 -0.8427 0.3947, 0.4134 -0.8427 0.3947, 0.6102 -0.8317 0.4213, 0.4134 -0.8317 0.4213, 0.6102 -0.8142 0.4441, 0.4134 -0.8142 0.4441, 0.6102 -0.7913 0.4616, 0.4134 -0.7913 0.4616, 0.6102 -0.7648 0.4726, 0.4134 -0.7648 0.4726, 0.6102 -0.7362 0.4764, 0.4134 -0.7362 0.4764, 0.4134 -0.441 0.4764, 0.4528 -0.441 0.4764, 0.6102 -0.441 0.4764, 0.5709 -0.441 0.4764, 0.5709 -0.4134 0.4764, 0.4528 -0.4134 0.4764, 0.6102 -0.441 0.5354, 0.5709 -0.441 0.5354, 0.6102 -0.7362 0.5354, 0.4134 -0.7362 0.5354, 0.4134 -0.441 0.5354, 0.4528 -0.441 0.5354, 0.4528 -0.4134 0.5354, 0.5709 -0.4134 0.5354, 1.0433 -0.7648 0.2597, 0.8465 -0.7648 0.2597, 1.0433 -0.7913 0.2707, 0.8465 -0.7913 0.2707, 1.0433 -0.8142 0.2882, 0.8465 -0.8142 0.2882, 1.0433 -0.8317 0.311, 0.8465 -0.8317 0.311, 1.0433 -0.8427 0.3376, 0.8465 -0.8427 0.3376, 1.0433 -0.8465 0.3661, 0.8465 -0.8465 0.3661, 1.0433 -0.8427 0.3947, 0.8465 -0.8427 0.3947, 1.0433 -0.8317 0.4213, 0.8465 -0.8317 0.4213, 1.0433 -0.8142 0.4441, 0.8465 -0.8142 0.4441, 1.0433 -0.7913 0.4616, 0.8465 -0.7913 0.4616, 1.0433 -0.7648 0.4726, 0.8465 -0.7648 0.4726, 1.0433 -0.7362 0.4764, 0.8465 -0.7362 0.4764, 0.8465 -0.441 0.4764, 0.8858 -0.441 0.4764, 1.0433 -0.441 0.4764, 1.0039 -0.441 0.4764, 1.0039 -0.4134 0.4764, 0.8858 -0.4134 0.4764, 1.0433 -0.441 0.5354, 1.0039 -0.441 0.5354, 1.0433 -0.7362 0.5354, 0.8465 -0.7362 0.5354, 0.8465 -0.441 0.5354, 0.8858 -0.441 0.5354, 0.8858 -0.4134 0.5354, 1.0039 -0.4134 0.5354, 1.4764 -0.7648 0.2597, 1.2795 -0.7648 0.2597, 1.4764 -0.7913 0.2707, 1.2795 -0.7913 0.2707, 1.4764 -0.8142 0.2882, 1.2795 -0.8142 0.2882, 1.4764 -0.8317 0.311, 1.2795 -0.8317 0.311, 1.4764 -0.8427 0.3376, 1.2795 -0.8427 0.3376, 1.4764 -0.8465 0.3661, 1.2795 -0.8465 0.3661, 1.4764 -0.8427 0.3947, 1.2795 -0.8427 0.3947, 1.4764 -0.8317 0.4213, 1.2795 -0.8317 0.4213, 1.4764 -0.8142 0.4441, 1.2795 -0.8142 0.4441, 1.4764 -0.7913 0.4616, 1.2795 -0.7913 0.4616, 1.4764 -0.7648 0.4726, 1.2795 -0.7648 0.4726, 1.4764 -0.7362 0.4764, 1.2795 -0.7362 0.4764, 1.2795 -0.441 0.4764, 1.3189 -0.441 0.4764, 1.4764 -0.441 0.4764, 1.437 -0.441 0.4764, 1.437 -0.4134 0.4764, 1.3189 -0.4134 0.4764, 1.4764 -0.441 0.5354, 1.437 -0.441 0.5354, 1.4764 -0.7362 0.5354, 1.2795 -0.7362 0.5354, 1.2795 -0.441 0.5354, 1.3189 -0.441 0.5354, 1.3189 -0.4134 0.5354, 1.437 -0.4134 0.5354, 1.811 0.1102 0.0787, 1.811 0.1102 0.0, 1.811 -0.126 0.0787, 1.811 -0.126 0.0, -1.7126 0.8031 0.689, -1.7126 0.7441 0.689, -1.7126 0.8031 0.7293, -1.7126 0.7441 0.7293, -1.7126 0.8003 0.7528, -1.7126 0.743 0.7387, -1.7126 0.792 0.7748, -1.7126 0.7396 0.7475, -1.7126 0.7787 0.7943, -1.7126 0.7343 0.7553, -1.7126 0.7611 0.81, -1.7126 0.7273 0.7616, -1.7126 0.7403 0.8211, -1.7126 0.7189 0.7661, -1.7126 0.2488 1.0116, -1.7126 0.2275 0.9566, -1.7126 0.206 1.0224, -1.7126 0.1989 0.9637, -1.7126 0.1618 1.0221, -1.7126 0.1695 0.9636, -1.7126 0.1191 1.011, -1.7126 0.141 0.9561, -1.7126 0.0804 0.9896, -1.7126 0.1152 0.9419, -1.7126 0.0483 0.9593, -1.7126 0.0938 0.9217, -1.7126 -0.2313 0.6211, -1.7126 -0.1858 0.5835, -1.7126 -0.2686 0.585, -1.7126 -0.2324 0.5384, -1.7126 -0.3128 0.5579, -1.7126 -0.2876 0.5045, -1.7126 -0.3618 0.5411, -1.7126 -0.349 0.4835, -1.5945 -0.349 0.4835, -1.5945 -0.2876 0.5045, -1.5945 -0.2324 0.5384, -1.5945 -0.1858 0.5835, -1.5945 -0.3618 0.5411, -1.5945 -0.3128 0.5579, -1.5945 -0.2686 0.585, -1.5945 -0.2313 0.6211, -1.5945 0.0483 0.9593, -1.5945 0.0938 0.9217, -1.5945 0.0804 0.9896, -1.5945 0.1152 0.9419, -1.5945 0.1191 1.011, -1.5945 0.141 0.9561, -1.5945 0.1618 1.0221, -1.5945 0.1695 0.9636, -1.5945 0.206 1.0224, -1.5945 0.1989 0.9637, -1.5945 0.2488 1.0116, -1.5945 0.2275 0.9566, -1.5945 0.7403 0.8211, -1.5945 0.7189 0.7661, -1.5945 0.7611 0.81, -1.5945 0.7273 0.7616, -1.5945 0.7787 0.7943, -1.5945 0.7343 0.7553, -1.5945 0.792 0.7748, -1.5945 0.7396 0.7475, -1.5945 0.8003 0.7528, -1.5945 0.743 0.7387, -1.5945 0.8031 0.7293, -1.5945 0.7441 0.7293, -1.5945 0.8031 0.689, -1.5945 0.7441 0.689, -1.2795 0.8031 0.689, -1.2795 0.7441 0.689, -1.2795 0.8031 0.7293, -1.2795 0.7441 0.7293, -1.2795 0.8003 0.7528, -1.2795 0.743 0.7387, -1.2795 0.792 0.7748, -1.2795 0.7396 0.7475, -1.2795 0.7787 0.7943, -1.2795 0.7343 0.7553, -1.2795 0.7611 0.81, -1.2795 0.7273 0.7616, -1.2795 0.7403 0.8211, -1.2795 0.7189 0.7661, -1.2795 0.2488 1.0116, -1.2795 0.2275 0.9566, -1.2795 0.206 1.0224, -1.2795 0.1989 0.9637, -1.2795 0.1618 1.0221, -1.2795 0.1695 0.9636, -1.2795 0.1191 1.011, -1.2795 0.141 0.9561, -1.2795 0.0804 0.9896, -1.2795 0.1152 0.9419, -1.2795 0.0483 0.9593, -1.2795 0.0938 0.9217, -1.2795 -0.2313 0.6211, -1.2795 -0.1858 0.5835, -1.2795 -0.2686 0.585, -1.2795 -0.2324 0.5384, -1.2795 -0.3128 0.5579, -1.2795 -0.2876 0.5045, -1.2795 -0.3618 0.5411, -1.2795 -0.349 0.4835, -1.1614 -0.349 0.4835, -1.1614 -0.2876 0.5045, -1.1614 -0.2324 0.5384, -1.1614 -0.1858 0.5835, -1.1614 -0.3618 0.5411, -1.1614 -0.3128 0.5579, -1.1614 -0.2686 0.585, -1.1614 -0.2313 0.6211, -1.1614 0.0483 0.9593, -1.1614 0.0938 0.9217, -1.1614 0.0804 0.9896, -1.1614 0.1152 0.9419, -1.1614 0.1191 1.011, -1.1614 0.141 0.9561, -1.1614 0.1618 1.0221, -1.1614 0.1695 0.9636, -1.1614 0.206 1.0224, -1.1614 0.1989 0.9637, -1.1614 0.2488 1.0116, -1.1614 0.2275 0.9566, -1.1614 0.7403 0.8211, -1.1614 0.7189 0.7661, -1.1614 0.7611 0.81, -1.1614 0.7273 0.7616, -1.1614 0.7787 0.7943, -1.1614 0.7343 0.7553, -1.1614 0.792 0.7748, -1.1614 0.7396 0.7475, -1.1614 0.8003 0.7528, -1.1614 0.743 0.7387, -1.1614 0.8031 0.7293, -1.1614 0.7441 0.7293, -1.1614 0.8031 0.689, -1.1614 0.7441 0.689, -0.8465 0.8031 0.689, -0.8465 0.7441 0.689, -0.8465 0.8031 0.7293, -0.8465 0.7441 0.7293, -0.8465 0.8003 0.7528, -0.8465 0.743 0.7387, -0.8465 0.792 0.7748, -0.8465 0.7396 0.7475, -0.8465 0.7787 0.7943, -0.8465 0.7343 0.7553, -0.8465 0.7611 0.81, -0.8465 0.7273 0.7616, -0.8465 0.7403 0.8211, -0.8465 0.7189 0.7661, -0.8465 0.2488 1.0116, -0.8465 0.2275 0.9566, -0.8465 0.206 1.0224, -0.8465 0.1989 0.9637, -0.8465 0.1618 1.0221, -0.8465 0.1695 0.9636, -0.8465 0.1191 1.011, -0.8465 0.141 0.9561, -0.8465 0.0804 0.9896, -0.8465 0.1152 0.9419, -0.8465 0.0483 0.9593, -0.8465 0.0938 0.9217, -0.8465 -0.2313 0.6211, -0.8465 -0.1858 0.5835, -0.8465 -0.2686 0.585, -0.8465 -0.2324 0.5384, -0.8465 -0.3128 0.5579, -0.8465 -0.2876 0.5045, -0.8465 -0.3618 0.5411, -0.8465 -0.349 0.4835, -0.7283 -0.349 0.4835, -0.7283 -0.2876 0.5045, -0.7283 -0.2324 0.5384, -0.7283 -0.1858 0.5835, -0.7283 -0.3618 0.5411, -0.7283 -0.3128 0.5579, -0.7283 -0.2686 0.585, -0.7283 -0.2313 0.6211, -0.7283 0.0483 0.9593, -0.7283 0.0938 0.9217, -0.7283 0.0804 0.9896, -0.7283 0.1152 0.9419, -0.7283 0.1191 1.011, -0.7283 0.141 0.9561, -0.7283 0.1618 1.0221, -0.7283 0.1695 0.9636, -0.7283 0.206 1.0224, -0.7283 0.1989 0.9637, -0.7283 0.2488 1.0116, -0.7283 0.2275 0.9566, -0.7283 0.7403 0.8211, -0.7283 0.7189 0.7661, -0.7283 0.7611 0.81, -0.7283 0.7273 0.7616, -0.7283 0.7787 0.7943, -0.7283 0.7343 0.7553, -0.7283 0.792 0.7748, -0.7283 0.7396 0.7475, -0.7283 0.8003 0.7528, -0.7283 0.743 0.7387, -0.7283 0.8031 0.7293, -0.7283 0.7441 0.7293, -0.7283 0.8031 0.689, -0.7283 0.7441 0.689, -0.4134 0.8031 0.689, -0.4134 0.7441 0.689, -0.4134 0.8031 0.7293, -0.4134 0.7441 0.7293, -0.4134 0.8003 0.7528, -0.4134 0.743 0.7387, -0.4134 0.792 0.7748, -0.4134 0.7396 0.7475, -0.4134 0.7787 0.7943, -0.4134 0.7343 0.7553, -0.4134 0.7611 0.81, -0.4134 0.7273 0.7616, -0.4134 0.7403 0.8211, -0.4134 0.7189 0.7661, -0.4134 0.2488 1.0116, -0.4134 0.2275 0.9566, -0.4134 0.206 1.0224, -0.4134 0.1989 0.9637, -0.4134 0.1618 1.0221, -0.4134 0.1695 0.9636, -0.4134 0.1191 1.011, -0.4134 0.141 0.9561, -0.4134 0.0804 0.9896, -0.4134 0.1152 0.9419, -0.4134 0.0483 0.9593, -0.4134 0.0938 0.9217, -0.4134 -0.2313 0.6211, -0.4134 -0.1858 0.5835, -0.4134 -0.2686 0.585, -0.4134 -0.2324 0.5384, -0.4134 -0.3128 0.5579, -0.4134 -0.2876 0.5045, -0.4134 -0.3618 0.5411, -0.4134 -0.349 0.4835, -0.2953 -0.349 0.4835, -0.2953 -0.2876 0.5045, -0.2953 -0.2324 0.5384, -0.2953 -0.1858 0.5835, -0.2953 -0.3618 0.5411, -0.2953 -0.3128 0.5579, -0.2953 -0.2686 0.585, -0.2953 -0.2313 0.6211, -0.2953 0.0483 0.9593, -0.2953 0.0938 0.9217, -0.2953 0.0804 0.9896, -0.2953 0.1152 0.9419, -0.2953 0.1191 1.011, -0.2953 0.141 0.9561, -0.2953 0.1618 1.0221, -0.2953 0.1695 0.9636, -0.2953 0.206 1.0224, -0.2953 0.1989 0.9637, -0.2953 0.2488 1.0116, -0.2953 0.2275 0.9566, -0.2953 0.7403 0.8211, -0.2953 0.7189 0.7661, -0.2953 0.7611 0.81, -0.2953 0.7273 0.7616, -0.2953 0.7787 0.7943, -0.2953 0.7343 0.7553, -0.2953 0.792 0.7748, -0.2953 0.7396 0.7475, -0.2953 0.8003 0.7528, -0.2953 0.743 0.7387, -0.2953 0.8031 0.7293, -0.2953 0.7441 0.7293, -0.2953 0.8031 0.689, -0.2953 0.7441 0.689, 0.0197 0.8031 0.689, 0.0197 0.7441 0.689, 0.0197 0.8031 0.7293, 0.0197 0.7441 0.7293, 0.0197 0.8003 0.7528, 0.0197 0.743 0.7387, 0.0197 0.792 0.7748, 0.0197 0.7396 0.7475, 0.0197 0.7787 0.7943, 0.0197 0.7343 0.7553, 0.0197 0.7611 0.81, 0.0197 0.7273 0.7616, 0.0197 0.7403 0.8211, 0.0197 0.7189 0.7661, 0.0197 0.2488 1.0116, 0.0197 0.2275 0.9566, 0.0197 0.206 1.0224, 0.0197 0.1989 0.9637, 0.0197 0.1618 1.0221, 0.0197 0.1695 0.9636, 0.0197 0.1191 1.011, 0.0197 0.141 0.9561, 0.0197 0.0804 0.9896, 0.0197 0.1152 0.9419, 0.0197 0.0483 0.9593, 0.0197 0.0938 0.9217, 0.0197 -0.2313 0.6211, 0.0197 -0.1858 0.5835, 0.0197 -0.2686 0.585, 0.0197 -0.2324 0.5384, 0.0197 -0.3128 0.5579, 0.0197 -0.2876 0.5045, 0.0197 -0.3618 0.5411, 0.0197 -0.349 0.4835, 0.1378 -0.349 0.4835, 0.1378 -0.2876 0.5045, 0.1378 -0.2324 0.5384, 0.1378 -0.1858 0.5835, 0.1378 -0.3618 0.5411, 0.1378 -0.3128 0.5579, 0.1378 -0.2686 0.585, 0.1378 -0.2313 0.6211, 0.1378 0.0483 0.9593, 0.1378 0.0938 0.9217, 0.1378 0.0804 0.9896, 0.1378 0.1152 0.9419, 0.1378 0.1191 1.011, 0.1378 0.141 0.9561, 0.1378 0.1618 1.0221, 0.1378 0.1695 0.9636, 0.1378 0.206 1.0224, 0.1378 0.1989 0.9637, 0.1378 0.2488 1.0116, 0.1378 0.2275 0.9566, 0.1378 0.7403 0.8211, 0.1378 0.7189 0.7661, 0.1378 0.7611 0.81, 0.1378 0.7273 0.7616, 0.1378 0.7787 0.7943, 0.1378 0.7343 0.7553, 0.1378 0.792 0.7748, 0.1378 0.7396 0.7475, 0.1378 0.8003 0.7528, 0.1378 0.743 0.7387, 0.1378 0.8031 0.7293, 0.1378 0.7441 0.7293, 0.1378 0.8031 0.689, 0.1378 0.7441 0.689, 0.4528 0.8031 0.689, 0.4528 0.7441 0.689, 0.4528 0.8031 0.7293, 0.4528 0.7441 0.7293, 0.4528 0.8003 0.7528, 0.4528 0.743 0.7387, 0.4528 0.792 0.7748, 0.4528 0.7396 0.7475, 0.4528 0.7787 0.7943, 0.4528 0.7343 0.7553, 0.4528 0.7611 0.81, 0.4528 0.7273 0.7616, 0.4528 0.7403 0.8211, 0.4528 0.7189 0.7661, 0.4528 0.2488 1.0116, 0.4528 0.2275 0.9566, 0.4528 0.206 1.0224, 0.4528 0.1989 0.9637, 0.4528 0.1618 1.0221, 0.4528 0.1695 0.9636, 0.4528 0.1191 1.011, 0.4528 0.141 0.9561, 0.4528 0.0804 0.9896, 0.4528 0.1152 0.9419, 0.4528 0.0483 0.9593, 0.4528 0.0938 0.9217, 0.4528 -0.2313 0.6211, 0.4528 -0.1858 0.5835, 0.4528 -0.2686 0.585, 0.4528 -0.2324 0.5384, 0.4528 -0.3128 0.5579, 0.4528 -0.2876 0.5045, 0.4528 -0.3618 0.5411, 0.4528 -0.349 0.4835, 0.5709 -0.349 0.4835, 0.5709 -0.2876 0.5045, 0.5709 -0.2324 0.5384, 0.5709 -0.1858 0.5835, 0.5709 -0.3618 0.5411, 0.5709 -0.3128 0.5579, 0.5709 -0.2686 0.585, 0.5709 -0.2313 0.6211, 0.5709 0.0483 0.9593, 0.5709 0.0938 0.9217, 0.5709 0.0804 0.9896, 0.5709 0.1152 0.9419, 0.5709 0.1191 1.011, 0.5709 0.141 0.9561, 0.5709 0.1618 1.0221, 0.5709 0.1695 0.9636, 0.5709 0.206 1.0224, 0.5709 0.1989 0.9637, 0.5709 0.2488 1.0116, 0.5709 0.2275 0.9566, 0.5709 0.7403 0.8211, 0.5709 0.7189 0.7661, 0.5709 0.7611 0.81, 0.5709 0.7273 0.7616, 0.5709 0.7787 0.7943, 0.5709 0.7343 0.7553, 0.5709 0.792 0.7748, 0.5709 0.7396 0.7475, 0.5709 0.8003 0.7528, 0.5709 0.743 0.7387, 0.5709 0.8031 0.7293, 0.5709 0.7441 0.7293, 0.5709 0.8031 0.689, 0.5709 0.7441 0.689, 0.8858 0.8031 0.689, 0.8858 0.7441 0.689, 0.8858 0.8031 0.7293, 0.8858 0.7441 0.7293, 0.8858 0.8003 0.7528, 0.8858 0.743 0.7387, 0.8858 0.792 0.7748, 0.8858 0.7396 0.7475, 0.8858 0.7787 0.7943, 0.8858 0.7343 0.7553, 0.8858 0.7611 0.81, 0.8858 0.7273 0.7616, 0.8858 0.7403 0.8211, 0.8858 0.7189 0.7661, 0.8858 0.2488 1.0116, 0.8858 0.2275 0.9566, 0.8858 0.206 1.0224, 0.8858 0.1989 0.9637, 0.8858 0.1618 1.0221, 0.8858 0.1695 0.9636, 0.8858 0.1191 1.011, 0.8858 0.141 0.9561, 0.8858 0.0804 0.9896, 0.8858 0.1152 0.9419, 0.8858 0.0483 0.9593, 0.8858 0.0938 0.9217, 0.8858 -0.2313 0.6211, 0.8858 -0.1858 0.5835, 0.8858 -0.2686 0.585, 0.8858 -0.2324 0.5384, 0.8858 -0.3128 0.5579, 0.8858 -0.2876 0.5045, 0.8858 -0.3618 0.5411, 0.8858 -0.349 0.4835, 1.0039 -0.349 0.4835, 1.0039 -0.2876 0.5045, 1.0039 -0.2324 0.5384, 1.0039 -0.1858 0.5835, 1.0039 -0.3618 0.5411, 1.0039 -0.3128 0.5579, 1.0039 -0.2686 0.585, 1.0039 -0.2313 0.6211, 1.0039 0.0483 0.9593, 1.0039 0.0938 0.9217, 1.0039 0.0804 0.9896, 1.0039 0.1152 0.9419, 1.0039 0.1191 1.011, 1.0039 0.141 0.9561, 1.0039 0.1618 1.0221, 1.0039 0.1695 0.9636, 1.0039 0.206 1.0224, 1.0039 0.1989 0.9637, 1.0039 0.2488 1.0116, 1.0039 0.2275 0.9566, 1.0039 0.7403 0.8211, 1.0039 0.7189 0.7661, 1.0039 0.7611 0.81, 1.0039 0.7273 0.7616, 1.0039 0.7787 0.7943, 1.0039 0.7343 0.7553, 1.0039 0.792 0.7748, 1.0039 0.7396 0.7475, 1.0039 0.8003 0.7528, 1.0039 0.743 0.7387, 1.0039 0.8031 0.7293, 1.0039 0.7441 0.7293, 1.0039 0.8031 0.689, 1.0039 0.7441 0.689, 1.3189 0.8031 0.689, 1.3189 0.7441 0.689, 1.3189 0.8031 0.7293, 1.3189 0.7441 0.7293, 1.3189 0.8003 0.7528, 1.3189 0.743 0.7387, 1.3189 0.792 0.7748, 1.3189 0.7396 0.7475, 1.3189 0.7787 0.7943, 1.3189 0.7343 0.7553, 1.3189 0.7611 0.81, 1.3189 0.7273 0.7616, 1.3189 0.7403 0.8211, 1.3189 0.7189 0.7661, 1.3189 0.2488 1.0116, 1.3189 0.2275 0.9566, 1.3189 0.206 1.0224, 1.3189 0.1989 0.9637, 1.3189 0.1618 1.0221, 1.3189 0.1695 0.9636, 1.3189 0.1191 1.011, 1.3189 0.141 0.9561, 1.3189 0.0804 0.9896, 1.3189 0.1152 0.9419, 1.3189 0.0483 0.9593, 1.3189 0.0938 0.9217, 1.3189 -0.2313 0.6211, 1.3189 -0.1858 0.5835, 1.3189 -0.2686 0.585, 1.3189 -0.2324 0.5384, 1.3189 -0.3128 0.5579, 1.3189 -0.2876 0.5045, 1.3189 -0.3618 0.5411, 1.3189 -0.349 0.4835, 1.437 -0.349 0.4835, 1.437 -0.2876 0.5045, 1.437 -0.2324 0.5384, 1.437 -0.1858 0.5835, 1.437 -0.3618 0.5411, 1.437 -0.3128 0.5579, 1.437 -0.2686 0.585, 1.437 -0.2313 0.6211, 1.437 0.0483 0.9593, 1.437 0.0938 0.9217, 1.437 0.0804 0.9896, 1.437 0.1152 0.9419, 1.437 0.1191 1.011, 1.437 0.141 0.9561, 1.437 0.1618 1.0221, 1.437 0.1695 0.9636, 1.437 0.206 1.0224, 1.437 0.1989 0.9637, 1.437 0.2488 1.0116, 1.437 0.2275 0.9566, 1.437 0.7403 0.8211, 1.437 0.7189 0.7661, 1.437 0.7611 0.81, 1.437 0.7273 0.7616, 1.437 0.7787 0.7943, 1.437 0.7343 0.7553, 1.437 0.792 0.7748, 1.437 0.7396 0.7475, 1.437 0.8003 0.7528, 1.437 0.743 0.7387, 1.437 0.8031 0.7293, 1.437 0.7441 0.7293, 1.437 0.8031 0.689, 1.437 0.7441 0.689, -1.7913 0.7441 0.689, -1.7913 0.7441 0.6496, -1.5157 0.7441 0.6496, -1.5157 0.7441 0.689, -1.5157 0.8031 0.689, -1.5157 0.8031 0.6496, -1.7913 0.8031 0.6496, -1.7913 0.8031 0.689, -1.3583 0.7441 0.689, -1.3583 0.7441 0.6496, -1.0827 0.7441 0.6496, -1.0827 0.7441 0.689, -1.0827 0.8031 0.689, -1.0827 0.8031 0.6496, -1.3583 0.8031 0.6496, -1.3583 0.8031 0.689, -0.9252 0.7441 0.689, -0.9252 0.7441 0.6496, -0.6496 0.7441 0.6496, -0.6496 0.7441 0.689, -0.6496 0.8031 0.689, -0.6496 0.8031 0.6496, -0.9252 0.8031 0.6496, -0.9252 0.8031 0.689, -0.4921 0.7441 0.689, -0.4921 0.7441 0.6496, -0.2165 0.7441 0.6496, -0.2165 0.7441 0.689, -0.2165 0.8031 0.689, -0.2165 0.8031 0.6496, -0.4921 0.8031 0.6496, -0.4921 0.8031 0.689, -0.0591 0.7441 0.689, -0.0591 0.7441 0.6496, 0.2165 0.7441 0.6496, 0.2165 0.7441 0.689, 0.2165 0.8031 0.689, 0.2165 0.8031 0.6496, -0.0591 0.8031 0.6496, -0.0591 0.8031 0.689, 0.374 0.7441 0.689, 0.374 0.7441 0.6496, 0.6496 0.7441 0.6496, 0.6496 0.7441 0.689, 0.6496 0.8031 0.689, 0.6496 0.8031 0.6496, 0.374 0.8031 0.6496, 0.374 0.8031 0.689, 0.8071 0.7441 0.689, 0.8071 0.7441 0.6496, 1.0827 0.7441 0.6496, 1.0827 0.7441 0.689, 1.0827 0.8031 0.689, 1.0827 0.8031 0.6496, 0.8071 0.8031 0.6496, 0.8071 0.8031 0.689, 1.2402 0.7441 0.689, 1.2402 0.7441 0.6496, 1.5158 0.7441 0.6496, 1.5158 0.7441 0.689, 1.5158 0.8031 0.689, 1.5158 0.8031 0.6496, 1.2402 0.8031 0.6496, 1.2402 0.8031 0.689
            ]
        }
        coordIndex [
            0,1,2,-1,2,1,3,-1,4,5,6,-1,6,5,7,-1,2,4,0,-1,0,4,6,-1,0,6,8,-1,8,6,9,-1,8,9,10,-1,10,9,11,-1,10,11,12,-1,12,11,13,-1,13,14,12,-1,12,14,15,-1,12,15,16,-1,16,15,17,-1,16,17,18,-1,18,17,19,-1,20,21,22,-1,22,21,19,-1,22,19,23,-1,23,19,24,-1,25,26,17,-1,17,26,27,-1,17,27,19,-1,19,27,28,-1,19,28,24,-1,25,29,26,-1,26,29,30,-1,26,30,31,-1,10,32,8,-1,8,32,33,-1,8,33,0,-1,0,33,1,-1,32,10,34,-1,34,10,12,-1,34,12,35,-1,18,36,37,-1,18,37,16,-1,16,37,35,-1,16,35,12,-1,19,38,18,-1,18,38,36,-1,28,39,40,-1,28,40,24,-1,24,40,41,-1,24,41,23,-1,23,41,42,-1,23,42,22,-1,22,42,43,-1,22,43,20,-1,20,43,44,-1,20,44,21,-1,21,44,38,-1,21,38,19,-1,27,45,28,-1,28,45,39,-1,17,46,47,-1,17,47,25,-1,25,47,48,-1,25,48,29,-1,29,48,49,-1,29,49,30,-1,30,49,50,-1,30,50,31,-1,31,50,51,-1,31,51,26,-1,26,51,45,-1,26,45,27,-1,15,52,17,-1,17,52,46,-1,14,13,53,-1,52,15,54,-1,54,15,14,-1,54,14,55,-1,55,14,53,-1,56,57,58,-1,58,57,59,-1,60,61,56,-1,56,61,57,-1,62,63,60,-1,60,63,61,-1,64,65,62,-1,62,65,63,-1,11,66,13,-1,13,66,53,-1,6,7,67,-1,6,67,9,-1,9,67,66,-1,9,66,11,-1,68,69,70,-1,70,69,71,-1,72,70,73,-1,73,70,71,-1,73,71,74,-1,74,71,75,-1,68,70,76,-1,76,70,77,-1,76,77,78,-1,78,77,79,-1,78,79,80,-1,80,79,81,-1,80,81,82,-1,82,81,83,-1,82,83,84,-1,84,83,85,-1,84,85,86,-1,86,85,87,-1,86,87,88,-1,88,87,89,-1,88,89,90,-1,90,89,91,-1,90,91,92,-1,92,91,93,-1,92,93,94,-1,94,93,95,-1,94,95,96,-1,96,95,97,-1,96,97,98,-1,98,97,99,-1,99,100,98,-1,98,100,101,-1,102,98,103,-1,103,98,101,-1,103,101,104,-1,104,101,105,-1,102,103,106,-1,106,103,107,-1,108,106,109,-1,109,106,107,-1,110,109,111,-1,111,109,107,-1,111,107,112,-1,112,107,113,-1,110,111,100,-1,100,111,101,-1,114,115,116,-1,116,115,117,-1,118,119,116,-1,116,119,114,-1,118,120,119,-1,119,120,121,-1,122,123,124,-1,122,124,125,-1,125,124,126,-1,125,126,127,-1,127,126,128,-1,127,128,129,-1,129,128,130,-1,129,130,131,-1,131,130,132,-1,131,132,133,-1,133,132,74,-1,133,74,75,-1,134,135,122,-1,122,135,123,-1,136,137,138,-1,138,137,139,-1,138,139,140,-1,140,139,141,-1,140,141,142,-1,142,141,143,-1,142,143,144,-1,144,143,145,-1,144,145,146,-1,146,145,147,-1,146,147,134,-1,134,147,135,-1,148,149,136,-1,136,149,137,-1,150,151,148,-1,148,151,149,-1,152,153,150,-1,150,153,151,-1,154,155,156,-1,154,156,157,-1,157,156,158,-1,157,158,159,-1,159,158,160,-1,159,160,161,-1,161,160,162,-1,161,162,163,-1,163,162,164,-1,163,164,165,-1,165,164,153,-1,165,153,152,-1,166,167,154,-1,154,167,155,-1,168,169,170,-1,170,169,171,-1,172,170,173,-1,173,170,171,-1,173,171,174,-1,174,171,175,-1,176,177,178,-1,176,178,179,-1,179,178,180,-1,179,180,181,-1,181,180,182,-1,181,182,183,-1,183,182,184,-1,183,184,185,-1,185,184,186,-1,185,186,187,-1,187,186,174,-1,187,174,175,-1,188,189,176,-1,176,189,177,-1,190,191,192,-1,192,191,193,-1,192,193,194,-1,194,193,195,-1,194,195,196,-1,196,195,197,-1,196,197,198,-1,198,197,199,-1,198,199,200,-1,200,199,201,-1,200,201,188,-1,188,201,189,-1,202,203,190,-1,190,203,191,-1,204,205,202,-1,202,205,203,-1,206,207,204,-1,204,207,205,-1,208,209,210,-1,208,210,211,-1,211,210,212,-1,211,212,213,-1,213,212,214,-1,213,214,215,-1,215,214,216,-1,215,216,217,-1,217,216,218,-1,217,218,219,-1,219,218,207,-1,219,207,206,-1,220,221,208,-1,208,221,209,-1,222,223,224,-1,224,223,225,-1,226,224,227,-1,227,224,225,-1,227,225,228,-1,228,225,229,-1,230,231,232,-1,230,232,233,-1,233,232,234,-1,233,234,235,-1,235,234,236,-1,235,236,237,-1,237,236,238,-1,237,238,239,-1,239,238,240,-1,239,240,241,-1,241,240,228,-1,241,228,229,-1,242,243,230,-1,230,243,231,-1,244,245,246,-1,246,245,247,-1,246,247,248,-1,248,247,249,-1,248,249,250,-1,250,249,251,-1,250,251,252,-1,252,251,253,-1,252,253,254,-1,254,253,255,-1,254,255,242,-1,242,255,243,-1,256,257,244,-1,244,257,245,-1,258,259,256,-1,256,259,257,-1,260,261,258,-1,258,261,259,-1,262,263,264,-1,262,264,265,-1,265,264,266,-1,265,266,267,-1,267,266,268,-1,267,268,269,-1,269,268,270,-1,269,270,271,-1,271,270,272,-1,271,272,273,-1,273,272,261,-1,273,261,260,-1,274,275,262,-1,262,275,263,-1,276,277,278,-1,278,277,279,-1,280,278,281,-1,281,278,279,-1,281,279,282,-1,282,279,283,-1,284,285,286,-1,284,286,287,-1,287,286,288,-1,287,288,289,-1,289,288,290,-1,289,290,291,-1,291,290,292,-1,291,292,293,-1,293,292,294,-1,293,294,295,-1,295,294,282,-1,295,282,283,-1,296,297,284,-1,284,297,285,-1,298,299,300,-1,300,299,301,-1,300,301,302,-1,302,301,303,-1,302,303,304,-1,304,303,305,-1,304,305,306,-1,306,305,307,-1,306,307,308,-1,308,307,309,-1,308,309,296,-1,296,309,297,-1,310,311,298,-1,298,311,299,-1,312,313,310,-1,310,313,311,-1,314,315,312,-1,312,315,313,-1,316,317,318,-1,316,318,319,-1,319,318,320,-1,319,320,321,-1,321,320,322,-1,321,322,323,-1,323,322,324,-1,323,324,325,-1,325,324,326,-1,325,326,327,-1,327,326,315,-1,327,315,314,-1,328,329,316,-1,316,329,317,-1,330,331,332,-1,332,331,333,-1,334,332,335,-1,335,332,333,-1,335,333,336,-1,336,333,337,-1,338,339,340,-1,338,340,341,-1,341,340,342,-1,341,342,343,-1,343,342,344,-1,343,344,345,-1,345,344,346,-1,345,346,347,-1,347,346,348,-1,347,348,349,-1,349,348,336,-1,349,336,337,-1,350,351,338,-1,338,351,339,-1,352,353,354,-1,354,353,355,-1,354,355,356,-1,356,355,357,-1,356,357,358,-1,358,357,359,-1,358,359,360,-1,360,359,361,-1,360,361,362,-1,362,361,363,-1,362,363,350,-1,350,363,351,-1,364,365,352,-1,352,365,353,-1,366,367,364,-1,364,367,365,-1,368,369,366,-1,366,369,367,-1,370,371,372,-1,370,372,373,-1,373,372,374,-1,373,374,375,-1,375,374,376,-1,375,376,377,-1,377,376,378,-1,377,378,379,-1,379,378,380,-1,379,380,381,-1,381,380,369,-1,381,369,368,-1,382,383,370,-1,370,383,371,-1,384,385,386,-1,386,385,387,-1,388,386,389,-1,389,386,387,-1,389,387,390,-1,390,387,391,-1,392,393,394,-1,392,394,395,-1,395,394,396,-1,395,396,397,-1,397,396,398,-1,397,398,399,-1,399,398,400,-1,399,400,401,-1,401,400,402,-1,401,402,403,-1,403,402,390,-1,403,390,391,-1,404,405,392,-1,392,405,393,-1,406,407,408,-1,408,407,409,-1,408,409,410,-1,410,409,411,-1,410,411,412,-1,412,411,413,-1,412,413,414,-1,414,413,415,-1,414,415,416,-1,416,415,417,-1,416,417,404,-1,404,417,405,-1,418,419,406,-1,406,419,407,-1,420,421,418,-1,418,421,419,-1,422,423,420,-1,420,423,421,-1,424,425,426,-1,424,426,427,-1,427,426,428,-1,427,428,429,-1,429,428,430,-1,429,430,431,-1,431,430,432,-1,431,432,433,-1,433,432,434,-1,433,434,435,-1,435,434,423,-1,435,423,422,-1,436,437,424,-1,424,437,425,-1,438,439,440,-1,440,439,441,-1,442,440,443,-1,443,440,441,-1,443,441,444,-1,444,441,445,-1,446,447,448,-1,446,448,449,-1,449,448,450,-1,449,450,451,-1,451,450,452,-1,451,452,453,-1,453,452,454,-1,453,454,455,-1,455,454,456,-1,455,456,457,-1,457,456,444,-1,457,444,445,-1,458,459,446,-1,446,459,447,-1,460,461,462,-1,462,461,463,-1,462,463,464,-1,464,463,465,-1,464,465,466,-1,466,465,467,-1,466,467,468,-1,468,467,469,-1,468,469,470,-1,470,469,471,-1,470,471,458,-1,458,471,459,-1,472,473,460,-1,460,473,461,-1,474,475,472,-1,472,475,473,-1,476,477,474,-1,474,477,475,-1,478,479,480,-1,478,480,481,-1,481,480,482,-1,481,482,483,-1,483,482,484,-1,483,484,485,-1,485,484,486,-1,485,486,487,-1,487,486,488,-1,487,488,489,-1,489,488,477,-1,489,477,476,-1,490,491,478,-1,478,491,479,-1,492,493,494,-1,494,493,495,-1,496,494,497,-1,497,494,495,-1,497,495,498,-1,498,495,499,-1,500,501,502,-1,500,502,503,-1,503,502,504,-1,503,504,505,-1,505,504,506,-1,505,506,507,-1,507,506,508,-1,507,508,509,-1,509,508,510,-1,509,510,511,-1,511,510,498,-1,511,498,499,-1,512,513,500,-1,500,513,501,-1,514,515,516,-1,516,515,517,-1,516,517,518,-1,518,517,519,-1,518,519,520,-1,520,519,521,-1,520,521,522,-1,522,521,523,-1,522,523,524,-1,524,523,525,-1,524,525,512,-1,512,525,513,-1,526,527,514,-1,514,527,515,-1,528,529,526,-1,526,529,527,-1,530,531,528,-1,528,531,529,-1,532,533,534,-1,532,534,535,-1,535,534,536,-1,535,536,537,-1,537,536,538,-1,537,538,539,-1,539,538,540,-1,539,540,541,-1,541,540,542,-1,541,542,543,-1,543,542,531,-1,543,531,530,-1,544,545,532,-1,532,545,533,-1,168,170,546,-1,546,170,547,-1,546,547,548,-1,548,547,549,-1,548,549,550,-1,550,549,551,-1,550,551,552,-1,552,551,553,-1,552,553,554,-1,554,553,555,-1,554,555,556,-1,556,555,557,-1,556,557,558,-1,558,557,559,-1,558,559,560,-1,560,559,561,-1,560,561,562,-1,562,561,563,-1,562,563,564,-1,564,563,565,-1,564,565,566,-1,566,565,567,-1,566,567,568,-1,568,567,569,-1,569,570,568,-1,568,570,571,-1,572,568,573,-1,573,568,571,-1,573,571,574,-1,574,571,575,-1,572,573,576,-1,576,573,577,-1,578,576,579,-1,579,576,577,-1,580,579,581,-1,581,579,577,-1,581,577,582,-1,582,577,583,-1,580,581,570,-1,570,581,571,-1,222,224,584,-1,584,224,585,-1,584,585,586,-1,586,585,587,-1,586,587,588,-1,588,587,589,-1,588,589,590,-1,590,589,591,-1,590,591,592,-1,592,591,593,-1,592,593,594,-1,594,593,595,-1,594,595,596,-1,596,595,597,-1,596,597,598,-1,598,597,599,-1,598,599,600,-1,600,599,601,-1,600,601,602,-1,602,601,603,-1,602,603,604,-1,604,603,605,-1,604,605,606,-1,606,605,607,-1,607,608,606,-1,606,608,609,-1,610,606,611,-1,611,606,609,-1,611,609,612,-1,612,609,613,-1,610,611,614,-1,614,611,615,-1,616,614,617,-1,617,614,615,-1,618,617,619,-1,619,617,615,-1,619,615,620,-1,620,615,621,-1,618,619,608,-1,608,619,609,-1,276,278,622,-1,622,278,623,-1,622,623,624,-1,624,623,625,-1,624,625,626,-1,626,625,627,-1,626,627,628,-1,628,627,629,-1,628,629,630,-1,630,629,631,-1,630,631,632,-1,632,631,633,-1,632,633,634,-1,634,633,635,-1,634,635,636,-1,636,635,637,-1,636,637,638,-1,638,637,639,-1,638,639,640,-1,640,639,641,-1,640,641,642,-1,642,641,643,-1,642,643,644,-1,644,643,645,-1,645,646,644,-1,644,646,647,-1,648,644,649,-1,649,644,647,-1,649,647,650,-1,650,647,651,-1,648,649,652,-1,652,649,653,-1,654,652,655,-1,655,652,653,-1,656,655,657,-1,657,655,653,-1,657,653,658,-1,658,653,659,-1,656,657,646,-1,646,657,647,-1,330,332,660,-1,660,332,661,-1,660,661,662,-1,662,661,663,-1,662,663,664,-1,664,663,665,-1,664,665,666,-1,666,665,667,-1,666,667,668,-1,668,667,669,-1,668,669,670,-1,670,669,671,-1,670,671,672,-1,672,671,673,-1,672,673,674,-1,674,673,675,-1,674,675,676,-1,676,675,677,-1,676,677,678,-1,678,677,679,-1,678,679,680,-1,680,679,681,-1,680,681,682,-1,682,681,683,-1,683,684,682,-1,682,684,685,-1,686,682,687,-1,687,682,685,-1,687,685,688,-1,688,685,689,-1,686,687,690,-1,690,687,691,-1,692,690,693,-1,693,690,691,-1,694,693,695,-1,695,693,691,-1,695,691,696,-1,696,691,697,-1,694,695,684,-1,684,695,685,-1,384,386,698,-1,698,386,699,-1,698,699,700,-1,700,699,701,-1,700,701,702,-1,702,701,703,-1,702,703,704,-1,704,703,705,-1,704,705,706,-1,706,705,707,-1,706,707,708,-1,708,707,709,-1,708,709,710,-1,710,709,711,-1,710,711,712,-1,712,711,713,-1,712,713,714,-1,714,713,715,-1,714,715,716,-1,716,715,717,-1,716,717,718,-1,718,717,719,-1,718,719,720,-1,720,719,721,-1,721,722,720,-1,720,722,723,-1,724,720,725,-1,725,720,723,-1,725,723,726,-1,726,723,727,-1,724,725,728,-1,728,725,729,-1,730,728,731,-1,731,728,729,-1,732,731,733,-1,733,731,729,-1,733,729,734,-1,734,729,735,-1,732,733,722,-1,722,733,723,-1,438,440,736,-1,736,440,737,-1,736,737,738,-1,738,737,739,-1,738,739,740,-1,740,739,741,-1,740,741,742,-1,742,741,743,-1,742,743,744,-1,744,743,745,-1,744,745,746,-1,746,745,747,-1,746,747,748,-1,748,747,749,-1,748,749,750,-1,750,749,751,-1,750,751,752,-1,752,751,753,-1,752,753,754,-1,754,753,755,-1,754,755,756,-1,756,755,757,-1,756,757,758,-1,758,757,759,-1,759,760,758,-1,758,760,761,-1,762,758,763,-1,763,758,761,-1,763,761,764,-1,764,761,765,-1,762,763,766,-1,766,763,767,-1,768,766,769,-1,769,766,767,-1,770,769,771,-1,771,769,767,-1,771,767,772,-1,772,767,773,-1,770,771,760,-1,760,771,761,-1,492,494,774,-1,774,494,775,-1,774,775,776,-1,776,775,777,-1,776,777,778,-1,778,777,779,-1,778,779,780,-1,780,779,781,-1,780,781,782,-1,782,781,783,-1,782,783,784,-1,784,783,785,-1,784,785,786,-1,786,785,787,-1,786,787,788,-1,788,787,789,-1,788,789,790,-1,790,789,791,-1,790,791,792,-1,792,791,793,-1,792,793,794,-1,794,793,795,-1,794,795,796,-1,796,795,797,-1,797,798,796,-1,796,798,799,-1,800,796,801,-1,801,796,799,-1,801,799,802,-1,802,799,803,-1,800,801,804,-1,804,801,805,-1,806,804,807,-1,807,804,805,-1,808,807,809,-1,809,807,805,-1,809,805,810,-1,810,805,811,-1,808,809,798,-1,798,809,799,-1,812,813,814,-1,814,813,815,-1,816,817,818,-1,818,817,819,-1,818,819,820,-1,820,819,821,-1,820,821,822,-1,822,821,823,-1,822,823,824,-1,824,823,825,-1,824,825,826,-1,826,825,827,-1,826,827,828,-1,828,827,829,-1,828,829,830,-1,830,829,831,-1,830,831,832,-1,832,831,833,-1,832,833,834,-1,834,833,835,-1,834,835,836,-1,836,835,837,-1,836,837,838,-1,838,837,839,-1,838,839,840,-1,840,839,841,-1,840,841,842,-1,842,841,843,-1,842,843,844,-1,844,843,845,-1,844,845,846,-1,846,845,847,-1,846,847,848,-1,848,847,849,-1,848,849,112,-1,112,849,105,-1,112,105,111,-1,111,105,101,-1,104,105,849,-1,104,849,850,-1,850,849,847,-1,850,847,851,-1,851,847,845,-1,851,845,852,-1,852,845,843,-1,852,843,853,-1,107,103,113,-1,113,103,104,-1,113,104,854,-1,854,104,850,-1,854,850,855,-1,855,850,851,-1,855,851,856,-1,856,851,852,-1,856,852,857,-1,857,852,853,-1,857,853,858,-1,858,853,859,-1,858,859,860,-1,860,859,861,-1,860,861,862,-1,862,861,863,-1,862,863,864,-1,864,863,865,-1,864,865,866,-1,866,865,867,-1,866,867,868,-1,868,867,869,-1,868,869,870,-1,870,869,871,-1,870,871,872,-1,872,871,873,-1,872,873,874,-1,874,873,875,-1,874,875,876,-1,876,875,877,-1,876,877,878,-1,878,877,879,-1,878,879,880,-1,880,879,881,-1,880,881,882,-1,882,881,883,-1,857,842,856,-1,856,842,844,-1,856,844,855,-1,855,844,846,-1,855,846,854,-1,854,846,848,-1,854,848,113,-1,113,848,112,-1,884,885,886,-1,886,885,887,-1,886,887,888,-1,888,887,889,-1,888,889,890,-1,890,889,891,-1,890,891,892,-1,892,891,893,-1,892,893,894,-1,894,893,895,-1,894,895,896,-1,896,895,897,-1,896,897,898,-1,898,897,899,-1,898,899,900,-1,900,899,901,-1,900,901,902,-1,902,901,903,-1,902,903,904,-1,904,903,905,-1,904,905,906,-1,906,905,907,-1,906,907,908,-1,908,907,909,-1,908,909,910,-1,910,909,911,-1,910,911,912,-1,912,911,913,-1,912,913,914,-1,914,913,915,-1,914,915,916,-1,916,915,917,-1,916,917,582,-1,582,917,575,-1,582,575,581,-1,581,575,571,-1,574,575,917,-1,574,917,918,-1,918,917,915,-1,918,915,919,-1,919,915,913,-1,919,913,920,-1,920,913,911,-1,920,911,921,-1,577,573,583,-1,583,573,574,-1,583,574,922,-1,922,574,918,-1,922,918,923,-1,923,918,919,-1,923,919,924,-1,924,919,920,-1,924,920,925,-1,925,920,921,-1,925,921,926,-1,926,921,927,-1,926,927,928,-1,928,927,929,-1,928,929,930,-1,930,929,931,-1,930,931,932,-1,932,931,933,-1,932,933,934,-1,934,933,935,-1,934,935,936,-1,936,935,937,-1,936,937,938,-1,938,937,939,-1,938,939,940,-1,940,939,941,-1,940,941,942,-1,942,941,943,-1,942,943,944,-1,944,943,945,-1,944,945,946,-1,946,945,947,-1,946,947,948,-1,948,947,949,-1,948,949,950,-1,950,949,951,-1,925,910,924,-1,924,910,912,-1,924,912,923,-1,923,912,914,-1,923,914,922,-1,922,914,916,-1,922,916,583,-1,583,916,582,-1,952,953,954,-1,954,953,955,-1,954,955,956,-1,956,955,957,-1,956,957,958,-1,958,957,959,-1,958,959,960,-1,960,959,961,-1,960,961,962,-1,962,961,963,-1,962,963,964,-1,964,963,965,-1,964,965,966,-1,966,965,967,-1,966,967,968,-1,968,967,969,-1,968,969,970,-1,970,969,971,-1,970,971,972,-1,972,971,973,-1,972,973,974,-1,974,973,975,-1,974,975,976,-1,976,975,977,-1,976,977,978,-1,978,977,979,-1,978,979,980,-1,980,979,981,-1,980,981,982,-1,982,981,983,-1,982,983,984,-1,984,983,985,-1,984,985,620,-1,620,985,613,-1,620,613,619,-1,619,613,609,-1,612,613,985,-1,612,985,986,-1,986,985,983,-1,986,983,987,-1,987,983,981,-1,987,981,988,-1,988,981,979,-1,988,979,989,-1,615,611,621,-1,621,611,612,-1,621,612,990,-1,990,612,986,-1,990,986,991,-1,991,986,987,-1,991,987,992,-1,992,987,988,-1,992,988,993,-1,993,988,989,-1,993,989,994,-1,994,989,995,-1,994,995,996,-1,996,995,997,-1,996,997,998,-1,998,997,999,-1,998,999,1000,-1,1000,999,1001,-1,1000,1001,1002,-1,1002,1001,1003,-1,1002,1003,1004,-1,1004,1003,1005,-1,1004,1005,1006,-1,1006,1005,1007,-1,1006,1007,1008,-1,1008,1007,1009,-1,1008,1009,1010,-1,1010,1009,1011,-1,1010,1011,1012,-1,1012,1011,1013,-1,1012,1013,1014,-1,1014,1013,1015,-1,1014,1015,1016,-1,1016,1015,1017,-1,1016,1017,1018,-1,1018,1017,1019,-1,993,978,992,-1,992,978,980,-1,992,980,991,-1,991,980,982,-1,991,982,990,-1,990,982,984,-1,990,984,621,-1,621,984,620,-1,1020,1021,1022,-1,1022,1021,1023,-1,1022,1023,1024,-1,1024,1023,1025,-1,1024,1025,1026,-1,1026,1025,1027,-1,1026,1027,1028,-1,1028,1027,1029,-1,1028,1029,1030,-1,1030,1029,1031,-1,1030,1031,1032,-1,1032,1031,1033,-1,1032,1033,1034,-1,1034,1033,1035,-1,1034,1035,1036,-1,1036,1035,1037,-1,1036,1037,1038,-1,1038,1037,1039,-1,1038,1039,1040,-1,1040,1039,1041,-1,1040,1041,1042,-1,1042,1041,1043,-1,1042,1043,1044,-1,1044,1043,1045,-1,1044,1045,1046,-1,1046,1045,1047,-1,1046,1047,1048,-1,1048,1047,1049,-1,1048,1049,1050,-1,1050,1049,1051,-1,1050,1051,1052,-1,1052,1051,1053,-1,1052,1053,658,-1,658,1053,651,-1,658,651,657,-1,657,651,647,-1,650,651,1053,-1,650,1053,1054,-1,1054,1053,1051,-1,1054,1051,1055,-1,1055,1051,1049,-1,1055,1049,1056,-1,1056,1049,1047,-1,1056,1047,1057,-1,653,649,659,-1,659,649,650,-1,659,650,1058,-1,1058,650,1054,-1,1058,1054,1059,-1,1059,1054,1055,-1,1059,1055,1060,-1,1060,1055,1056,-1,1060,1056,1061,-1,1061,1056,1057,-1,1061,1057,1062,-1,1062,1057,1063,-1,1062,1063,1064,-1,1064,1063,1065,-1,1064,1065,1066,-1,1066,1065,1067,-1,1066,1067,1068,-1,1068,1067,1069,-1,1068,1069,1070,-1,1070,1069,1071,-1,1070,1071,1072,-1,1072,1071,1073,-1,1072,1073,1074,-1,1074,1073,1075,-1,1074,1075,1076,-1,1076,1075,1077,-1,1076,1077,1078,-1,1078,1077,1079,-1,1078,1079,1080,-1,1080,1079,1081,-1,1080,1081,1082,-1,1082,1081,1083,-1,1082,1083,1084,-1,1084,1083,1085,-1,1084,1085,1086,-1,1086,1085,1087,-1,1061,1046,1060,-1,1060,1046,1048,-1,1060,1048,1059,-1,1059,1048,1050,-1,1059,1050,1058,-1,1058,1050,1052,-1,1058,1052,659,-1,659,1052,658,-1,1088,1089,1090,-1,1090,1089,1091,-1,1090,1091,1092,-1,1092,1091,1093,-1,1092,1093,1094,-1,1094,1093,1095,-1,1094,1095,1096,-1,1096,1095,1097,-1,1096,1097,1098,-1,1098,1097,1099,-1,1098,1099,1100,-1,1100,1099,1101,-1,1100,1101,1102,-1,1102,1101,1103,-1,1102,1103,1104,-1,1104,1103,1105,-1,1104,1105,1106,-1,1106,1105,1107,-1,1106,1107,1108,-1,1108,1107,1109,-1,1108,1109,1110,-1,1110,1109,1111,-1,1110,1111,1112,-1,1112,1111,1113,-1,1112,1113,1114,-1,1114,1113,1115,-1,1114,1115,1116,-1,1116,1115,1117,-1,1116,1117,1118,-1,1118,1117,1119,-1,1118,1119,1120,-1,1120,1119,1121,-1,1120,1121,696,-1,696,1121,689,-1,696,689,695,-1,695,689,685,-1,688,689,1121,-1,688,1121,1122,-1,1122,1121,1119,-1,1122,1119,1123,-1,1123,1119,1117,-1,1123,1117,1124,-1,1124,1117,1115,-1,1124,1115,1125,-1,691,687,697,-1,697,687,688,-1,697,688,1126,-1,1126,688,1122,-1,1126,1122,1127,-1,1127,1122,1123,-1,1127,1123,1128,-1,1128,1123,1124,-1,1128,1124,1129,-1,1129,1124,1125,-1,1129,1125,1130,-1,1130,1125,1131,-1,1130,1131,1132,-1,1132,1131,1133,-1,1132,1133,1134,-1,1134,1133,1135,-1,1134,1135,1136,-1,1136,1135,1137,-1,1136,1137,1138,-1,1138,1137,1139,-1,1138,1139,1140,-1,1140,1139,1141,-1,1140,1141,1142,-1,1142,1141,1143,-1,1142,1143,1144,-1,1144,1143,1145,-1,1144,1145,1146,-1,1146,1145,1147,-1,1146,1147,1148,-1,1148,1147,1149,-1,1148,1149,1150,-1,1150,1149,1151,-1,1150,1151,1152,-1,1152,1151,1153,-1,1152,1153,1154,-1,1154,1153,1155,-1,1129,1114,1128,-1,1128,1114,1116,-1,1128,1116,1127,-1,1127,1116,1118,-1,1127,1118,1126,-1,1126,1118,1120,-1,1126,1120,697,-1,697,1120,696,-1,1156,1157,1158,-1,1158,1157,1159,-1,1158,1159,1160,-1,1160,1159,1161,-1,1160,1161,1162,-1,1162,1161,1163,-1,1162,1163,1164,-1,1164,1163,1165,-1,1164,1165,1166,-1,1166,1165,1167,-1,1166,1167,1168,-1,1168,1167,1169,-1,1168,1169,1170,-1,1170,1169,1171,-1,1170,1171,1172,-1,1172,1171,1173,-1,1172,1173,1174,-1,1174,1173,1175,-1,1174,1175,1176,-1,1176,1175,1177,-1,1176,1177,1178,-1,1178,1177,1179,-1,1178,1179,1180,-1,1180,1179,1181,-1,1180,1181,1182,-1,1182,1181,1183,-1,1182,1183,1184,-1,1184,1183,1185,-1,1184,1185,1186,-1,1186,1185,1187,-1,1186,1187,1188,-1,1188,1187,1189,-1,1188,1189,734,-1,734,1189,727,-1,734,727,733,-1,733,727,723,-1,726,727,1189,-1,726,1189,1190,-1,1190,1189,1187,-1,1190,1187,1191,-1,1191,1187,1185,-1,1191,1185,1192,-1,1192,1185,1183,-1,1192,1183,1193,-1,729,725,735,-1,735,725,726,-1,735,726,1194,-1,1194,726,1190,-1,1194,1190,1195,-1,1195,1190,1191,-1,1195,1191,1196,-1,1196,1191,1192,-1,1196,1192,1197,-1,1197,1192,1193,-1,1197,1193,1198,-1,1198,1193,1199,-1,1198,1199,1200,-1,1200,1199,1201,-1,1200,1201,1202,-1,1202,1201,1203,-1,1202,1203,1204,-1,1204,1203,1205,-1,1204,1205,1206,-1,1206,1205,1207,-1,1206,1207,1208,-1,1208,1207,1209,-1,1208,1209,1210,-1,1210,1209,1211,-1,1210,1211,1212,-1,1212,1211,1213,-1,1212,1213,1214,-1,1214,1213,1215,-1,1214,1215,1216,-1,1216,1215,1217,-1,1216,1217,1218,-1,1218,1217,1219,-1,1218,1219,1220,-1,1220,1219,1221,-1,1220,1221,1222,-1,1222,1221,1223,-1,1197,1182,1196,-1,1196,1182,1184,-1,1196,1184,1195,-1,1195,1184,1186,-1,1195,1186,1194,-1,1194,1186,1188,-1,1194,1188,735,-1,735,1188,734,-1,1224,1225,1226,-1,1226,1225,1227,-1,1226,1227,1228,-1,1228,1227,1229,-1,1228,1229,1230,-1,1230,1229,1231,-1,1230,1231,1232,-1,1232,1231,1233,-1,1232,1233,1234,-1,1234,1233,1235,-1,1234,1235,1236,-1,1236,1235,1237,-1,1236,1237,1238,-1,1238,1237,1239,-1,1238,1239,1240,-1,1240,1239,1241,-1,1240,1241,1242,-1,1242,1241,1243,-1,1242,1243,1244,-1,1244,1243,1245,-1,1244,1245,1246,-1,1246,1245,1247,-1,1246,1247,1248,-1,1248,1247,1249,-1,1248,1249,1250,-1,1250,1249,1251,-1,1250,1251,1252,-1,1252,1251,1253,-1,1252,1253,1254,-1,1254,1253,1255,-1,1254,1255,1256,-1,1256,1255,1257,-1,1256,1257,772,-1,772,1257,765,-1,772,765,771,-1,771,765,761,-1,764,765,1257,-1,764,1257,1258,-1,1258,1257,1255,-1,1258,1255,1259,-1,1259,1255,1253,-1,1259,1253,1260,-1,1260,1253,1251,-1,1260,1251,1261,-1,767,763,773,-1,773,763,764,-1,773,764,1262,-1,1262,764,1258,-1,1262,1258,1263,-1,1263,1258,1259,-1,1263,1259,1264,-1,1264,1259,1260,-1,1264,1260,1265,-1,1265,1260,1261,-1,1265,1261,1266,-1,1266,1261,1267,-1,1266,1267,1268,-1,1268,1267,1269,-1,1268,1269,1270,-1,1270,1269,1271,-1,1270,1271,1272,-1,1272,1271,1273,-1,1272,1273,1274,-1,1274,1273,1275,-1,1274,1275,1276,-1,1276,1275,1277,-1,1276,1277,1278,-1,1278,1277,1279,-1,1278,1279,1280,-1,1280,1279,1281,-1,1280,1281,1282,-1,1282,1281,1283,-1,1282,1283,1284,-1,1284,1283,1285,-1,1284,1285,1286,-1,1286,1285,1287,-1,1286,1287,1288,-1,1288,1287,1289,-1,1288,1289,1290,-1,1290,1289,1291,-1,1265,1250,1264,-1,1264,1250,1252,-1,1264,1252,1263,-1,1263,1252,1254,-1,1263,1254,1262,-1,1262,1254,1256,-1,1262,1256,773,-1,773,1256,772,-1,1292,1293,1294,-1,1294,1293,1295,-1,1294,1295,1296,-1,1296,1295,1297,-1,1296,1297,1298,-1,1298,1297,1299,-1,1298,1299,1300,-1,1300,1299,1301,-1,1300,1301,1302,-1,1302,1301,1303,-1,1302,1303,1304,-1,1304,1303,1305,-1,1304,1305,1306,-1,1306,1305,1307,-1,1306,1307,1308,-1,1308,1307,1309,-1,1308,1309,1310,-1,1310,1309,1311,-1,1310,1311,1312,-1,1312,1311,1313,-1,1312,1313,1314,-1,1314,1313,1315,-1,1314,1315,1316,-1,1316,1315,1317,-1,1316,1317,1318,-1,1318,1317,1319,-1,1318,1319,1320,-1,1320,1319,1321,-1,1320,1321,1322,-1,1322,1321,1323,-1,1322,1323,1324,-1,1324,1323,1325,-1,1324,1325,810,-1,810,1325,803,-1,810,803,809,-1,809,803,799,-1,802,803,1325,-1,802,1325,1326,-1,1326,1325,1323,-1,1326,1323,1327,-1,1327,1323,1321,-1,1327,1321,1328,-1,1328,1321,1319,-1,1328,1319,1329,-1,805,801,811,-1,811,801,802,-1,811,802,1330,-1,1330,802,1326,-1,1330,1326,1331,-1,1331,1326,1327,-1,1331,1327,1332,-1,1332,1327,1328,-1,1332,1328,1333,-1,1333,1328,1329,-1,1333,1329,1334,-1,1334,1329,1335,-1,1334,1335,1336,-1,1336,1335,1337,-1,1336,1337,1338,-1,1338,1337,1339,-1,1338,1339,1340,-1,1340,1339,1341,-1,1340,1341,1342,-1,1342,1341,1343,-1,1342,1343,1344,-1,1344,1343,1345,-1,1344,1345,1346,-1,1346,1345,1347,-1,1346,1347,1348,-1,1348,1347,1349,-1,1348,1349,1350,-1,1350,1349,1351,-1,1350,1351,1352,-1,1352,1351,1353,-1,1352,1353,1354,-1,1354,1353,1355,-1,1354,1355,1356,-1,1356,1355,1357,-1,1356,1357,1358,-1,1358,1357,1359,-1,1333,1318,1332,-1,1332,1318,1320,-1,1332,1320,1331,-1,1331,1320,1322,-1,1331,1322,1330,-1,1330,1322,1324,-1,1330,1324,811,-1,811,1324,810,-1,817,1360,1361,-1,1362,1363,883,-1,881,819,883,-1,883,819,817,-1,883,817,1362,-1,1362,817,1361,-1,871,829,873,-1,873,829,827,-1,873,827,875,-1,875,827,825,-1,875,825,877,-1,877,825,823,-1,877,823,879,-1,879,823,821,-1,879,821,881,-1,881,821,819,-1,869,831,871,-1,871,831,829,-1,859,841,861,-1,861,841,839,-1,861,839,863,-1,863,839,837,-1,863,837,865,-1,865,837,835,-1,865,835,867,-1,867,835,833,-1,867,833,869,-1,869,833,831,-1,853,843,859,-1,859,843,841,-1,858,840,857,-1,857,840,842,-1,868,830,832,-1,868,832,866,-1,866,832,834,-1,866,834,864,-1,864,834,836,-1,864,836,862,-1,862,836,838,-1,862,838,860,-1,860,838,840,-1,860,840,858,-1,870,828,868,-1,868,828,830,-1,880,818,820,-1,880,820,878,-1,878,820,822,-1,878,822,876,-1,876,822,824,-1,876,824,874,-1,874,824,826,-1,874,826,872,-1,872,826,828,-1,872,828,870,-1,882,1364,1365,-1,1366,1367,816,-1,818,880,816,-1,816,880,882,-1,816,882,1366,-1,1366,882,1365,-1,1360,817,1367,-1,1367,817,816,-1,1364,882,1363,-1,1363,882,883,-1,885,1368,1369,-1,1370,1371,951,-1,949,887,951,-1,951,887,885,-1,951,885,1370,-1,1370,885,1369,-1,939,897,941,-1,941,897,895,-1,941,895,943,-1,943,895,893,-1,943,893,945,-1,945,893,891,-1,945,891,947,-1,947,891,889,-1,947,889,949,-1,949,889,887,-1,937,899,939,-1,939,899,897,-1,927,909,929,-1,929,909,907,-1,929,907,931,-1,931,907,905,-1,931,905,933,-1,933,905,903,-1,933,903,935,-1,935,903,901,-1,935,901,937,-1,937,901,899,-1,921,911,927,-1,927,911,909,-1,926,908,925,-1,925,908,910,-1,936,898,900,-1,936,900,934,-1,934,900,902,-1,934,902,932,-1,932,902,904,-1,932,904,930,-1,930,904,906,-1,930,906,928,-1,928,906,908,-1,928,908,926,-1,938,896,936,-1,936,896,898,-1,948,886,888,-1,948,888,946,-1,946,888,890,-1,946,890,944,-1,944,890,892,-1,944,892,942,-1,942,892,894,-1,942,894,940,-1,940,894,896,-1,940,896,938,-1,950,1372,1373,-1,1374,1375,884,-1,886,948,884,-1,884,948,950,-1,884,950,1374,-1,1374,950,1373,-1,1375,1368,884,-1,884,1368,885,-1,950,951,1372,-1,1372,951,1371,-1,953,1376,1377,-1,1378,1379,1019,-1,1017,955,1019,-1,1019,955,953,-1,1019,953,1378,-1,1378,953,1377,-1,1007,965,1009,-1,1009,965,963,-1,1009,963,1011,-1,1011,963,961,-1,1011,961,1013,-1,1013,961,959,-1,1013,959,1015,-1,1015,959,957,-1,1015,957,1017,-1,1017,957,955,-1,1005,967,1007,-1,1007,967,965,-1,995,977,997,-1,997,977,975,-1,997,975,999,-1,999,975,973,-1,999,973,1001,-1,1001,973,971,-1,1001,971,1003,-1,1003,971,969,-1,1003,969,1005,-1,1005,969,967,-1,989,979,995,-1,995,979,977,-1,994,976,993,-1,993,976,978,-1,1004,966,968,-1,1004,968,1002,-1,1002,968,970,-1,1002,970,1000,-1,1000,970,972,-1,1000,972,998,-1,998,972,974,-1,998,974,996,-1,996,974,976,-1,996,976,994,-1,1006,964,1004,-1,1004,964,966,-1,1016,954,956,-1,1016,956,1014,-1,1014,956,958,-1,1014,958,1012,-1,1012,958,960,-1,1012,960,1010,-1,1010,960,962,-1,1010,962,1008,-1,1008,962,964,-1,1008,964,1006,-1,1018,1380,1381,-1,1382,1383,952,-1,954,1016,952,-1,952,1016,1018,-1,952,1018,1382,-1,1382,1018,1381,-1,1383,1376,952,-1,952,1376,953,-1,1018,1019,1380,-1,1380,1019,1379,-1,1021,1384,1385,-1,1386,1387,1087,-1,1085,1023,1087,-1,1087,1023,1021,-1,1087,1021,1386,-1,1386,1021,1385,-1,1075,1033,1077,-1,1077,1033,1031,-1,1077,1031,1079,-1,1079,1031,1029,-1,1079,1029,1081,-1,1081,1029,1027,-1,1081,1027,1083,-1,1083,1027,1025,-1,1083,1025,1085,-1,1085,1025,1023,-1,1073,1035,1075,-1,1075,1035,1033,-1,1063,1045,1065,-1,1065,1045,1043,-1,1065,1043,1067,-1,1067,1043,1041,-1,1067,1041,1069,-1,1069,1041,1039,-1,1069,1039,1071,-1,1071,1039,1037,-1,1071,1037,1073,-1,1073,1037,1035,-1,1057,1047,1063,-1,1063,1047,1045,-1,1062,1044,1061,-1,1061,1044,1046,-1,1072,1034,1036,-1,1072,1036,1070,-1,1070,1036,1038,-1,1070,1038,1068,-1,1068,1038,1040,-1,1068,1040,1066,-1,1066,1040,1042,-1,1066,1042,1064,-1,1064,1042,1044,-1,1064,1044,1062,-1,1074,1032,1072,-1,1072,1032,1034,-1,1084,1022,1024,-1,1084,1024,1082,-1,1082,1024,1026,-1,1082,1026,1080,-1,1080,1026,1028,-1,1080,1028,1078,-1,1078,1028,1030,-1,1078,1030,1076,-1,1076,1030,1032,-1,1076,1032,1074,-1,1086,1388,1389,-1,1390,1391,1020,-1,1022,1084,1020,-1,1020,1084,1086,-1,1020,1086,1390,-1,1390,1086,1389,-1,1391,1384,1020,-1,1020,1384,1021,-1,1086,1087,1388,-1,1388,1087,1387,-1,1089,1392,1393,-1,1394,1395,1155,-1,1153,1091,1155,-1,1155,1091,1089,-1,1155,1089,1394,-1,1394,1089,1393,-1,1143,1101,1145,-1,1145,1101,1099,-1,1145,1099,1147,-1,1147,1099,1097,-1,1147,1097,1149,-1,1149,1097,1095,-1,1149,1095,1151,-1,1151,1095,1093,-1,1151,1093,1153,-1,1153,1093,1091,-1,1141,1103,1143,-1,1143,1103,1101,-1,1131,1113,1133,-1,1133,1113,1111,-1,1133,1111,1135,-1,1135,1111,1109,-1,1135,1109,1137,-1,1137,1109,1107,-1,1137,1107,1139,-1,1139,1107,1105,-1,1139,1105,1141,-1,1141,1105,1103,-1,1125,1115,1131,-1,1131,1115,1113,-1,1130,1112,1129,-1,1129,1112,1114,-1,1140,1102,1104,-1,1140,1104,1138,-1,1138,1104,1106,-1,1138,1106,1136,-1,1136,1106,1108,-1,1136,1108,1134,-1,1134,1108,1110,-1,1134,1110,1132,-1,1132,1110,1112,-1,1132,1112,1130,-1,1142,1100,1140,-1,1140,1100,1102,-1,1152,1090,1092,-1,1152,1092,1150,-1,1150,1092,1094,-1,1150,1094,1148,-1,1148,1094,1096,-1,1148,1096,1146,-1,1146,1096,1098,-1,1146,1098,1144,-1,1144,1098,1100,-1,1144,1100,1142,-1,1154,1396,1397,-1,1398,1399,1088,-1,1090,1152,1088,-1,1088,1152,1154,-1,1088,1154,1398,-1,1398,1154,1397,-1,1399,1392,1088,-1,1088,1392,1089,-1,1154,1155,1396,-1,1396,1155,1395,-1,1157,1400,1401,-1,1402,1403,1223,-1,1221,1159,1223,-1,1223,1159,1157,-1,1223,1157,1402,-1,1402,1157,1401,-1,1211,1169,1213,-1,1213,1169,1167,-1,1213,1167,1215,-1,1215,1167,1165,-1,1215,1165,1217,-1,1217,1165,1163,-1,1217,1163,1219,-1,1219,1163,1161,-1,1219,1161,1221,-1,1221,1161,1159,-1,1209,1171,1211,-1,1211,1171,1169,-1,1199,1181,1201,-1,1201,1181,1179,-1,1201,1179,1203,-1,1203,1179,1177,-1,1203,1177,1205,-1,1205,1177,1175,-1,1205,1175,1207,-1,1207,1175,1173,-1,1207,1173,1209,-1,1209,1173,1171,-1,1193,1183,1199,-1,1199,1183,1181,-1,1198,1180,1197,-1,1197,1180,1182,-1,1208,1170,1172,-1,1208,1172,1206,-1,1206,1172,1174,-1,1206,1174,1204,-1,1204,1174,1176,-1,1204,1176,1202,-1,1202,1176,1178,-1,1202,1178,1200,-1,1200,1178,1180,-1,1200,1180,1198,-1,1210,1168,1208,-1,1208,1168,1170,-1,1220,1158,1160,-1,1220,1160,1218,-1,1218,1160,1162,-1,1218,1162,1216,-1,1216,1162,1164,-1,1216,1164,1214,-1,1214,1164,1166,-1,1214,1166,1212,-1,1212,1166,1168,-1,1212,1168,1210,-1,1222,1404,1405,-1,1406,1407,1156,-1,1158,1220,1156,-1,1156,1220,1222,-1,1156,1222,1406,-1,1406,1222,1405,-1,1407,1400,1156,-1,1156,1400,1157,-1,1222,1223,1404,-1,1404,1223,1403,-1,1225,1408,1409,-1,1410,1411,1291,-1,1289,1227,1291,-1,1291,1227,1225,-1,1291,1225,1410,-1,1410,1225,1409,-1,1279,1237,1281,-1,1281,1237,1235,-1,1281,1235,1283,-1,1283,1235,1233,-1,1283,1233,1285,-1,1285,1233,1231,-1,1285,1231,1287,-1,1287,1231,1229,-1,1287,1229,1289,-1,1289,1229,1227,-1,1277,1239,1279,-1,1279,1239,1237,-1,1267,1249,1269,-1,1269,1249,1247,-1,1269,1247,1271,-1,1271,1247,1245,-1,1271,1245,1273,-1,1273,1245,1243,-1,1273,1243,1275,-1,1275,1243,1241,-1,1275,1241,1277,-1,1277,1241,1239,-1,1261,1251,1267,-1,1267,1251,1249,-1,1266,1248,1265,-1,1265,1248,1250,-1,1276,1238,1240,-1,1276,1240,1274,-1,1274,1240,1242,-1,1274,1242,1272,-1,1272,1242,1244,-1,1272,1244,1270,-1,1270,1244,1246,-1,1270,1246,1268,-1,1268,1246,1248,-1,1268,1248,1266,-1,1278,1236,1276,-1,1276,1236,1238,-1,1288,1226,1228,-1,1288,1228,1286,-1,1286,1228,1230,-1,1286,1230,1284,-1,1284,1230,1232,-1,1284,1232,1282,-1,1282,1232,1234,-1,1282,1234,1280,-1,1280,1234,1236,-1,1280,1236,1278,-1,1290,1412,1413,-1,1414,1415,1224,-1,1226,1288,1224,-1,1224,1288,1290,-1,1224,1290,1414,-1,1414,1290,1413,-1,1415,1408,1224,-1,1224,1408,1225,-1,1290,1291,1412,-1,1412,1291,1411,-1,1293,1416,1417,-1,1418,1419,1359,-1,1357,1295,1359,-1,1359,1295,1293,-1,1359,1293,1418,-1,1418,1293,1417,-1,1347,1305,1349,-1,1349,1305,1303,-1,1349,1303,1351,-1,1351,1303,1301,-1,1351,1301,1353,-1,1353,1301,1299,-1,1353,1299,1355,-1,1355,1299,1297,-1,1355,1297,1357,-1,1357,1297,1295,-1,1345,1307,1347,-1,1347,1307,1305,-1,1335,1317,1337,-1,1337,1317,1315,-1,1337,1315,1339,-1,1339,1315,1313,-1,1339,1313,1341,-1,1341,1313,1311,-1,1341,1311,1343,-1,1343,1311,1309,-1,1343,1309,1345,-1,1345,1309,1307,-1,1329,1319,1335,-1,1335,1319,1317,-1,1334,1316,1333,-1,1333,1316,1318,-1,1344,1306,1308,-1,1344,1308,1342,-1,1342,1308,1310,-1,1342,1310,1340,-1,1340,1310,1312,-1,1340,1312,1338,-1,1338,1312,1314,-1,1338,1314,1336,-1,1336,1314,1316,-1,1336,1316,1334,-1,1346,1304,1344,-1,1344,1304,1306,-1,1356,1294,1296,-1,1356,1296,1354,-1,1354,1296,1298,-1,1354,1298,1352,-1,1352,1298,1300,-1,1352,1300,1350,-1,1350,1300,1302,-1,1350,1302,1348,-1,1348,1302,1304,-1,1348,1304,1346,-1,1358,1420,1421,-1,1422,1423,1292,-1,1294,1356,1292,-1,1292,1356,1358,-1,1292,1358,1422,-1,1422,1358,1421,-1,1423,1416,1292,-1,1292,1416,1293,-1,1358,1359,1420,-1,1420,1359,1419,-1,1366,1361,1367,-1,1367,1361,1360,-1,1362,1361,1365,-1,1365,1361,1366,-1,1364,1363,1365,-1,1365,1363,1362,-1,1374,1369,1375,-1,1375,1369,1368,-1,1370,1369,1373,-1,1373,1369,1374,-1,1372,1371,1373,-1,1373,1371,1370,-1,1382,1377,1383,-1,1383,1377,1376,-1,1378,1377,1381,-1,1381,1377,1382,-1,1380,1379,1381,-1,1381,1379,1378,-1,1390,1385,1391,-1,1391,1385,1384,-1,1386,1385,1389,-1,1389,1385,1390,-1,1388,1387,1389,-1,1389,1387,1386,-1,1398,1393,1399,-1,1399,1393,1392,-1,1394,1393,1397,-1,1397,1393,1398,-1,1396,1395,1397,-1,1397,1395,1394,-1,1406,1401,1407,-1,1407,1401,1400,-1,1402,1401,1405,-1,1405,1401,1406,-1,1404,1403,1405,-1,1405,1403,1402,-1,1414,1409,1415,-1,1415,1409,1408,-1,1410,1409,1413,-1,1413,1409,1414,-1,1412,1411,1413,-1,1413,1411,1410,-1,1422,1417,1423,-1,1423,1417,1416,-1,1418,1417,1421,-1,1421,1417,1422,-1,1420,1419,1421,-1,1421,1419,1418,-1,
        ]
    }
}
Shape{
    appearance Appearance {
        material  Material 	{
            diffuseColor 0.25098039215686274 0.25098039215686274 0.25098039215686274
            specularColor 0.12549019607843137 0.12549019607843137 0.12549019607843137
            ambientIntensity 0.251
            transparency 0.0
            shininess 0.5
        }
    }
    geometry IndexedFaceSet {
        ccw TRUE
        solid FALSE
        coord DEF co Coordinate {
            point [
                -2.2598 -0.9055 0.7283, -2.2598 -0.7087 0.7283, -2.2598 -0.9055 0.4134, -2.2598 -0.689 0.7087, -2.2598 -0.5118 0.4528, -2.2598 -0.5512 0.4134, -2.2598 -0.5118 0.6693, -2.2598 -0.5512 0.7087, 2.2205 -0.7087 0.7283, 2.2205 -0.9055 0.7283, 2.2205 -0.689 0.7087, 2.2205 -0.9055 0.4134, 2.2205 -0.5118 0.6693, 2.2205 -0.5512 0.7087, 2.2205 -0.5118 0.4528, 2.2205 -0.5512 0.4134, -1.8504 0.9051 0.1299, -1.8504 0.9051 0.7283, -1.8504 0.9055 0.1299, -1.8504 0.9055 0.7283, -2.0472 0.9051 0.7283, -1.9567 0.9051 0.1299, -1.9567 0.9051 0.0827, -2.1181 0.9051 0.0827, -2.1732 0.9051 0.1378, -2.1732 0.9051 0.9843, -2.0472 0.9051 1.0433, -2.1142 0.9051 1.0433
            ]
        }
        coordIndex [
            0,1,2,-1,2,1,3,-1,4,5,6,-1,6,5,2,-1,6,2,7,-1,7,2,3,-1,8,9,10,-1,10,9,11,-1,12,13,14,-1,14,13,10,-1,14,10,15,-1,15,10,11,-1,16,17,18,-1,18,17,19,-1,17,16,20,-1,20,16,21,-1,22,23,21,-1,21,23,24,-1,21,24,20,-1,20,24,25,-1,20,25,26,-1,26,25,27,-1,
        ]
    }
}
Shape{
    appearance Appearance {
        material  Material 	{
            diffuseColor 0.0 0.0 0.0
            specularColor 0.0 0.0 0.0
            ambientIntensity 0.0
            transparency 0.0
            shininess 0.5
        }
    }
    geometry IndexedFaceSet {
        ccw TRUE
        solid FALSE
        coord DEF co Coordinate {
            point [
                0.1161 -0.4763 1.126, 0.1161 -0.4854 1.126, 0.1161 -0.4763 1.122, 0.1161 -0.4854 1.122, 0.0842 -0.4763 1.126, 0.0842 -0.4763 1.122, 0.0842 -0.4054 1.126, 0.0842 -0.4054 1.122, 0.0739 -0.4054 1.126, 0.0739 -0.4054 1.122, 0.0739 -0.4854 1.126, 0.0739 -0.4854 1.122, 0.1794 -0.4821 1.122, 0.1794 -0.4821 1.126, 0.178 -0.4828 1.126, 0.1572 -0.4868 1.126, 0.1572 -0.4868 1.122, 0.1694 -0.4856 1.122, 0.1694 -0.4856 1.126, 0.1759 -0.4835 1.122, 0.178 -0.4828 1.122, 0.1794 -0.4722 1.126, 0.1794 -0.4722 1.122, 0.1759 -0.4737 1.122, 0.1715 -0.4757 1.126, 0.1715 -0.4757 1.122, 0.1624 -0.4774 1.122, 0.1624 -0.4774 1.126, 0.1587 -0.4776 1.122, 0.1587 -0.4776 1.126, 0.1515 -0.4768 1.122, 0.1515 -0.4768 1.126, 0.1457 -0.4748 1.122, 0.1457 -0.4748 1.126, 0.1403 -0.4712 1.122, 0.1403 -0.4712 1.126, 0.1381 -0.4691 1.122, 0.1381 -0.4691 1.126, 0.1344 -0.464 1.122, 0.1344 -0.464 1.126, 0.1317 -0.4576 1.122, 0.1317 -0.4576 1.126, 0.1304 -0.4497 1.122, 0.1304 -0.4497 1.126, 0.1302 -0.4463 1.122, 0.1302 -0.4463 1.126, 0.1316 -0.4353 1.122, 0.1316 -0.4353 1.126, 0.1342 -0.4284 1.122, 0.1342 -0.4284 1.126, 0.1381 -0.4228 1.122, 0.1381 -0.4228 1.126, 0.1387 -0.4222 1.122, 0.1387 -0.4222 1.126, 0.1437 -0.418 1.122, 0.1437 -0.418 1.126, 0.15 -0.415 1.122, 0.15 -0.415 1.126, 0.1569 -0.4135 1.122, 0.1569 -0.4135 1.126, 0.1605 -0.4133 1.122, 0.1605 -0.4133 1.126, 0.1703 -0.4145 1.122, 0.1759 -0.4166 1.122, 0.1785 -0.4176 1.126, 0.1703 -0.4145 1.126, 0.1785 -0.4176 1.122, 0.1794 -0.4181 1.122, 0.1794 -0.4181 1.126, 0.1794 -0.4073 1.126, 0.1794 -0.4073 1.122, 0.1759 -0.4063 1.122, 0.1709 -0.4048 1.126, 0.1604 -0.404 1.122, 0.1604 -0.404 1.126, 0.169 -0.4047 1.122, 0.1709 -0.4048 1.122, 0.1548 -0.4047 1.122, 0.1488 -0.4054 1.126, 0.1488 -0.4054 1.122, 0.1405 -0.4086 1.122, 0.1405 -0.4086 1.126, 0.133 -0.4139 1.122, 0.133 -0.4139 1.126, 0.131 -0.4158 1.122, 0.131 -0.4158 1.126, 0.1252 -0.4234 1.122, 0.123 -0.4285 1.122, 0.1214 -0.4323 1.126, 0.1252 -0.4234 1.126, 0.1214 -0.4323 1.122, 0.1195 -0.4427 1.122, 0.1195 -0.4427 1.126, 0.1194 -0.4469 1.122, 0.1194 -0.4469 1.126, 0.121 -0.4599 1.122, 0.123 -0.4651 1.122, 0.1242 -0.4683 1.126, 0.121 -0.4599 1.126, 0.1242 -0.4683 1.122, 0.129 -0.4751 1.122, 0.129 -0.4751 1.126, 0.1297 -0.4758 1.122, 0.1297 -0.4758 1.126, 0.1351 -0.4806 1.122, 0.1351 -0.4806 1.126, 0.1425 -0.4844 1.122, 0.1425 -0.4844 1.126, 0.151 -0.4864 1.122, 0.151 -0.4864 1.126, 0.2384 -0.4763 1.126, 0.2384 -0.4854 1.126, 0.2384 -0.4763 1.122, 0.2384 -0.4854 1.122, 0.2057 -0.4763 1.122, 0.2057 -0.4763 1.126, 0.2273 -0.4763 1.122, 0.2057 -0.4494 1.126, 0.2057 -0.4494 1.122, 0.2343 -0.4494 1.126, 0.2273 -0.4494 1.122, 0.2343 -0.4494 1.122, 0.2343 -0.4402 1.126, 0.2343 -0.4402 1.122, 0.2057 -0.4402 1.122, 0.2057 -0.4402 1.126, 0.2273 -0.4402 1.122, 0.2057 -0.4146 1.126, 0.2057 -0.4146 1.122, 0.2366 -0.4146 1.126, 0.2273 -0.4146 1.122, 0.2366 -0.4146 1.122, 0.2366 -0.4054 1.126, 0.2366 -0.4054 1.122, 0.1954 -0.4054 1.122, 0.1954 -0.4054 1.126, 0.2273 -0.4054 1.122, 0.1954 -0.4854 1.126, 0.1954 -0.4854 1.122, 0.2273 -0.4854 1.122, 0.3067 -0.4742 1.126, 0.2984 -0.4688 1.126, 0.2983 -0.4802 1.126, 0.2932 -0.4724 1.126, 0.2891 -0.4838 1.126, 0.2866 -0.475 1.126, 0.2756 -0.4854 1.126, 0.2755 -0.4763 1.126, 0.2536 -0.4854 1.126, 0.2639 -0.4763 1.126, 0.2536 -0.4054 1.126, 0.2639 -0.4146 1.126, 0.2764 -0.4054 1.126, 0.276 -0.4146 1.126, 0.2765 -0.4146 1.126, 0.2886 -0.4067 1.126, 0.2869 -0.4158 1.126, 0.2983 -0.4102 1.126, 0.2937 -0.4185 1.126, 0.3067 -0.416 1.126, 0.2991 -0.4221 1.126, 0.3095 -0.4187 1.126, 0.3014 -0.4243 1.126, 0.3145 -0.4257 1.126, 0.3045 -0.4288 1.126, 0.3174 -0.4334 1.126, 0.3067 -0.4347 1.126, 0.3188 -0.4444 1.126, 0.3079 -0.4447 1.126, 0.3185 -0.4495 1.126, 0.3076 -0.4499 1.126, 0.3166 -0.4589 1.126, 0.306 -0.4572 1.126, 0.3126 -0.4671 1.126, 0.3032 -0.4632 1.126, 0.2993 -0.4679 1.126, 0.2756 -0.4854 1.122, 0.2536 -0.4854 1.122, 0.2891 -0.4838 1.122, 0.2983 -0.4802 1.122, 0.3067 -0.4742 1.122, 0.3126 -0.4671 1.122, 0.3166 -0.4589 1.122, 0.3185 -0.4495 1.122, 0.3188 -0.4444 1.122, 0.3174 -0.4334 1.122, 0.3145 -0.4257 1.122, 0.3095 -0.4187 1.122, 0.3067 -0.416 1.122, 0.2983 -0.4102 1.122, 0.2886 -0.4067 1.122, 0.2764 -0.4054 1.122, 0.2536 -0.4054 1.122, 0.276 -0.4146 1.122, 0.2639 -0.4146 1.122, 0.2639 -0.4763 1.122, 0.2755 -0.4763 1.122, 0.2993 -0.4679 1.122, 0.2984 -0.4688 1.122, 0.2932 -0.4724 1.122, 0.2866 -0.475 1.122, 0.3079 -0.4447 1.122, 0.3076 -0.4499 1.122, 0.306 -0.4572 1.122, 0.3032 -0.4632 1.122, 0.2991 -0.4221 1.122, 0.3014 -0.4243 1.122, 0.3045 -0.4288 1.122, 0.3067 -0.4347 1.122, 0.2765 -0.4146 1.122, 0.2869 -0.4158 1.122, 0.2937 -0.4185 1.122
            ]
        }
        coordIndex [
            0,1,2,-1,2,1,3,-1,4,0,5,-1,5,0,2,-1,6,4,7,-1,7,4,5,-1,8,6,9,-1,9,6,7,-1,10,8,11,-1,11,8,9,-1,1,10,3,-1,3,10,11,-1,6,8,4,-1,4,8,10,-1,4,10,0,-1,0,10,1,-1,12,13,14,-1,15,16,17,-1,15,17,18,-1,18,17,19,-1,18,19,14,-1,14,19,20,-1,14,20,12,-1,21,13,22,-1,22,13,12,-1,21,22,23,-1,21,23,24,-1,23,25,24,-1,24,25,26,-1,24,26,27,-1,27,26,28,-1,27,28,29,-1,29,28,30,-1,29,30,31,-1,31,30,32,-1,31,32,33,-1,33,32,34,-1,33,34,35,-1,35,34,36,-1,35,36,37,-1,37,36,38,-1,37,38,39,-1,39,38,40,-1,39,40,41,-1,41,40,42,-1,41,42,43,-1,43,42,44,-1,43,44,45,-1,45,44,46,-1,45,46,47,-1,47,46,48,-1,47,48,49,-1,49,48,50,-1,49,50,51,-1,51,50,52,-1,51,52,53,-1,53,52,54,-1,53,54,55,-1,55,54,56,-1,55,56,57,-1,57,56,58,-1,57,58,59,-1,59,58,60,-1,59,60,61,-1,61,60,62,-1,63,64,62,-1,62,64,65,-1,62,65,61,-1,63,66,64,-1,64,66,67,-1,64,67,68,-1,69,68,70,-1,70,68,67,-1,69,70,71,-1,69,71,72,-1,73,74,75,-1,75,74,72,-1,75,72,76,-1,76,72,71,-1,74,73,77,-1,74,77,78,-1,77,79,78,-1,78,79,80,-1,78,80,81,-1,81,80,82,-1,81,82,83,-1,83,82,84,-1,83,84,85,-1,85,84,86,-1,87,88,86,-1,86,88,89,-1,86,89,85,-1,87,90,88,-1,88,90,91,-1,88,91,92,-1,92,91,93,-1,92,93,94,-1,94,93,95,-1,96,97,95,-1,95,97,98,-1,95,98,94,-1,96,99,97,-1,97,99,100,-1,97,100,101,-1,101,100,102,-1,101,102,103,-1,103,102,104,-1,103,104,105,-1,105,104,106,-1,105,106,107,-1,107,106,108,-1,107,108,109,-1,109,108,16,-1,109,16,15,-1,85,53,83,-1,83,53,55,-1,83,55,81,-1,94,45,92,-1,92,45,47,-1,92,47,88,-1,88,47,89,-1,89,47,49,-1,89,49,85,-1,85,49,51,-1,85,51,53,-1,81,55,78,-1,78,55,57,-1,78,57,74,-1,13,21,14,-1,14,21,24,-1,14,24,18,-1,18,24,27,-1,18,27,15,-1,15,27,29,-1,15,29,109,-1,109,29,31,-1,109,31,107,-1,107,31,33,-1,107,33,105,-1,105,33,35,-1,105,35,103,-1,103,35,37,-1,103,37,101,-1,101,37,39,-1,101,39,97,-1,97,39,98,-1,98,39,41,-1,98,41,94,-1,94,41,43,-1,94,43,45,-1,57,59,74,-1,74,59,61,-1,74,61,72,-1,72,61,65,-1,72,65,69,-1,69,65,64,-1,69,64,68,-1,110,111,112,-1,112,111,113,-1,114,115,116,-1,116,115,110,-1,116,110,112,-1,117,115,118,-1,118,115,114,-1,117,118,119,-1,119,118,120,-1,119,120,121,-1,122,119,123,-1,123,119,121,-1,124,125,126,-1,126,125,122,-1,126,122,123,-1,127,125,128,-1,128,125,124,-1,127,128,129,-1,129,128,130,-1,129,130,131,-1,132,129,133,-1,133,129,131,-1,134,135,136,-1,136,135,132,-1,136,132,133,-1,137,135,138,-1,138,135,134,-1,137,138,111,-1,111,138,139,-1,111,139,113,-1,137,111,110,-1,110,115,137,-1,137,115,117,-1,137,117,135,-1,129,132,127,-1,127,132,135,-1,127,135,125,-1,125,135,117,-1,125,117,122,-1,122,117,119,-1,140,141,142,-1,142,141,143,-1,142,143,144,-1,144,143,145,-1,144,145,146,-1,146,145,147,-1,146,147,148,-1,148,147,149,-1,148,149,150,-1,150,149,151,-1,150,151,152,-1,151,153,152,-1,152,153,154,-1,152,154,155,-1,155,154,156,-1,155,156,157,-1,157,156,158,-1,157,158,159,-1,159,158,160,-1,159,160,161,-1,161,160,162,-1,161,162,163,-1,163,162,164,-1,163,164,165,-1,165,164,166,-1,165,166,167,-1,167,166,168,-1,167,168,169,-1,169,168,170,-1,169,170,171,-1,171,170,172,-1,171,172,173,-1,173,172,174,-1,173,174,140,-1,140,174,175,-1,140,175,141,-1,146,148,176,-1,176,148,177,-1,146,176,178,-1,146,178,144,-1,144,178,179,-1,144,179,142,-1,142,179,180,-1,142,180,140,-1,140,180,181,-1,140,181,173,-1,173,181,182,-1,173,182,171,-1,171,182,183,-1,171,183,169,-1,169,183,184,-1,169,184,167,-1,167,184,185,-1,167,185,165,-1,165,185,186,-1,165,186,163,-1,163,186,187,-1,163,187,161,-1,161,187,188,-1,161,188,159,-1,159,188,189,-1,159,189,157,-1,157,189,190,-1,157,190,155,-1,155,190,191,-1,155,191,152,-1,150,152,192,-1,192,152,191,-1,148,150,177,-1,177,150,192,-1,153,151,193,-1,193,151,194,-1,151,149,194,-1,194,149,195,-1,149,147,195,-1,195,147,196,-1,175,197,198,-1,175,198,141,-1,141,198,199,-1,141,199,143,-1,143,199,200,-1,143,200,145,-1,145,200,196,-1,145,196,147,-1,168,201,202,-1,168,202,170,-1,170,202,203,-1,170,203,172,-1,172,203,204,-1,172,204,174,-1,174,204,197,-1,174,197,175,-1,160,205,206,-1,160,206,162,-1,162,206,207,-1,162,207,164,-1,164,207,208,-1,164,208,166,-1,166,208,201,-1,166,201,168,-1,153,193,209,-1,153,209,154,-1,154,209,210,-1,154,210,156,-1,156,210,211,-1,156,211,158,-1,158,211,205,-1,158,205,160,-1,
        ]
    }
}
Shape{
    appearance Appearance {
        material  Material 	{
            diffuseColor 0.7529411764705882 0.7529411764705882 0.7529411764705882
            specularColor 0.3764705882352941 0.3764705882352941 0.3764705882352941
            ambientIntensity 0.7529
            transparency 0.0
            shininess 0.5
        }
    }
    geometry IndexedFaceSet {
        ccw TRUE
        solid FALSE
        coord DEF co Coordinate {
            point [
                0.2932 -0.4724 1.122, 0.2984 -0.4688 1.122, 0.2765 -0.4146 1.122, 0.2639 -0.4146 1.122, 0.2639 -0.4763 1.122, 0.276 -0.4146 1.122, 0.2755 -0.4763 1.122, 0.2866 -0.475 1.122, 0.2993 -0.4679 1.122, 0.3032 -0.4632 1.122, 0.306 -0.4572 1.122, 0.3079 -0.4447 1.122, 0.2991 -0.4221 1.122, 0.2937 -0.4185 1.122, 0.3067 -0.4347 1.122, 0.3045 -0.4288 1.122, 0.3014 -0.4243 1.122, 0.3076 -0.4499 1.122, 0.2869 -0.4158 1.122
            ]
        }
        coordIndex [
            0,1,2,-1,3,4,5,-1,5,4,6,-1,5,6,2,-1,2,6,7,-1,2,7,0,-1,1,8,2,-1,2,8,9,-1,2,9,10,-1,11,12,13,-1,14,15,11,-1,11,15,16,-1,11,16,12,-1,10,17,2,-1,2,17,11,-1,2,11,18,-1,18,11,13,-1,
        ]
    }
}
Shape{
    appearance Appearance {
        material  Material 	{
            diffuseColor 0.0 0.0 0.0
            specularColor 0.0 0.0 0.0
            ambientIntensity 0.0
            transparency 0.0
            shininess 0.5
        }
    }
    geometry IndexedFaceSet {
        ccw TRUE
        solid FALSE
        coord DEF co Coordinate {
            point [
                0.3456 -0.4545 1.126, 0.3423 -0.4635 1.126, 0.3725 -0.4545 1.126, 0.3757 -0.4635 1.126, 0.3576 -0.4212 1.126, 0.3537 -0.4054 1.126, 0.3232 -0.4854 1.126, 0.3346 -0.4854 1.126, 0.3583 -0.4188 1.126, 0.3589 -0.4156 1.126, 0.3647 -0.4054 1.126, 0.3591 -0.4156 1.126, 0.3598 -0.419 1.126, 0.3604 -0.4212 1.126, 0.3952 -0.4854 1.126, 0.3838 -0.4854 1.126, 0.3647 -0.4054 1.122, 0.3952 -0.4854 1.122, 0.3537 -0.4054 1.122, 0.3232 -0.4854 1.122, 0.3463 -0.4248 1.122, 0.3346 -0.4854 1.122, 0.3423 -0.4635 1.122, 0.3757 -0.4635 1.122, 0.3463 -0.4635 1.122, 0.3838 -0.4854 1.122, 0.3456 -0.4545 1.122, 0.3725 -0.4545 1.122, 0.3604 -0.4212 1.122, 0.3591 -0.4156 1.122, 0.3598 -0.419 1.122, 0.3589 -0.4156 1.122, 0.3576 -0.4212 1.122, 0.3583 -0.4188 1.122
            ]
        }
        coordIndex [
            0,1,2,-1,2,1,3,-1,4,5,0,-1,0,5,6,-1,0,6,1,-1,1,6,7,-1,4,8,5,-1,5,8,9,-1,5,9,10,-1,10,9,11,-1,10,11,12,-1,12,13,10,-1,10,13,2,-1,10,2,14,-1,14,2,3,-1,14,3,15,-1,10,14,16,-1,16,14,17,-1,5,10,18,-1,18,10,16,-1,19,6,20,-1,20,6,5,-1,20,5,18,-1,7,6,21,-1,21,6,19,-1,1,7,22,-1,22,7,21,-1,23,3,24,-1,24,3,1,-1,24,1,22,-1,15,3,25,-1,25,3,23,-1,14,15,17,-1,17,15,25,-1,0,2,26,-1,26,2,27,-1,2,13,27,-1,27,13,28,-1,11,29,30,-1,11,30,12,-1,12,30,28,-1,12,28,13,-1,11,9,29,-1,29,9,31,-1,4,32,33,-1,4,33,8,-1,8,33,31,-1,8,31,9,-1,4,0,32,-1,32,0,26,-1,
        ]
    }
}
Shape{
    appearance Appearance {
        material  Material 	{
            diffuseColor 0.7529411764705882 0.7529411764705882 0.7529411764705882
            specularColor 0.3764705882352941 0.3764705882352941 0.3764705882352941
            ambientIntensity 0.7529
            transparency 0.0
            shininess 0.5
        }
    }
    geometry IndexedFaceSet {
        ccw TRUE
        solid FALSE
        coord DEF co Coordinate {
            point [
                0.3591 -0.4156 1.122, 0.3589 -0.4156 1.122, 0.3598 -0.419 1.122, 0.3583 -0.4188 1.122, 0.3604 -0.4212 1.122, 0.3576 -0.4212 1.122, 0.3725 -0.4545 1.122, 0.3456 -0.4545 1.122
            ]
        }
        coordIndex [
            0,1,2,-1,2,1,3,-1,2,3,4,-1,4,3,5,-1,4,5,6,-1,6,5,7,-1,
        ]
    }
}
Shape{
    appearance Appearance {
        material  Material 	{
            diffuseColor 0.0 0.0 0.0
            specularColor 0.0 0.0 0.0
            ambientIntensity 0.0
            transparency 0.0
            shininess 0.5
        }
    }
    geometry IndexedFaceSet {
        ccw TRUE
        solid FALSE
        coord DEF co Coordinate {
            point [
                0.117 -0.6033 1.126, 0.117 -0.6124 1.126, 0.117 -0.6033 1.122, 0.117 -0.6124 1.122, 0.0842 -0.6033 1.126, 0.0842 -0.6033 1.122, 0.0842 -0.5764 1.126, 0.0842 -0.5764 1.122, 0.1129 -0.5764 1.126, 0.1129 -0.5764 1.122, 0.1129 -0.5672 1.126, 0.1129 -0.5672 1.122, 0.0842 -0.5672 1.126, 0.0842 -0.5672 1.122, 0.0842 -0.5416 1.126, 0.0842 -0.5416 1.122, 0.1151 -0.5416 1.126, 0.1151 -0.5416 1.122, 0.1151 -0.5324 1.126, 0.1151 -0.5324 1.122, 0.0739 -0.5324 1.126, 0.0739 -0.5324 1.122, 0.0739 -0.6124 1.126, 0.0739 -0.6124 1.122, 0.1625 -0.6124 1.126, 0.1725 -0.6124 1.126, 0.1625 -0.6036 1.126, 0.1725 -0.5756 1.126, 0.1625 -0.5761 1.126, 0.1406 -0.5881 1.126, 0.143 -0.587 1.126, 0.1622 -0.6036 1.126, 0.1569 -0.6021 1.126, 0.1606 -0.6061 1.126, 0.1541 -0.604 1.126, 0.1491 -0.5856 1.126, 0.1625 -0.5838 1.126, 0.1625 -0.5892 1.126, 0.1625 -0.5899 1.126, 0.1618 -0.5944 1.126, 0.1604 -0.598 1.126, 0.1582 -0.6009 1.126, 0.1621 -0.5717 1.126, 0.1718 -0.5681 1.126, 0.1611 -0.5681 1.126, 0.1702 -0.5635 1.126, 0.1599 -0.566 1.126, 0.1681 -0.5603 1.126, 0.1584 -0.5644 1.126, 0.1655 -0.5577 1.126, 0.1566 -0.5633 1.126, 0.1621 -0.5558 1.126, 0.1543 -0.5625 1.126, 0.1579 -0.5545 1.126, 0.1509 -0.5621 1.126, 0.1518 -0.554 1.126, 0.1445 -0.5628 1.126, 0.1417 -0.5552 1.126, 0.1382 -0.5651 1.126, 0.1343 -0.5581 1.126, 0.1322 -0.569 1.126, 0.1322 -0.5593 1.126, 0.1388 -0.6021 1.126, 0.1315 -0.6093 1.126, 0.1396 -0.603 1.126, 0.1349 -0.6117 1.126, 0.1416 -0.6044 1.126, 0.1387 -0.6131 1.126, 0.1439 -0.6052 1.126, 0.1447 -0.6138 1.126, 0.1473 -0.6056 1.126, 0.1499 -0.6132 1.126, 0.1511 -0.6052 1.126, 0.154 -0.6117 1.126, 0.1574 -0.6095 1.126, 0.1368 -0.5947 1.126, 0.1266 -0.5958 1.126, 0.1367 -0.5963 1.126, 0.1266 -0.5971 1.126, 0.137 -0.5986 1.126, 0.1271 -0.6017 1.126, 0.1377 -0.6004 1.126, 0.1283 -0.6051 1.126, 0.1304 -0.6082 1.126, 0.1455 -0.5785 1.126, 0.1381 -0.5803 1.126, 0.1394 -0.5891 1.126, 0.1338 -0.5825 1.126, 0.1382 -0.5906 1.126, 0.1307 -0.5851 1.126, 0.1373 -0.5924 1.126, 0.1287 -0.588 1.126, 0.1273 -0.5915 1.126, 0.1518 -0.554 1.122, 0.1417 -0.5552 1.122, 0.1343 -0.5581 1.122, 0.1322 -0.5593 1.122, 0.1322 -0.569 1.122, 0.1382 -0.5651 1.122, 0.1445 -0.5628 1.122, 0.1509 -0.5621 1.122, 0.1543 -0.5625 1.122, 0.1566 -0.5633 1.122, 0.1584 -0.5644 1.122, 0.1599 -0.566 1.122, 0.1611 -0.5681 1.122, 0.1621 -0.5717 1.122, 0.1625 -0.5761 1.122, 0.1455 -0.5785 1.122, 0.1381 -0.5803 1.122, 0.1338 -0.5825 1.122, 0.1307 -0.5851 1.122, 0.1287 -0.588 1.122, 0.1273 -0.5915 1.122, 0.1266 -0.5958 1.122, 0.1266 -0.5971 1.122, 0.1271 -0.6017 1.122, 0.1283 -0.6051 1.122, 0.1304 -0.6082 1.122, 0.1315 -0.6093 1.122, 0.1447 -0.6138 1.122, 0.1389 -0.6131 1.122, 0.1387 -0.6131 1.122, 0.1349 -0.6117 1.122, 0.1499 -0.6132 1.122, 0.1502 -0.6131 1.122, 0.154 -0.6117 1.122, 0.1574 -0.6095 1.122, 0.1606 -0.6061 1.122, 0.1622 -0.6036 1.122, 0.1625 -0.6036 1.122, 0.1625 -0.6124 1.122, 0.1725 -0.6124 1.122, 0.1725 -0.5756 1.122, 0.1718 -0.5681 1.122, 0.1702 -0.5635 1.122, 0.1681 -0.5603 1.122, 0.1655 -0.5577 1.122, 0.1621 -0.5558 1.122, 0.1579 -0.5545 1.122, 0.1394 -0.5891 1.122, 0.1406 -0.5881 1.122, 0.143 -0.587 1.122, 0.1491 -0.5856 1.122, 0.1367 -0.5963 1.122, 0.1368 -0.5947 1.122, 0.1373 -0.5924 1.122, 0.1382 -0.5906 1.122, 0.1396 -0.603 1.122, 0.1388 -0.6021 1.122, 0.1377 -0.6004 1.122, 0.137 -0.5986 1.122, 0.1473 -0.6056 1.122, 0.1439 -0.6052 1.122, 0.1416 -0.6044 1.122, 0.1582 -0.6009 1.122, 0.1569 -0.6021 1.122, 0.1541 -0.604 1.122, 0.1511 -0.6052 1.122, 0.1625 -0.5892 1.122, 0.1625 -0.5899 1.122, 0.1618 -0.5944 1.122, 0.1604 -0.598 1.122, 0.1625 -0.5838 1.122
            ]
        }
        coordIndex [
            0,1,2,-1,2,1,3,-1,4,0,5,-1,5,0,2,-1,6,4,7,-1,7,4,5,-1,8,6,9,-1,9,6,7,-1,10,8,11,-1,11,8,9,-1,12,10,13,-1,13,10,11,-1,14,12,15,-1,15,12,13,-1,16,14,17,-1,17,14,15,-1,18,16,19,-1,19,16,17,-1,20,18,21,-1,21,18,19,-1,22,20,23,-1,23,20,21,-1,1,22,3,-1,3,22,23,-1,22,1,0,-1,0,4,22,-1,22,4,6,-1,22,6,20,-1,16,18,14,-1,14,18,20,-1,14,20,12,-1,12,20,6,-1,12,6,10,-1,10,6,8,-1,24,25,26,-1,26,25,27,-1,28,29,30,-1,31,32,33,-1,33,32,34,-1,35,36,27,-1,27,36,37,-1,37,38,27,-1,27,38,39,-1,27,39,26,-1,26,39,40,-1,26,40,31,-1,31,40,41,-1,31,41,32,-1,30,35,28,-1,28,35,27,-1,28,27,42,-1,42,27,43,-1,42,43,44,-1,44,43,45,-1,44,45,46,-1,46,45,47,-1,46,47,48,-1,48,47,49,-1,48,49,50,-1,50,49,51,-1,50,51,52,-1,52,51,53,-1,52,53,54,-1,54,53,55,-1,54,55,56,-1,56,55,57,-1,56,57,58,-1,58,57,59,-1,58,59,60,-1,60,59,61,-1,62,63,64,-1,64,63,65,-1,64,65,66,-1,66,65,67,-1,66,67,68,-1,68,67,69,-1,68,69,70,-1,70,69,71,-1,70,71,72,-1,72,71,73,-1,72,73,34,-1,34,73,74,-1,34,74,33,-1,75,76,77,-1,77,76,78,-1,77,78,79,-1,79,78,80,-1,79,80,81,-1,81,80,82,-1,81,82,62,-1,62,82,83,-1,62,83,63,-1,28,84,29,-1,29,84,85,-1,29,85,86,-1,86,85,87,-1,86,87,88,-1,88,87,89,-1,88,89,90,-1,90,89,91,-1,90,91,75,-1,75,91,92,-1,75,92,76,-1,55,93,94,-1,55,94,57,-1,57,94,95,-1,57,95,59,-1,59,95,96,-1,59,96,61,-1,60,61,97,-1,97,61,96,-1,60,97,98,-1,60,98,58,-1,58,98,99,-1,58,99,56,-1,56,99,100,-1,56,100,54,-1,54,100,101,-1,54,101,52,-1,52,101,102,-1,52,102,50,-1,50,102,103,-1,50,103,48,-1,48,103,104,-1,48,104,46,-1,46,104,105,-1,46,105,44,-1,44,105,106,-1,44,106,42,-1,42,106,107,-1,42,107,28,-1,84,28,108,-1,108,28,107,-1,84,108,109,-1,84,109,85,-1,85,109,110,-1,85,110,87,-1,87,110,111,-1,87,111,89,-1,89,111,112,-1,89,112,91,-1,91,112,113,-1,91,113,92,-1,92,113,114,-1,92,114,76,-1,76,114,115,-1,76,115,78,-1,78,115,116,-1,78,116,80,-1,80,116,117,-1,80,117,82,-1,82,117,118,-1,82,118,83,-1,83,118,119,-1,83,119,63,-1,120,69,121,-1,121,69,67,-1,121,67,122,-1,122,67,65,-1,122,65,123,-1,123,65,63,-1,123,63,119,-1,69,120,124,-1,69,124,71,-1,71,124,125,-1,71,125,73,-1,125,126,73,-1,73,126,127,-1,73,127,74,-1,74,127,128,-1,74,128,33,-1,33,128,129,-1,33,129,31,-1,26,31,130,-1,130,31,129,-1,24,26,131,-1,131,26,130,-1,25,24,132,-1,132,24,131,-1,27,25,133,-1,133,25,132,-1,27,133,134,-1,27,134,43,-1,43,134,135,-1,43,135,45,-1,45,135,136,-1,45,136,47,-1,47,136,137,-1,47,137,49,-1,49,137,138,-1,49,138,51,-1,51,138,139,-1,51,139,53,-1,53,139,93,-1,53,93,55,-1,86,140,141,-1,86,141,29,-1,29,141,142,-1,29,142,30,-1,30,142,143,-1,30,143,35,-1,77,144,145,-1,77,145,75,-1,75,145,146,-1,75,146,90,-1,90,146,147,-1,90,147,88,-1,88,147,140,-1,88,140,86,-1,64,148,149,-1,64,149,62,-1,62,149,150,-1,62,150,81,-1,81,150,151,-1,81,151,79,-1,79,151,144,-1,79,144,77,-1,70,152,153,-1,70,153,68,-1,68,153,154,-1,68,154,66,-1,66,154,148,-1,66,148,64,-1,41,155,156,-1,41,156,32,-1,32,156,157,-1,32,157,34,-1,34,157,158,-1,34,158,72,-1,72,158,152,-1,72,152,70,-1,37,159,160,-1,37,160,38,-1,38,160,161,-1,38,161,39,-1,39,161,162,-1,39,162,40,-1,40,162,155,-1,40,155,41,-1,37,36,159,-1,159,36,163,-1,36,35,163,-1,163,35,143,-1,
        ]
    }
}
Shape{
    appearance Appearance {
        material  Material 	{
            diffuseColor 0.7529411764705882 0.7529411764705882 0.7529411764705882
            specularColor 0.3764705882352941 0.3764705882352941 0.3764705882352941
            ambientIntensity 0.7529
            transparency 0.0
            shininess 0.5
        }
    }
    geometry IndexedFaceSet {
        ccw TRUE
        solid FALSE
        coord DEF co Coordinate {
            point [
                0.1625 -0.5899 1.122, 0.1625 -0.5892 1.122, 0.1394 -0.5891 1.122, 0.1625 -0.5838 1.122, 0.1491 -0.5856 1.122, 0.143 -0.587 1.122, 0.1406 -0.5881 1.122, 0.1618 -0.5944 1.122, 0.1382 -0.5906 1.122, 0.1604 -0.598 1.122, 0.1388 -0.6021 1.122, 0.1396 -0.603 1.122, 0.1569 -0.6021 1.122, 0.1377 -0.6004 1.122, 0.1541 -0.604 1.122, 0.1511 -0.6052 1.122, 0.1473 -0.6056 1.122, 0.1373 -0.5924 1.122, 0.1368 -0.5947 1.122, 0.1582 -0.6009 1.122, 0.1367 -0.5963 1.122, 0.137 -0.5986 1.122, 0.1416 -0.6044 1.122, 0.1439 -0.6052 1.122
            ]
        }
        coordIndex [
            0,1,2,-1,1,3,4,-1,4,5,1,-1,1,5,6,-1,1,6,2,-1,0,2,7,-1,7,2,8,-1,7,8,9,-1,10,11,12,-1,10,12,13,-1,14,12,15,-1,15,12,16,-1,8,17,9,-1,9,17,18,-1,9,18,19,-1,19,18,20,-1,19,20,12,-1,12,20,21,-1,12,21,13,-1,11,22,12,-1,12,22,23,-1,12,23,16,-1,
        ]
    }
}
Shape{
    appearance Appearance {
        material  Material 	{
            diffuseColor 0.0 0.0 0.0
            specularColor 0.0 0.0 0.0
            ambientIntensity 0.0
            transparency 0.0
            shininess 0.5
        }
    }
    geometry IndexedFaceSet {
        ccw TRUE
        solid FALSE
        coord DEF co Coordinate {
            point [
                0.1861 -0.6001 1.122, 0.1861 -0.6001 1.126, 0.19 -0.6025 1.126, 0.2026 -0.6056 1.126, 0.2026 -0.6056 1.122, 0.1963 -0.6049 1.122, 0.1963 -0.6049 1.126, 0.1907 -0.6028 1.122, 0.19 -0.6025 1.122, 0.1861 -0.6104 1.126, 0.1861 -0.6104 1.122, 0.1907 -0.6121 1.122, 0.1924 -0.6127 1.126, 0.2016 -0.6138 1.122, 0.2016 -0.6138 1.126, 0.1957 -0.6131 1.122, 0.1924 -0.6127 1.122, 0.2085 -0.6131 1.122, 0.2094 -0.613 1.126, 0.2094 -0.613 1.122, 0.215 -0.6112 1.122, 0.215 -0.6112 1.126, 0.2183 -0.6093 1.122, 0.2183 -0.6093 1.126, 0.2211 -0.6067 1.122, 0.2211 -0.6067 1.126, 0.223 -0.6041 1.122, 0.223 -0.6041 1.126, 0.2243 -0.6009 1.122, 0.2243 -0.6009 1.126, 0.2247 -0.5969 1.122, 0.2247 -0.5969 1.126, 0.2243 -0.5932 1.122, 0.2243 -0.5932 1.126, 0.2232 -0.5902 1.122, 0.2232 -0.5902 1.126, 0.2214 -0.5874 1.122, 0.2214 -0.5874 1.126, 0.219 -0.5853 1.122, 0.219 -0.5853 1.126, 0.2123 -0.5816 1.122, 0.2123 -0.5816 1.126, 0.2084 -0.58 1.122, 0.2084 -0.58 1.126, 0.2022 -0.5773 1.122, 0.2022 -0.5773 1.126, 0.1987 -0.5751 1.122, 0.1987 -0.5751 1.126, 0.1977 -0.574 1.122, 0.1977 -0.574 1.126, 0.197 -0.5727 1.122, 0.197 -0.5727 1.126, 0.1966 -0.5711 1.122, 0.1966 -0.5711 1.126, 0.1965 -0.5698 1.122, 0.1965 -0.5698 1.126, 0.1967 -0.5682 1.122, 0.1967 -0.5682 1.126, 0.1972 -0.5668 1.122, 0.1972 -0.5668 1.126, 0.198 -0.5656 1.122, 0.198 -0.5656 1.126, 0.1996 -0.5642 1.122, 0.1996 -0.5642 1.126, 0.2018 -0.563 1.122, 0.2018 -0.563 1.126, 0.2045 -0.5623 1.122, 0.2045 -0.5623 1.126, 0.2075 -0.5621 1.122, 0.2075 -0.5621 1.126, 0.214 -0.5628 1.122, 0.214 -0.5628 1.126, 0.2197 -0.5649 1.122, 0.2197 -0.5649 1.126, 0.222 -0.5662 1.122, 0.222 -0.5662 1.126, 0.222 -0.5565 1.126, 0.222 -0.5565 1.122, 0.2153 -0.5546 1.122, 0.2153 -0.5546 1.126, 0.2084 -0.554 1.122, 0.2084 -0.554 1.126, 0.2013 -0.5547 1.122, 0.2013 -0.5547 1.126, 0.1957 -0.5566 1.122, 0.1957 -0.5566 1.126, 0.1926 -0.5585 1.122, 0.1926 -0.5585 1.126, 0.1907 -0.5602 1.122, 0.1896 -0.5612 1.126, 0.1896 -0.5612 1.122, 0.1878 -0.5639 1.122, 0.1878 -0.5639 1.126, 0.1866 -0.5671 1.122, 0.1866 -0.5671 1.126, 0.1862 -0.5707 1.122, 0.1862 -0.5707 1.126, 0.1866 -0.5746 1.122, 0.1866 -0.5746 1.126, 0.1877 -0.5777 1.122, 0.1877 -0.5777 1.126, 0.189 -0.5797 1.122, 0.189 -0.5797 1.126, 0.2014 -0.5873 1.122, 0.2014 -0.5873 1.126, 0.1954 -0.5846 1.126, 0.1907 -0.5815 1.122, 0.1907 -0.5815 1.126, 0.1907 -0.5815 1.122, 0.1954 -0.5846 1.122, 0.2079 -0.5901 1.122, 0.2079 -0.5901 1.126, 0.2119 -0.5924 1.122, 0.2119 -0.5924 1.126, 0.2131 -0.5937 1.122, 0.2131 -0.5937 1.126, 0.2139 -0.5951 1.122, 0.2139 -0.5951 1.126, 0.2143 -0.5966 1.122, 0.2143 -0.5966 1.126, 0.2144 -0.5979 1.122, 0.2144 -0.5979 1.126, 0.2142 -0.5998 1.122, 0.2142 -0.5998 1.126, 0.2137 -0.6012 1.122, 0.2137 -0.6012 1.126, 0.2128 -0.6025 1.122, 0.2128 -0.6025 1.126, 0.2117 -0.6035 1.122, 0.2117 -0.6035 1.126, 0.2108 -0.6041 1.122, 0.2108 -0.6041 1.126, 0.2082 -0.605 1.122, 0.2082 -0.605 1.126, 0.203 -0.6056 1.122, 0.203 -0.6056 1.126, 0.2744 -0.5553 1.126, 0.2848 -0.5553 1.126, 0.2744 -0.5553 1.122, 0.2848 -0.5553 1.122, 0.2588 -0.5983 1.126, 0.2588 -0.5983 1.122, 0.2581 -0.601 1.122, 0.2581 -0.601 1.126, 0.2576 -0.603 1.122, 0.2576 -0.603 1.126, 0.2573 -0.603 1.126, 0.2573 -0.603 1.122, 0.2561 -0.5982 1.126, 0.2561 -0.5982 1.122, 0.2412 -0.5553 1.122, 0.2412 -0.5553 1.126, 0.246 -0.5692 1.122, 0.2299 -0.5553 1.126, 0.2299 -0.5553 1.122, 0.2524 -0.6123 1.122, 0.2524 -0.6123 1.126, 0.246 -0.5961 1.122, 0.248 -0.6227 1.122, 0.248 -0.6227 1.126, 0.252 -0.6131 1.122, 0.246 -0.6263 1.122, 0.246 -0.6264 1.126, 0.246 -0.6264 1.122, 0.2441 -0.6284 1.122, 0.2441 -0.6284 1.126, 0.2424 -0.6297 1.122, 0.2424 -0.6297 1.126, 0.2402 -0.6305 1.122, 0.2402 -0.6305 1.126, 0.2377 -0.6308 1.122, 0.2377 -0.6308 1.126, 0.2341 -0.6303 1.122, 0.2341 -0.6303 1.126, 0.232 -0.6296 1.122, 0.232 -0.6296 1.126, 0.232 -0.6386 1.126, 0.232 -0.6386 1.122, 0.2363 -0.6393 1.122, 0.2363 -0.6393 1.126, 0.2385 -0.6394 1.122, 0.2385 -0.6394 1.126, 0.2425 -0.6389 1.122, 0.2425 -0.6389 1.126, 0.246 -0.6376 1.122, 0.2465 -0.6374 1.126, 0.2465 -0.6374 1.122, 0.25 -0.635 1.122, 0.25 -0.635 1.126, 0.2507 -0.6343 1.122, 0.2507 -0.6343 1.126, 0.2543 -0.6299 1.122, 0.2543 -0.6299 1.126, 0.2589 -0.6211 1.122, 0.2589 -0.6211 1.126, 0.262 -0.6131 1.122, 0.3387 -0.6033 1.126, 0.3387 -0.6124 1.126, 0.3387 -0.6033 1.122, 0.3387 -0.6124 1.122, 0.306 -0.6033 1.122, 0.306 -0.6033 1.126, 0.321 -0.6033 1.122, 0.306 -0.5764 1.126, 0.306 -0.5764 1.122, 0.3346 -0.5764 1.122, 0.3346 -0.5764 1.126, 0.321 -0.5764 1.122, 0.3346 -0.5672 1.126, 0.3346 -0.5672 1.122, 0.306 -0.5672 1.122, 0.306 -0.5672 1.126, 0.321 -0.5672 1.122, 0.306 -0.5416 1.126, 0.306 -0.5416 1.122, 0.3369 -0.5416 1.122, 0.3369 -0.5416 1.126, 0.321 -0.5416 1.122, 0.3369 -0.5324 1.126, 0.3369 -0.5324 1.122, 0.2956 -0.5324 1.122, 0.2956 -0.5324 1.126, 0.321 -0.5324 1.122, 0.2956 -0.6124 1.126, 0.2956 -0.6124 1.122, 0.321 -0.6124 1.122, 0.407 -0.6012 1.126, 0.3986 -0.5959 1.126, 0.3986 -0.6072 1.126, 0.3935 -0.5994 1.126, 0.3894 -0.6108 1.126, 0.3868 -0.602 1.126, 0.3759 -0.6124 1.126, 0.3758 -0.6033 1.126, 0.3538 -0.6124 1.126, 0.3642 -0.6033 1.126, 0.3538 -0.5324 1.126, 0.3642 -0.5416 1.126, 0.3767 -0.5324 1.126, 0.3763 -0.5416 1.126, 0.3768 -0.5416 1.126, 0.3889 -0.5337 1.126, 0.3872 -0.5429 1.126, 0.3986 -0.5373 1.126, 0.394 -0.5455 1.126, 0.407 -0.543 1.126, 0.3994 -0.5491 1.126, 0.4098 -0.5458 1.126, 0.4016 -0.5514 1.126, 0.4147 -0.5528 1.126, 0.4047 -0.5558 1.126, 0.4177 -0.5604 1.126, 0.407 -0.5617 1.126, 0.419 -0.5714 1.126, 0.4082 -0.5717 1.126, 0.4188 -0.5765 1.126, 0.4079 -0.577 1.126, 0.4168 -0.5859 1.126, 0.4063 -0.5843 1.126, 0.4129 -0.5942 1.126, 0.4035 -0.5902 1.126, 0.3996 -0.595 1.126, 0.3759 -0.6124 1.122, 0.3538 -0.6124 1.122, 0.3894 -0.6108 1.122, 0.3986 -0.6072 1.122, 0.407 -0.6012 1.122, 0.4129 -0.5942 1.122, 0.4168 -0.5859 1.122, 0.4188 -0.5765 1.122, 0.419 -0.5714 1.122, 0.4177 -0.5604 1.122, 0.4147 -0.5528 1.122, 0.4098 -0.5458 1.122, 0.407 -0.543 1.122, 0.3986 -0.5373 1.122, 0.3889 -0.5337 1.122, 0.3767 -0.5324 1.122, 0.3538 -0.5324 1.122, 0.3763 -0.5416 1.122, 0.3642 -0.5416 1.122, 0.3642 -0.6033 1.122, 0.3758 -0.6033 1.122, 0.3996 -0.595 1.122, 0.3986 -0.5959 1.122, 0.3935 -0.5994 1.122, 0.3868 -0.602 1.122, 0.4082 -0.5717 1.122, 0.4079 -0.577 1.122, 0.4063 -0.5843 1.122, 0.4035 -0.5902 1.122, 0.3994 -0.5491 1.122, 0.4016 -0.5514 1.122, 0.4047 -0.5558 1.122, 0.407 -0.5617 1.122, 0.3768 -0.5416 1.122, 0.3872 -0.5429 1.122, 0.394 -0.5455 1.122
            ]
        }
        coordIndex [
            0,1,2,-1,3,4,5,-1,3,5,6,-1,6,5,7,-1,6,7,2,-1,2,7,8,-1,2,8,0,-1,9,1,10,-1,10,1,0,-1,10,11,9,-1,9,11,12,-1,13,14,15,-1,15,14,12,-1,15,12,16,-1,16,12,11,-1,13,17,14,-1,14,17,18,-1,17,19,18,-1,18,19,20,-1,18,20,21,-1,21,20,22,-1,21,22,23,-1,23,22,24,-1,23,24,25,-1,25,24,26,-1,25,26,27,-1,27,26,28,-1,27,28,29,-1,29,28,30,-1,29,30,31,-1,31,30,32,-1,31,32,33,-1,33,32,34,-1,33,34,35,-1,35,34,36,-1,35,36,37,-1,37,36,38,-1,37,38,39,-1,39,38,40,-1,39,40,41,-1,41,40,42,-1,41,42,43,-1,43,42,44,-1,43,44,45,-1,45,44,46,-1,45,46,47,-1,47,46,48,-1,47,48,49,-1,49,48,50,-1,49,50,51,-1,51,50,52,-1,51,52,53,-1,53,52,54,-1,53,54,55,-1,55,54,56,-1,55,56,57,-1,57,56,58,-1,57,58,59,-1,59,58,60,-1,59,60,61,-1,61,60,62,-1,61,62,63,-1,63,62,64,-1,63,64,65,-1,65,64,66,-1,65,66,67,-1,67,66,68,-1,67,68,69,-1,69,68,70,-1,69,70,71,-1,71,70,72,-1,71,72,73,-1,73,72,74,-1,73,74,75,-1,76,75,77,-1,77,75,74,-1,76,77,78,-1,76,78,79,-1,79,78,80,-1,79,80,81,-1,81,80,82,-1,81,82,83,-1,83,82,84,-1,83,84,85,-1,85,84,86,-1,85,86,87,-1,86,88,87,-1,87,88,89,-1,88,90,89,-1,89,90,91,-1,89,91,92,-1,92,91,93,-1,92,93,94,-1,94,93,95,-1,94,95,96,-1,96,95,97,-1,96,97,98,-1,98,97,99,-1,98,99,100,-1,100,99,101,-1,100,101,102,-1,103,104,105,-1,102,101,106,-1,102,106,107,-1,107,106,108,-1,107,108,105,-1,105,108,109,-1,105,109,103,-1,104,103,110,-1,104,110,111,-1,111,110,112,-1,111,112,113,-1,113,112,114,-1,113,114,115,-1,115,114,116,-1,115,116,117,-1,117,116,118,-1,117,118,119,-1,119,118,120,-1,119,120,121,-1,121,120,122,-1,121,122,123,-1,123,122,124,-1,123,124,125,-1,125,124,126,-1,125,126,127,-1,127,126,128,-1,127,128,129,-1,129,128,130,-1,129,130,131,-1,131,130,132,-1,131,132,133,-1,133,132,134,-1,133,134,135,-1,135,134,4,-1,135,4,3,-1,61,63,85,-1,85,63,83,-1,45,104,43,-1,43,104,111,-1,43,111,41,-1,14,3,12,-1,12,3,6,-1,12,6,9,-1,9,6,2,-1,9,2,1,-1,63,65,83,-1,83,65,67,-1,83,67,81,-1,81,67,69,-1,81,69,79,-1,79,69,71,-1,79,71,76,-1,76,71,73,-1,76,73,75,-1,41,111,39,-1,39,111,113,-1,39,113,37,-1,37,113,115,-1,37,115,35,-1,35,115,117,-1,35,117,33,-1,33,117,119,-1,33,119,31,-1,31,119,121,-1,31,121,29,-1,29,121,123,-1,29,123,27,-1,27,123,125,-1,27,125,25,-1,25,125,127,-1,25,127,23,-1,23,127,129,-1,23,129,21,-1,21,129,131,-1,21,131,18,-1,18,131,133,-1,18,133,14,-1,14,133,135,-1,14,135,3,-1,85,87,61,-1,61,87,89,-1,61,89,59,-1,59,89,92,-1,59,92,57,-1,57,92,94,-1,57,94,55,-1,55,94,96,-1,55,96,53,-1,53,96,98,-1,53,98,51,-1,51,98,100,-1,51,100,49,-1,49,100,102,-1,49,102,47,-1,47,102,107,-1,47,107,45,-1,45,107,105,-1,45,105,104,-1,136,137,138,-1,138,137,139,-1,140,136,141,-1,141,136,138,-1,140,141,142,-1,140,142,143,-1,143,142,144,-1,143,144,145,-1,146,145,147,-1,147,145,144,-1,148,146,149,-1,149,146,147,-1,150,151,152,-1,152,151,148,-1,152,148,149,-1,153,151,154,-1,154,151,150,-1,155,156,157,-1,157,156,153,-1,157,153,154,-1,158,159,160,-1,160,159,156,-1,160,156,155,-1,158,161,159,-1,159,161,162,-1,161,163,162,-1,162,163,164,-1,162,164,165,-1,165,164,166,-1,165,166,167,-1,167,166,168,-1,167,168,169,-1,169,168,170,-1,169,170,171,-1,171,170,172,-1,171,172,173,-1,173,172,174,-1,173,174,175,-1,176,175,177,-1,177,175,174,-1,176,177,178,-1,176,178,179,-1,179,178,180,-1,179,180,181,-1,181,180,182,-1,181,182,183,-1,183,182,184,-1,183,184,185,-1,184,186,185,-1,185,186,187,-1,185,187,188,-1,188,187,189,-1,188,189,190,-1,190,189,191,-1,190,191,192,-1,192,191,193,-1,192,193,194,-1,139,137,195,-1,195,137,194,-1,195,194,193,-1,143,145,194,-1,137,136,194,-1,194,136,140,-1,194,140,143,-1,151,153,148,-1,148,153,156,-1,148,156,146,-1,175,176,173,-1,173,176,179,-1,173,179,171,-1,171,179,181,-1,171,181,169,-1,169,181,183,-1,169,183,167,-1,167,183,185,-1,167,185,165,-1,145,146,194,-1,194,146,156,-1,194,156,192,-1,156,159,192,-1,192,159,162,-1,192,162,190,-1,190,162,165,-1,190,165,188,-1,188,165,185,-1,196,197,198,-1,198,197,199,-1,200,201,202,-1,202,201,196,-1,202,196,198,-1,203,201,204,-1,204,201,200,-1,205,206,207,-1,207,206,203,-1,207,203,204,-1,208,206,209,-1,209,206,205,-1,210,211,212,-1,212,211,208,-1,212,208,209,-1,213,211,214,-1,214,211,210,-1,215,216,217,-1,217,216,213,-1,217,213,214,-1,218,216,219,-1,219,216,215,-1,220,221,222,-1,222,221,218,-1,222,218,219,-1,223,221,224,-1,224,221,220,-1,199,197,225,-1,225,197,223,-1,225,223,224,-1,223,197,196,-1,196,201,223,-1,223,201,203,-1,223,203,221,-1,216,218,213,-1,213,218,221,-1,213,221,211,-1,211,221,203,-1,211,203,208,-1,208,203,206,-1,226,227,228,-1,228,227,229,-1,228,229,230,-1,230,229,231,-1,230,231,232,-1,232,231,233,-1,232,233,234,-1,234,233,235,-1,234,235,236,-1,236,235,237,-1,236,237,238,-1,237,239,238,-1,238,239,240,-1,238,240,241,-1,241,240,242,-1,241,242,243,-1,243,242,244,-1,243,244,245,-1,245,244,246,-1,245,246,247,-1,247,246,248,-1,247,248,249,-1,249,248,250,-1,249,250,251,-1,251,250,252,-1,251,252,253,-1,253,252,254,-1,253,254,255,-1,255,254,256,-1,255,256,257,-1,257,256,258,-1,257,258,259,-1,259,258,260,-1,259,260,226,-1,226,260,261,-1,226,261,227,-1,232,234,262,-1,262,234,263,-1,232,262,264,-1,232,264,230,-1,230,264,265,-1,230,265,228,-1,228,265,266,-1,228,266,226,-1,226,266,267,-1,226,267,259,-1,259,267,268,-1,259,268,257,-1,257,268,269,-1,257,269,255,-1,255,269,270,-1,255,270,253,-1,253,270,271,-1,253,271,251,-1,251,271,272,-1,251,272,249,-1,249,272,273,-1,249,273,247,-1,247,273,274,-1,247,274,245,-1,245,274,275,-1,245,275,243,-1,243,275,276,-1,243,276,241,-1,241,276,277,-1,241,277,238,-1,236,238,278,-1,278,238,277,-1,234,236,263,-1,263,236,278,-1,239,237,279,-1,279,237,280,-1,237,235,280,-1,280,235,281,-1,235,233,281,-1,281,233,282,-1,261,283,284,-1,261,284,227,-1,227,284,285,-1,227,285,229,-1,229,285,286,-1,229,286,231,-1,231,286,282,-1,231,282,233,-1,254,287,288,-1,254,288,256,-1,256,288,289,-1,256,289,258,-1,258,289,290,-1,258,290,260,-1,260,290,283,-1,260,283,261,-1,246,291,292,-1,246,292,248,-1,248,292,293,-1,248,293,250,-1,250,293,294,-1,250,294,252,-1,252,294,287,-1,252,287,254,-1,239,279,295,-1,239,295,240,-1,240,295,296,-1,240,296,242,-1,242,296,297,-1,242,297,244,-1,244,297,291,-1,244,291,246,-1,
        ]
    }
}
Shape{
    appearance Appearance {
        material  Material 	{
            diffuseColor 0.7529411764705882 0.7529411764705882 0.7529411764705882
            specularColor 0.3764705882352941 0.3764705882352941 0.3764705882352941
            ambientIntensity 0.7529
            transparency 0.0
            shininess 0.5
        }
    }
    geometry IndexedFaceSet {
        ccw TRUE
        solid FALSE
        coord DEF co Coordinate {
            point [
                0.3935 -0.5994 1.122, 0.3986 -0.5959 1.122, 0.3768 -0.5416 1.122, 0.3642 -0.5416 1.122, 0.3642 -0.6033 1.122, 0.3763 -0.5416 1.122, 0.3758 -0.6033 1.122, 0.3868 -0.602 1.122, 0.3996 -0.595 1.122, 0.4035 -0.5902 1.122, 0.4063 -0.5843 1.122, 0.4082 -0.5717 1.122, 0.3994 -0.5491 1.122, 0.394 -0.5455 1.122, 0.407 -0.5617 1.122, 0.4047 -0.5558 1.122, 0.4016 -0.5514 1.122, 0.4079 -0.577 1.122, 0.3872 -0.5429 1.122
            ]
        }
        coordIndex [
            0,1,2,-1,3,4,5,-1,5,4,6,-1,5,6,2,-1,2,6,7,-1,2,7,0,-1,1,8,2,-1,2,8,9,-1,2,9,10,-1,11,12,13,-1,14,15,11,-1,11,15,16,-1,11,16,12,-1,10,17,2,-1,2,17,11,-1,2,11,18,-1,18,11,13,-1,
        ]
    }
}
Shape{
    appearance Appearance {
        material  Material 	{
            diffuseColor 0.0 0.0 0.0
            specularColor 0.0 0.0 0.0
            ambientIntensity 0.0
            transparency 0.0
            shininess 0.5
        }
    }
    geometry IndexedFaceSet {
        ccw TRUE
        solid FALSE
        coord DEF co Coordinate {
            point [
                0.4459 -0.5815 1.126, 0.4426 -0.5905 1.126, 0.4727 -0.5815 1.126, 0.4759 -0.5905 1.126, 0.4578 -0.5482 1.126, 0.454 -0.5324 1.126, 0.4235 -0.6124 1.126, 0.4349 -0.6124 1.126, 0.4585 -0.5458 1.126, 0.4591 -0.5426 1.126, 0.465 -0.5324 1.126, 0.4594 -0.5426 1.126, 0.46 -0.546 1.126, 0.4606 -0.5482 1.126, 0.4955 -0.6124 1.126, 0.4841 -0.6124 1.126, 0.465 -0.5324 1.122, 0.4955 -0.6124 1.122, 0.454 -0.5324 1.122, 0.4235 -0.6124 1.122, 0.4349 -0.6124 1.122, 0.4426 -0.5905 1.122, 0.4759 -0.5905 1.122, 0.4841 -0.6124 1.122, 0.4459 -0.5815 1.122, 0.4727 -0.5815 1.122, 0.4606 -0.5482 1.122, 0.4594 -0.5426 1.122, 0.46 -0.546 1.122, 0.4591 -0.5426 1.122, 0.4578 -0.5482 1.122, 0.4585 -0.5458 1.122
            ]
        }
        coordIndex [
            0,1,2,-1,2,1,3,-1,4,5,0,-1,0,5,6,-1,0,6,1,-1,1,6,7,-1,4,8,5,-1,5,8,9,-1,5,9,10,-1,10,9,11,-1,10,11,12,-1,12,13,10,-1,10,13,2,-1,10,2,14,-1,14,2,3,-1,14,3,15,-1,10,14,16,-1,16,14,17,-1,5,10,18,-1,18,10,16,-1,6,5,19,-1,19,5,18,-1,7,6,20,-1,20,6,19,-1,1,7,21,-1,21,7,20,-1,3,1,22,-1,22,1,21,-1,15,3,23,-1,23,3,22,-1,14,15,17,-1,17,15,23,-1,0,2,24,-1,24,2,25,-1,2,13,25,-1,25,13,26,-1,11,27,28,-1,11,28,12,-1,12,28,26,-1,12,26,13,-1,11,9,27,-1,27,9,29,-1,4,30,31,-1,4,31,8,-1,8,31,29,-1,8,29,9,-1,4,0,30,-1,30,0,24,-1,
        ]
    }
}
Shape{
    appearance Appearance {
        material  Material 	{
            diffuseColor 0.7529411764705882 0.7529411764705882 0.7529411764705882
            specularColor 0.3764705882352941 0.3764705882352941 0.3764705882352941
            ambientIntensity 0.7529
            transparency 0.0
            shininess 0.5
        }
    }
    geometry IndexedFaceSet {
        ccw TRUE
        solid FALSE
        coord DEF co Coordinate {
            point [
                0.4594 -0.5426 1.122, 0.4591 -0.5426 1.122, 0.46 -0.546 1.122, 0.4585 -0.5458 1.122, 0.4606 -0.5482 1.122, 0.4578 -0.5482 1.122, 0.4727 -0.5815 1.122, 0.4459 -0.5815 1.122
            ]
        }
        coordIndex [
            0,1,2,-1,2,1,3,-1,2,3,4,-1,4,3,5,-1,4,5,6,-1,6,5,7,-1,
        ]
    }
}
Shape{
    appearance Appearance {
        material  Material 	{
            diffuseColor 0.0 0.0 0.0
            specularColor 0.0 0.0 0.0
            ambientIntensity 0.0
            transparency 0.0
            shininess 0.5
        }
    }
    geometry IndexedFaceSet {
        ccw TRUE
        solid FALSE
        coord DEF co Coordinate {
            point [
                -0.2797 -0.6238 1.126, -0.2712 -0.6343 1.126, -0.2849 -0.5734 1.126, -0.2948 -0.4745 1.126, -0.2821 -0.4678 1.126, -0.2851 -0.4328 1.126, -0.2496 -0.4311 1.126, -0.2319 -0.4727 1.126, -0.2232 -0.4547 1.126, -0.1744 -0.5934 1.126, -0.1744 -0.5877 1.126, -0.2225 -0.5738 1.126, -0.2279 -0.5721 1.126, -0.2973 -0.5658 1.126, -0.2926 -0.6094 1.126, -0.2854 -0.6116 1.126, -0.2627 -0.43 1.126, -0.214 -0.5808 1.126, -0.2114 -0.5854 1.126, -0.1747 -0.5993 1.126, -0.0947 -0.5456 1.126, -0.1124 -0.5154 1.126, -0.1886 -0.5552 1.126, -0.2319 -0.5717 1.126, -0.2374 -0.5724 1.126, -0.2449 -0.5375 1.126, -0.2424 -0.5744 1.126, -0.2575 -0.5424 1.126, -0.2469 -0.5776 1.126, -0.2692 -0.5504 1.126, -0.2492 -0.58 1.126, -0.2786 -0.5612 1.126, -0.2521 -0.5848 1.126, -0.2538 -0.5901 1.126, -0.254 -0.5957 1.126, -0.2107 -0.5397 1.126, -0.2244 -0.5363 1.126, -0.2313 -0.5359 1.126, -0.2178 -0.5768 1.126, -0.0759 -0.4892 1.126, -0.0714 -0.4892 1.126, -0.048 -0.4585 1.126, -0.0605 -0.4905 1.126, -0.0452 -0.4594 1.126, -0.0506 -0.4944 1.126, -0.0283 -0.4678 1.126, -0.0129 -0.4809 1.126, -0.2379 -0.4175 1.126, -0.2104 -0.4394 1.126, -0.2245 -0.4061 1.126, -0.1952 -0.4283 1.126, -0.2089 -0.3966 1.126, -0.268 -0.4645 1.126, -0.2621 -0.4641 1.126, -0.2561 -0.4303 1.126, -0.2487 -0.4658 1.126, -0.236 -0.4705 1.126, -0.1986 -0.5462 1.126, -0.0127 -0.5871 1.126, -0.0393 -0.5645 1.126, -0.0282 -0.6002 1.126, -0.0477 -0.5714 1.126, -0.0456 -0.6087 1.126, -0.0577 -0.576 1.126, -0.0645 -0.6127 1.126, -0.068 -0.578 1.126, -0.0981 -0.6127 1.126, -0.0936 -0.578 1.126, -0.1013 -0.6122 1.126, -0.253 -0.601 1.126, -0.2507 -0.6058 1.126, -0.0418 -0.5005 1.126, -0.0352 -0.5078 1.126, -0.0012 -0.4971 1.126, -0.0299 -0.5177 1.126, 0.0057 -0.5144 1.126, -0.0272 -0.5286 1.126, 0.0083 -0.533 1.126, -0.027 -0.5336 1.126, 0.0057 -0.5533 1.126, -0.0283 -0.5447 1.126, -0.0014 -0.5714 1.126, -0.0323 -0.5548 1.126, -0.0385 -0.5637 1.126, -0.0788 -0.4135 1.126, -0.101 -0.4396 1.126, -0.0594 -0.436 1.126, -0.0882 -0.455 1.126, -0.0794 -0.4733 1.126, -0.3173 -0.5073 1.126, -0.3547 -0.5167 1.126, -0.319 -0.5211 1.126, -0.3549 -0.5222 1.126, -0.3183 -0.5299 1.126, -0.3521 -0.5445 1.126, -0.3142 -0.5438 1.126, -0.344 -0.5657 1.126, -0.3075 -0.5553 1.126, -0.331 -0.5843 1.126, -0.3132 -0.5994 1.126, -0.21 -0.5906 1.126, -0.2098 -0.5961 1.126, -0.1781 -0.6134 1.126, -0.2111 -0.6016 1.126, -0.1848 -0.626 1.126, -0.2136 -0.6065 1.126, -0.1935 -0.6358 1.126, -0.2171 -0.6104 1.126, -0.2049 -0.6437 1.126, -0.2214 -0.6135 1.126, -0.2176 -0.6486 1.126, -0.2263 -0.6154 1.126, -0.2313 -0.6503 1.126, -0.2319 -0.6161 1.126, -0.2335 -0.6503 1.126, -0.2329 -0.6161 1.126, -0.247 -0.6482 1.126, -0.238 -0.6153 1.126, -0.2601 -0.6426 1.126, -0.2431 -0.6131 1.126, -0.2475 -0.6097 1.126, -0.1826 -0.3869 1.126, -0.1766 -0.4207 1.126, -0.1562 -0.3839 1.126, -0.1556 -0.418 1.126, -0.1299 -0.387 1.126, -0.1363 -0.4204 1.126, -0.1016 -0.3977 1.126, -0.1185 -0.4272 1.126, -0.1025 -0.4383 1.126, -0.3062 -0.4409 1.126, -0.3243 -0.4537 1.126, -0.3045 -0.4833 1.126, -0.3281 -0.4573 1.126, -0.3124 -0.4946 1.126, -0.3418 -0.4749 1.126, -0.3509 -0.4953 1.126, -0.0964 -0.5775 1.126, -0.1101 -0.6068 1.126, -0.1088 -0.6081 1.126, -0.0947 -0.5779 1.126, -0.1051 -0.6107 1.126, -0.1146 -0.5951 1.126, -0.1141 -0.5993 1.126, -0.1126 -0.6032 1.126, -0.1014 -0.578 1.126, -0.1053 -0.5795 1.126, -0.1145 -0.5928 1.126, -0.1088 -0.582 1.126, -0.1112 -0.5846 1.126, -0.1134 -0.5885 1.126, -0.097 -0.5774 1.126, 0.0083 -0.533 1.122, 0.0057 -0.5144 1.122, 0.0038 -0.5096 1.122, -0.0012 -0.4971 1.122, -0.0129 -0.4809 1.122, -0.0283 -0.4678 1.122, -0.0452 -0.4594 1.122, -0.048 -0.4585 1.122, -0.0594 -0.436 1.122, -0.0788 -0.4135 1.122, -0.0915 -0.4047 1.122, -0.1016 -0.3977 1.122, -0.1299 -0.387 1.122, -0.1562 -0.3839 1.122, -0.1826 -0.3869 1.122, -0.2089 -0.3966 1.122, -0.2222 -0.4047 1.122, -0.2245 -0.4061 1.122, -0.2379 -0.4175 1.122, -0.2496 -0.4311 1.122, -0.2561 -0.4303 1.122, -0.2627 -0.43 1.122, -0.2851 -0.4328 1.122, -0.3062 -0.4409 1.122, -0.3243 -0.4537 1.122, -0.3281 -0.4573 1.122, -0.3509 -0.4953 1.122, -0.3418 -0.4749 1.122, -0.3534 -0.5096 1.122, -0.3547 -0.5167 1.122, -0.3549 -0.5222 1.122, -0.3521 -0.5445 1.122, -0.344 -0.5657 1.122, -0.331 -0.5843 1.122, -0.3132 -0.5994 1.122, -0.2926 -0.6094 1.122, -0.2854 -0.6116 1.122, -0.2847 -0.6131 1.122, -0.2797 -0.6238 1.122, -0.2712 -0.6343 1.122, -0.2601 -0.6426 1.122, -0.2549 -0.6448 1.122, -0.247 -0.6482 1.122, -0.2335 -0.6503 1.122, -0.2313 -0.6503 1.122, -0.1744 -0.5934 1.122, -0.2176 -0.6486 1.122, -0.2078 -0.6448 1.122, -0.2049 -0.6437 1.122, -0.1935 -0.6358 1.122, -0.1848 -0.626 1.122, -0.1781 -0.6134 1.122, -0.178 -0.6131 1.122, -0.1747 -0.5993 1.122, -0.1744 -0.5877 1.122, -0.0947 -0.5456 1.122, -0.1124 -0.5154 1.122, -0.1886 -0.5552 1.122, -0.1986 -0.5462 1.122, -0.2107 -0.5397 1.122, -0.2244 -0.5363 1.122, -0.2313 -0.5359 1.122, -0.2449 -0.5375 1.122, -0.2575 -0.5424 1.122, -0.2692 -0.5504 1.122, -0.2786 -0.5612 1.122, -0.2849 -0.5734 1.122, -0.2973 -0.5658 1.122, -0.3075 -0.5553 1.122, -0.3142 -0.5438 1.122, -0.3183 -0.5299 1.122, -0.319 -0.5211 1.122, -0.3176 -0.5096 1.122, -0.3173 -0.5073 1.122, -0.3124 -0.4946 1.122, -0.3045 -0.4833 1.122, -0.2948 -0.4745 1.122, -0.2821 -0.4678 1.122, -0.268 -0.4645 1.122, -0.2621 -0.4641 1.122, -0.2487 -0.4658 1.122, -0.236 -0.4705 1.122, -0.2319 -0.4727 1.122, -0.2232 -0.4547 1.122, -0.2104 -0.4394 1.122, -0.1952 -0.4283 1.122, -0.1766 -0.4207 1.122, -0.1556 -0.418 1.122, -0.1363 -0.4204 1.122, -0.1185 -0.4272 1.122, -0.1025 -0.4383 1.122, -0.101 -0.4396 1.122, -0.0882 -0.455 1.122, -0.0794 -0.4733 1.122, -0.0759 -0.4892 1.122, -0.0714 -0.4892 1.122, -0.0605 -0.4905 1.122, -0.0506 -0.4944 1.122, -0.0418 -0.5005 1.122, -0.0352 -0.5078 1.122, -0.0343 -0.5096 1.122, -0.0299 -0.5177 1.122, -0.0272 -0.5286 1.122, -0.027 -0.5336 1.122, -0.0283 -0.5447 1.122, -0.0323 -0.5548 1.122, -0.0385 -0.5637 1.122, -0.0393 -0.5645 1.122, -0.0477 -0.5714 1.122, -0.0577 -0.576 1.122, -0.068 -0.578 1.122, -0.0936 -0.578 1.122, -0.0947 -0.5779 1.122, -0.0964 -0.5775 1.122, -0.097 -0.5774 1.122, -0.1014 -0.578 1.122, -0.1053 -0.5795 1.122, -0.1088 -0.582 1.122, -0.1112 -0.5846 1.122, -0.1134 -0.5885 1.122, -0.1145 -0.5928 1.122, -0.1146 -0.5951 1.122, -0.1141 -0.5993 1.122, -0.1126 -0.6032 1.122, -0.1101 -0.6068 1.122, -0.1088 -0.6081 1.122, -0.1051 -0.6107 1.122, -0.1013 -0.6122 1.122, -0.0981 -0.6127 1.122, -0.0645 -0.6127 1.122, -0.0456 -0.6087 1.122, -0.0282 -0.6002 1.122, -0.0127 -0.5871 1.122, -0.0014 -0.5714 1.122, 0.0057 -0.5533 1.122, -0.2319 -0.5717 1.122, -0.2279 -0.5721 1.122, -0.2225 -0.5738 1.122, -0.2178 -0.5768 1.122, -0.214 -0.5808 1.122, -0.2114 -0.5854 1.122, -0.21 -0.5906 1.122, -0.2098 -0.5961 1.122, -0.2111 -0.6016 1.122, -0.2136 -0.6065 1.122, -0.2171 -0.6104 1.122, -0.2214 -0.6135 1.122, -0.2263 -0.6154 1.122, -0.2319 -0.6161 1.122, -0.2329 -0.6161 1.122, -0.238 -0.6153 1.122, -0.2431 -0.6131 1.122, -0.2475 -0.6097 1.122, -0.2507 -0.6058 1.122, -0.253 -0.601 1.122, -0.254 -0.5957 1.122, -0.2538 -0.5901 1.122, -0.2521 -0.5848 1.122, -0.2492 -0.58 1.122, -0.2469 -0.5776 1.122, -0.2424 -0.5744 1.122, -0.2374 -0.5724 1.122
            ]
        }
        coordIndex [
            0,1,2,-1,3,4,5,-1,6,7,8,-1,9,10,11,-1,11,10,12,-1,13,14,2,-1,2,14,15,-1,2,15,0,-1,5,4,16,-1,17,18,19,-1,20,21,10,-1,10,21,22,-1,10,22,12,-1,12,22,23,-1,24,25,26,-1,26,25,27,-1,26,27,28,-1,28,27,29,-1,28,29,30,-1,30,29,31,-1,30,31,32,-1,32,31,2,-1,32,2,33,-1,33,2,34,-1,35,36,24,-1,24,36,37,-1,24,37,25,-1,9,11,19,-1,19,11,38,-1,19,38,17,-1,39,40,41,-1,41,40,42,-1,41,42,43,-1,43,42,44,-1,43,44,45,-1,45,44,46,-1,6,8,47,-1,47,8,48,-1,47,48,49,-1,49,48,50,-1,49,50,51,-1,4,52,16,-1,16,52,53,-1,16,53,54,-1,54,53,55,-1,54,55,6,-1,6,55,56,-1,6,56,7,-1,23,22,24,-1,24,22,57,-1,24,57,35,-1,58,59,60,-1,60,59,61,-1,60,61,62,-1,62,61,63,-1,62,63,64,-1,64,63,65,-1,64,65,66,-1,66,65,67,-1,66,67,68,-1,34,2,69,-1,69,2,1,-1,69,1,70,-1,44,71,46,-1,46,71,72,-1,46,72,73,-1,73,72,74,-1,73,74,75,-1,75,74,76,-1,75,76,77,-1,77,76,78,-1,77,78,79,-1,79,78,80,-1,79,80,81,-1,81,80,82,-1,81,82,58,-1,58,82,83,-1,58,83,59,-1,84,85,86,-1,86,85,87,-1,86,87,41,-1,41,87,88,-1,41,88,39,-1,89,90,91,-1,91,90,92,-1,91,92,93,-1,93,92,94,-1,93,94,95,-1,95,94,96,-1,95,96,97,-1,97,96,98,-1,97,98,13,-1,13,98,99,-1,13,99,14,-1,18,100,19,-1,19,100,101,-1,19,101,102,-1,102,101,103,-1,102,103,104,-1,104,103,105,-1,104,105,106,-1,106,105,107,-1,106,107,108,-1,108,107,109,-1,108,109,110,-1,110,109,111,-1,110,111,112,-1,112,111,113,-1,112,113,114,-1,114,113,115,-1,114,115,116,-1,116,115,117,-1,116,117,118,-1,118,117,119,-1,118,119,1,-1,1,119,120,-1,1,120,70,-1,51,50,121,-1,121,50,122,-1,121,122,123,-1,123,122,124,-1,123,124,125,-1,125,124,126,-1,125,126,127,-1,127,126,128,-1,127,128,84,-1,84,128,129,-1,84,129,85,-1,5,130,3,-1,3,130,131,-1,3,131,132,-1,132,131,133,-1,132,133,134,-1,134,133,135,-1,134,135,89,-1,89,135,136,-1,89,136,90,-1,137,138,139,-1,67,140,68,-1,68,140,137,-1,68,137,141,-1,141,137,139,-1,142,143,137,-1,137,143,144,-1,137,144,138,-1,145,146,147,-1,146,148,147,-1,147,148,149,-1,147,149,150,-1,142,137,147,-1,147,137,151,-1,147,151,145,-1,77,152,153,-1,77,153,75,-1,75,153,154,-1,75,154,73,-1,154,155,73,-1,73,155,156,-1,73,156,46,-1,46,156,157,-1,46,157,45,-1,45,157,158,-1,45,158,43,-1,43,158,159,-1,43,159,41,-1,41,159,160,-1,41,160,86,-1,86,160,161,-1,86,161,84,-1,127,84,162,-1,162,84,161,-1,162,163,127,-1,127,163,164,-1,127,164,125,-1,125,164,165,-1,125,165,123,-1,123,165,166,-1,123,166,121,-1,121,166,167,-1,121,167,51,-1,51,167,49,-1,49,167,168,-1,49,168,169,-1,49,169,170,-1,49,170,47,-1,47,170,171,-1,47,171,6,-1,6,171,172,-1,6,172,54,-1,54,172,173,-1,54,173,16,-1,16,173,174,-1,16,174,5,-1,5,174,175,-1,5,175,130,-1,130,175,176,-1,130,176,131,-1,131,176,177,-1,131,177,133,-1,178,135,179,-1,179,135,133,-1,179,133,177,-1,180,90,178,-1,178,90,136,-1,178,136,135,-1,180,181,90,-1,90,181,182,-1,90,182,92,-1,92,182,183,-1,92,183,94,-1,94,183,184,-1,94,184,96,-1,96,184,185,-1,96,185,98,-1,98,185,186,-1,98,186,99,-1,99,186,187,-1,99,187,14,-1,14,187,188,-1,14,188,15,-1,15,188,189,-1,15,189,0,-1,189,190,0,-1,0,190,191,-1,0,191,1,-1,1,191,192,-1,1,192,118,-1,118,192,193,-1,118,193,116,-1,193,194,116,-1,116,194,195,-1,116,195,114,-1,114,195,196,-1,114,196,112,-1,197,9,19,-1,112,196,198,-1,199,108,198,-1,198,108,110,-1,198,110,112,-1,199,200,108,-1,108,200,201,-1,108,201,106,-1,106,201,202,-1,106,202,104,-1,104,202,203,-1,104,203,102,-1,102,203,204,-1,102,204,19,-1,19,204,205,-1,19,205,197,-1,10,9,206,-1,206,9,197,-1,20,10,207,-1,207,10,206,-1,21,20,208,-1,208,20,207,-1,22,21,209,-1,209,21,208,-1,22,209,210,-1,22,210,57,-1,57,210,211,-1,57,211,35,-1,35,211,212,-1,35,212,36,-1,36,212,213,-1,36,213,37,-1,37,213,214,-1,37,214,25,-1,25,214,215,-1,25,215,27,-1,27,215,216,-1,27,216,29,-1,29,216,217,-1,29,217,31,-1,31,217,218,-1,31,218,2,-1,2,218,219,-1,2,219,13,-1,13,219,220,-1,13,220,97,-1,97,220,221,-1,97,221,95,-1,95,221,222,-1,95,222,93,-1,93,222,223,-1,93,223,91,-1,91,223,89,-1,89,223,224,-1,224,225,89,-1,89,225,226,-1,89,226,134,-1,134,226,227,-1,134,227,132,-1,132,227,228,-1,132,228,3,-1,3,228,229,-1,3,229,4,-1,4,229,230,-1,4,230,52,-1,52,230,231,-1,52,231,53,-1,53,231,232,-1,53,232,55,-1,55,232,233,-1,55,233,56,-1,56,233,234,-1,56,234,7,-1,7,234,235,-1,7,235,8,-1,8,235,236,-1,8,236,48,-1,48,236,237,-1,48,237,50,-1,50,237,238,-1,50,238,122,-1,122,238,239,-1,122,239,124,-1,124,239,240,-1,124,240,126,-1,126,240,241,-1,126,241,128,-1,128,241,242,-1,128,242,129,-1,129,242,243,-1,129,243,85,-1,85,243,244,-1,85,244,87,-1,87,244,245,-1,87,245,88,-1,88,245,246,-1,88,246,39,-1,40,39,247,-1,247,39,246,-1,40,247,248,-1,40,248,42,-1,42,248,249,-1,42,249,44,-1,44,249,250,-1,44,250,71,-1,71,250,251,-1,71,251,72,-1,72,251,252,-1,72,252,74,-1,252,253,74,-1,74,253,254,-1,74,254,76,-1,76,254,255,-1,76,255,78,-1,78,255,256,-1,78,256,80,-1,80,256,257,-1,80,257,82,-1,82,257,258,-1,82,258,83,-1,83,258,259,-1,83,259,59,-1,59,259,260,-1,59,260,61,-1,61,260,261,-1,61,261,63,-1,63,261,262,-1,63,262,65,-1,67,65,263,-1,263,65,262,-1,67,263,264,-1,67,264,140,-1,140,264,265,-1,140,265,137,-1,137,265,266,-1,137,266,151,-1,151,266,267,-1,151,267,145,-1,145,267,268,-1,145,268,146,-1,146,268,269,-1,146,269,148,-1,148,269,270,-1,148,270,149,-1,149,270,271,-1,149,271,150,-1,150,271,272,-1,150,272,147,-1,147,272,273,-1,147,273,142,-1,142,273,274,-1,142,274,143,-1,143,274,275,-1,143,275,144,-1,144,275,276,-1,144,276,138,-1,138,276,277,-1,138,277,139,-1,139,277,278,-1,139,278,141,-1,141,278,279,-1,141,279,68,-1,68,279,280,-1,68,280,66,-1,64,66,281,-1,281,66,280,-1,64,281,282,-1,64,282,62,-1,62,282,283,-1,62,283,60,-1,60,283,284,-1,60,284,58,-1,58,284,285,-1,58,285,81,-1,81,285,286,-1,81,286,79,-1,79,286,152,-1,79,152,77,-1,23,287,288,-1,23,288,12,-1,12,288,289,-1,12,289,11,-1,11,289,290,-1,11,290,38,-1,38,290,291,-1,38,291,17,-1,17,291,292,-1,17,292,18,-1,18,292,293,-1,18,293,100,-1,100,293,294,-1,100,294,101,-1,101,294,295,-1,101,295,103,-1,103,295,296,-1,103,296,105,-1,105,296,297,-1,105,297,107,-1,107,297,298,-1,107,298,109,-1,109,298,299,-1,109,299,111,-1,111,299,300,-1,111,300,113,-1,113,300,301,-1,113,301,115,-1,115,301,302,-1,115,302,117,-1,117,302,303,-1,117,303,119,-1,119,303,304,-1,119,304,120,-1,120,304,305,-1,120,305,70,-1,70,305,306,-1,70,306,69,-1,69,306,307,-1,69,307,34,-1,34,307,308,-1,34,308,33,-1,33,308,309,-1,33,309,32,-1,32,309,310,-1,32,310,30,-1,30,310,311,-1,30,311,28,-1,28,311,312,-1,28,312,26,-1,26,312,313,-1,26,313,24,-1,24,313,287,-1,24,287,23,-1,
        ]
    }
}
Shape{
    appearance Appearance {
        material  Material 	{
            diffuseColor 0.7529411764705882 0.7529411764705882 0.7529411764705882
            specularColor 0.3764705882352941 0.3764705882352941 0.3764705882352941
            ambientIntensity 0.7529
            transparency 0.0
            shininess 0.5
        }
    }
    geometry IndexedFaceSet {
        ccw TRUE
        solid FALSE
        coord DEF co Coordinate {
            point [
                -0.2329 -0.6161 1.122, -0.2469 -0.5776 1.122, -0.2492 -0.58 1.122, -0.2263 -0.6154 1.122, -0.2214 -0.6135 1.122, -0.2279 -0.5721 1.122, -0.2319 -0.5717 1.122, -0.2374 -0.5724 1.122, -0.2424 -0.5744 1.122, -0.253 -0.601 1.122, -0.2507 -0.6058 1.122, -0.2475 -0.6097 1.122, -0.2319 -0.6161 1.122, -0.2114 -0.5854 1.122, -0.214 -0.5808 1.122, -0.2136 -0.6065 1.122, -0.2178 -0.5768 1.122, -0.2521 -0.5848 1.122, -0.2538 -0.5901 1.122, -0.254 -0.5957 1.122, -0.2431 -0.6131 1.122, -0.238 -0.6153 1.122, -0.2171 -0.6104 1.122, -0.2225 -0.5738 1.122, -0.2111 -0.6016 1.122, -0.2098 -0.5961 1.122, -0.21 -0.5906 1.122
            ]
        }
        coordIndex [
            0,1,2,-1,3,4,5,-1,6,7,0,-1,0,7,8,-1,0,8,1,-1,9,10,2,-1,2,10,11,-1,6,0,5,-1,5,0,12,-1,5,12,3,-1,13,14,15,-1,15,14,16,-1,17,18,2,-1,2,18,19,-1,2,19,9,-1,11,20,2,-1,2,20,21,-1,2,21,0,-1,4,22,5,-1,5,22,15,-1,5,15,23,-1,23,15,16,-1,24,25,15,-1,15,25,26,-1,15,26,13,-1,
        ]
    }
}